Num	X	Y	Z	Real_Index	Real_Index_Top	Real_Index_Bot_Thick	Oil_GRV_10_6	spill_Z	top_Z	OWC_depth	OWC_area_10_6	nb_Connected	GRV_density__m_	Hc_column__m_	Oil_GRV_quantile	OWC_Base_Area_10_6
        1.00000	   395720.31806	  7159352.47112	      990.57928	         .00000	         .00000	         .00000	      104.44463	      990.57928	      949.99261	      990.57928	        6.70188	        1.00000	       15.58439	       40.58667	       73.00000	        3.51000
        2.00000	   395846.38740	  7159425.65937	      984.03906	        1.00000	        1.00000	        1.00000	       68.33327	      984.03906	      950.99329	      984.03906	        5.15938	        1.00000	       13.24448	       33.04578	       20.00000	        3.24813
        3.00000	   395794.94946	  7159326.39136	      985.98395	        2.00000	        2.00000	        2.00000	       62.89583	      985.98395	      947.91071	      985.98395	        4.94812	        1.00000	       12.71104	       38.07324	       15.50000	        2.29312
        4.00000	   395721.03963	  7159402.46591	      991.87573	        3.00000	        3.00000	        3.00000	       79.26017	      991.87573	      942.91193	      991.87573	        5.41500	        1.00000	       14.63715	       48.96381	       32.50000	        3.78312
        5.00000	   394344.48197	  7157572.14108	      996.64435	        4.00000	        4.00000	        4.00000	      128.36824	      996.64435	      944.85858	      996.64435	        7.77688	        1.00000	       16.50640	       51.78577	       96.50000	        4.02250
        6.00000	   395719.95727	  7159327.47372	      987.54742	        5.00000	        5.00000	        5.00000	       86.93113	      987.54742	      950.94189	      987.54742	        5.70813	        1.00000	       15.22937	       36.60553	       45.00000	        3.46250
        7.00000	   395694.95988	  7159327.83451	      993.57971	        6.00000	        6.00000	        6.00000	       78.35999	      993.57971	      951.34204	      993.57971	        5.47125	        1.00000	       14.32214	       42.23767	       31.50000	        2.66875
        8.00000	   395871.38480	  7159425.29859	      987.84381	        7.00000	        7.00000	        7.00000	      101.64483	      987.84381	      939.97577	      987.84381	        7.08750	        1.00000	       14.34142	       47.86804	       71.50000	        4.25938
        9.00000	   395769.95207	  7159326.75215	      984.17371	        8.00000	        8.00000	        8.00000	       82.04396	      984.17371	      948.12750	      984.17371	        5.96938	        1.00000	       13.74415	       36.04620	       37.00000	        3.87500
       10.00000	   395694.59909	  7159302.83711	      990.49902	        9.00000	        9.00000	        9.00000	       85.89178	      990.49902	      952.26709	      990.49902	        5.64625	        1.00000	       15.21218	       38.23193	       43.00000	        3.46937
       11.00000	   395644.60430	  7159303.55869	      990.14520	       10.00000	       10.00000	       10.00000	      104.05347	      990.14520	      947.71259	      990.14520	        6.11938	        1.00000	       17.00394	       42.43262	       72.50000	        3.61313
       12.00000	   395771.03443	  7159401.74434	      984.52460	       11.00000	       11.00000	       11.00000	       91.78308	      984.52460	      952.88226	      984.52460	        5.99125	        1.00000	       15.31952	       31.64233	       51.50000	        5.91813
       13.00000	   395546.16094	  7157679.81028	      989.72516	       12.00000	       12.00000	       12.00000	       74.08781	      989.72516	      946.34052	      989.72516	        5.56563	        1.00000	       13.31168	       43.38464	       25.00000	        2.91313
       14.00000	   394168.41784	  7157499.67440	      989.50201	       13.00000	       13.00000	       13.00000	       83.65609	      989.50201	      952.80444	      989.50201	        6.12625	        1.00000	       13.65535	       36.69757	       38.50000	        3.52938
       15.00000	   395721.03963	  7159402.46591	      989.97449	       14.00000	       14.00000	       14.00000	      100.84378	      989.97449	      947.82477	      989.97449	        7.05750	        1.00000	       14.28888	       42.14972	       69.00000	        4.57438
       16.00000	   395395.81578	  7157656.97760	      985.95825	       15.00000	       15.00000	       15.00000	      100.42609	      985.95825	      947.73444	      985.95825	        6.79750	        1.00000	       14.77397	       38.22382	       68.50000	        5.18563
       17.00000	   394668.62347	  7159242.63720	      973.39435	       16.00000	       16.00000	       16.00000	       39.09682	      973.39435	      948.47095	      973.39435	        3.12125	        1.00000	       12.52601	       24.92340	         .50000	        3.74187
       18.00000	   395644.60430	  7159303.55869	      986.82300	       17.00000	       17.00000	       17.00000	       52.55202	      986.82300	      949.82648	      986.82300	        4.95813	        1.00000	       10.59917	       36.99652	        4.50000	        2.48125
       19.00000	   392109.97243	  7156929.32143	      984.52917	       18.00000	       18.00000	       18.00000	       81.72146	      984.52917	      950.19604	      984.52917	        5.46812	        1.00000	       14.94506	       34.33313	       36.00000	        3.80188
       20.00000	   395619.60690	  7159303.91948	      989.61310	       19.00000	       19.00000	       19.00000	       93.71960	      989.61310	      951.32056	      989.61310	        6.05125	        1.00000	       15.48764	       38.29254	       56.00000	        3.51312
       21.00000	   395820.66843	  7159376.02537	      994.20886	       20.00000	       20.00000	       20.00000	      150.81422	      994.20886	      948.26166	      994.20886	        8.23625	        1.00000	       18.31103	       45.94720	       99.50000	        5.05937
       22.00000	   395593.16635	  7159204.29068	      990.94330	       21.00000	       21.00000	       21.00000	       84.83715	      990.94330	      941.35370	      990.94330	        5.19375	        1.00000	       16.33447	       49.58960	       39.50000	        3.16875
       23.00000	   394168.77862	  7157524.67179	      993.52875	       22.00000	       22.00000	       22.00000	      112.01975	      993.52875	      944.62292	      993.52875	        7.49937	        1.00000	       14.93721	       48.90582	       85.00000	        3.98187
       24.00000	   395720.67885	  7159377.46852	      987.41797	       23.00000	       23.00000	       23.00000	       81.12389	      987.41797	      952.47717	      987.41797	        6.11125	        1.00000	       13.27452	       34.94080	       35.50000	        4.59688
       25.00000	   395330.56484	  7158332.98967	      993.69159	       24.00000	       24.00000	       24.00000	       94.82478	      993.69159	      943.71301	      993.69159	        5.82500	        1.00000	       16.27893	       49.97858	       57.50000	        3.45250
       26.00000	   395771.75600	  7159451.73913	      987.49945	       25.00000	       25.00000	       25.00000	      108.39377	      987.49945	      951.71136	      987.49945	        6.84312	        1.00000	       15.83981	       35.78809	       79.00000	        5.51125
       27.00000	   395720.31806	  7159352.47112	      989.27435	       26.00000	       26.00000	       26.00000	       80.85321	      989.27435	      948.84094	      989.27435	        5.83875	        1.00000	       13.84769	       40.43341	       35.00000	        3.61625
       28.00000	   395643.52194	  7159228.56650	      984.55231	       27.00000	       27.00000	       27.00000	       91.56301	      984.55231	      950.85876	      984.55231	        6.42312	        1.00000	       14.25521	       33.69354	       50.50000	        6.13438
       29.00000	   395569.25132	  7159279.64365	      985.66425	       28.00000	       28.00000	       28.00000	       55.44323	      985.66425	      952.13513	      985.66425	        4.26188	        1.00000	       13.00912	       33.52911	        9.00000	        2.45563
       30.00000	   395796.03182	  7159401.38355	      988.23669	       29.00000	       29.00000	       29.00000	       72.17999	      988.23669	      949.95789	      988.23669	        5.44000	        1.00000	       13.26838	       38.27881	       22.50000	        3.72813
       31.00000	   392159.96722	  7156928.59985	      991.82788	       30.00000	       30.00000	       30.00000	       92.19437	      991.82788	      952.58582	      991.82788	        6.00688	        1.00000	       15.34814	       39.24207	       53.00000	        4.19688
       32.00000	   392160.32801	  7156953.59725	      992.15369	       31.00000	       31.00000	       31.00000	      110.06344	      992.15369	      951.30505	      992.15369	        5.73625	        1.00000	       19.18735	       40.84863	       82.50000	        3.52375
       33.00000	   394369.84016	  7157596.77769	      979.99011	       32.00000	       32.00000	       32.00000	       59.61634	      979.99011	      949.87213	      979.99011	        4.56750	        1.00000	       13.05229	       30.11798	       13.00000	        3.92125
       34.00000	   395420.45238	  7157631.61942	      989.06268	       33.00000	       33.00000	       33.00000	      106.32829	      989.06268	      945.73907	      989.06268	        6.99125	        1.00000	       15.20877	       43.32361	       75.50000	        3.35500
       35.00000	   394868.60264	  7159239.75090	      985.27405	       34.00000	       34.00000	       34.00000	       55.23083	      985.27405	      935.84900	      985.27405	        3.68875	        1.00000	       14.97278	       49.42505	        8.50000	        2.35500
       36.00000	   395644.60430	  7159303.55869	      994.09210	       35.00000	       35.00000	       35.00000	       92.42873	      994.09210	      946.04181	      994.09210	        5.65625	        1.00000	       16.34099	       48.05029	       54.00000	        3.55375
       37.00000	   395796.03182	  7159401.38355	      988.81250	       36.00000	       36.00000	       36.00000	       76.93636	      988.81250	      952.71393	      988.81250	        5.80312	        1.00000	       13.25775	       36.09857	       29.00000	        3.04125
       38.00000	   396019.30754	  7157547.96834	      998.53558	       37.00000	       37.00000	       37.00000	      118.69899	      998.53558	      941.83246	      998.53558	        7.14187	        1.00000	       16.62014	       56.70312	       90.00000	        2.54250
       39.00000	   395897.46456	  7159499.92999	      991.12482	       38.00000	       38.00000	       38.00000	      118.26547	      991.12482	      949.45490	      991.12482	        7.18375	        1.00000	       16.46292	       41.66992	       89.50000	        3.65937
       40.00000	   395696.04224	  7159402.82670	      998.02216	       39.00000	       39.00000	       39.00000	      105.94353	      998.02216	      950.52936	      998.02216	        6.48812	        1.00000	       16.32884	       47.49280	       75.00000	        2.97813
       41.00000	   395894.68134	  7157574.76967	      993.28351	       40.00000	       40.00000	       40.00000	       83.22616	      993.28351	      951.50092	      993.28351	        6.49937	        1.00000	       12.80526	       41.78259	       38.00000	        2.89937
       42.00000	   394319.84536	  7157597.49926	      987.52692	       41.00000	       41.00000	       41.00000	       73.16981	      987.52692	      948.36804	      987.52692	        6.29625	        1.00000	       11.62117	       39.15887	       23.50000	        2.51437
       43.00000	   395569.25132	  7159279.64365	      994.46094	       42.00000	       42.00000	       42.00000	       97.78574	      994.46094	      945.34863	      994.46094	        5.93875	        1.00000	       16.46571	       49.11230	       63.00000	        3.01938
       44.00000	   394868.60264	  7159239.75090	      984.55652	       43.00000	       43.00000	       43.00000	       65.36796	      984.55652	      945.62366	      984.55652	        4.43062	        1.00000	       14.75367	       38.93286	       16.00000	        4.07562
       45.00000	   395695.32066	  7159352.83191	      982.60345	       44.00000	       44.00000	       44.00000	       72.19533	      982.60345	      948.93018	      982.60345	        4.80813	        1.00000	       15.01528	       33.67328	       23.00000	        3.41563
       46.00000	   395770.67364	  7159376.74694	      991.77985	       45.00000	       45.00000	       45.00000	      106.82926	      991.77985	      949.52765	      991.77985	        6.47188	        1.00000	       16.50669	       42.25220	       77.00000	        3.85687
       47.00000	   392135.33061	  7156953.95804	      986.26526	       46.00000	       46.00000	       46.00000	       86.87835	      986.26526	      946.14240	      986.26526	        5.69063	        1.00000	       15.26693	       40.12286	       44.50000	        4.84688
       48.00000	   395896.02141	  7159399.94040	      985.09448	       47.00000	       47.00000	       47.00000	       51.16763	      985.09448	      948.45764	      985.09448	        3.82500	        1.00000	       13.37716	       36.63684	        4.00000	        2.60625
       49.00000	   395720.67885	  7159377.46852	      989.38556	       48.00000	       48.00000	       48.00000	       81.72964	      989.38556	      949.50903	      989.38556	        5.73938	        1.00000	       14.24016	       39.87653	       36.50000	        2.35188
       50.00000	   395694.23830	  7159277.83972	      987.28845	       49.00000	       49.00000	       49.00000	       75.29263	      987.28845	      936.17834	      987.28845	        4.97250	        1.00000	       15.14180	       51.11011	       26.00000	        4.44187
       51.00000	   395391.38325	  7159082.18999	      995.88885	       50.00000	       50.00000	       50.00000	      106.33548	      995.88885	      938.61102	      995.88885	        5.68000	        1.00000	       18.72104	       57.27783	       76.00000	        4.19938
       52.00000	   394319.12379	  7157547.50447	      984.27985	       51.00000	       51.00000	       51.00000	       89.70384	      984.27985	      946.67188	      984.27985	        5.27625	        1.00000	       17.00144	       37.60797	       47.50000	        5.30750
       53.00000	   394446.63628	  7157720.68231	      994.26709	       52.00000	       52.00000	       52.00000	       91.77203	      994.26709	      945.29761	      994.26709	        6.09562	        1.00000	       15.05539	       48.96948	       51.00000	        2.75500
       54.00000	   395619.24611	  7159278.92208	      990.37451	       53.00000	       53.00000	       53.00000	      109.45987	      990.37451	      951.68079	      990.37451	        6.26000	        1.00000	       17.48560	       38.69373	       81.00000	        3.98312
       55.00000	   392109.97243	  7156929.32143	      995.72577	       54.00000	       54.00000	       54.00000	      118.85523	      995.72577	      951.44391	      995.72577	        7.11312	        1.00000	       16.70929	       44.28186	       90.50000	        3.77437
       56.00000	   395520.80276	  7157655.17367	      988.52313	       55.00000	       55.00000	       55.00000	      119.48097	      988.52313	      945.76703	      988.52313	        7.51125	        1.00000	       15.90694	       42.75610	       91.00000	        5.17063
       57.00000	   394328.14347	  7158172.43938	      977.64673	       56.00000	       56.00000	       56.00000	       52.63887	      977.64673	      949.75427	      977.64673	        4.08000	        1.00000	       12.90168	       27.89246	        5.00000	        3.86125
       58.00000	   395744.59388	  7159302.11554	      994.16205	       57.00000	       57.00000	       57.00000	      120.45901	      994.16205	      944.91809	      994.16205	        7.48625	        1.00000	       16.09070	       49.24396	       92.50000	        3.61625
       59.00000	   395744.23310	  7159277.11814	      988.25323	       58.00000	       58.00000	       58.00000	       92.49001	      988.25323	      946.67963	      988.25323	        5.89187	        1.00000	       15.69789	       41.57361	       54.50000	        3.69688
       60.00000	   395280.93083	  7158358.70864	      985.55365	       59.00000	       59.00000	       59.00000	       85.26720	      985.55365	      949.28345	      985.55365	        5.24625	        1.00000	       16.25298	       36.27020	       41.00000	        3.68313
       61.00000	   395845.04734	  7157600.48864	      997.67877	       60.00000	       60.00000	       60.00000	      134.44676	      997.67877	      951.99756	      997.67877	        7.92688	        1.00000	       16.96088	       45.68121	       98.50000	        3.27750
       62.00000	   394293.40482	  7157497.87046	      988.73590	       61.00000	       61.00000	       61.00000	       75.92637	      988.73590	      950.86865	      988.73590	        5.65438	        1.00000	       13.42790	       37.86725	       28.00000	        4.27125
       63.00000	   395467.45780	  7159156.09982	      987.45508	       62.00000	       62.00000	       62.00000	       66.42956	      987.45508	      951.97650	      987.45508	        4.77437	        1.00000	       13.91377	       35.47858	       17.50000	        3.53938
       64.00000	   394419.11338	  7157546.06132	      985.88000	       63.00000	       63.00000	       63.00000	      100.23346	      985.88000	      950.24316	      985.88000	        6.66000	        1.00000	       15.05007	       35.63684	       68.00000	        4.69562
       65.00000	   392110.33322	  7156954.31883	      998.10699	       64.00000	       64.00000	       64.00000	      101.53337	      998.10699	      948.02551	      998.10699	        6.25063	        1.00000	       16.24372	       50.08148	       70.50000	        4.08500
       66.00000	   394892.51768	  7159164.39792	      977.59314	       65.00000	       65.00000	       65.00000	       49.79025	      977.59314	      947.10913	      977.59314	        3.92062	        1.00000	       12.69957	       30.48401	        3.00000	        3.88562
       67.00000	   395771.75600	  7159451.73913	      991.41180	       66.00000	       66.00000	       66.00000	       99.00002	      991.41180	      950.30347	      991.41180	        6.68375	        1.00000	       14.81205	       41.10834	       66.00000	        3.19937
       68.00000	   394444.83235	  7157595.69532	      991.73596	       67.00000	       67.00000	       67.00000	       91.48077	      991.73596	      938.61981	      991.73596	        6.38250	        1.00000	       14.33306	       53.11615	       50.00000	        4.92938
       69.00000	   395769.95207	  7159326.75215	      982.48083	       68.00000	       68.00000	       68.00000	       47.54584	      982.48083	      951.24878	      982.48083	        4.38812	        1.00000	       10.83512	       31.23206	        2.00000	        2.94750
       70.00000	   394319.84536	  7157597.49926	      994.83691	       69.00000	       69.00000	       69.00000	      110.91087	      994.83691	      946.53986	      994.83691	        6.74875	        1.00000	       16.43428	       48.29706	       83.50000	        3.29813
       71.00000	   395694.23830	  7159277.83972	      986.91656	       70.00000	       70.00000	       70.00000	       77.60414	      986.91656	      947.96997	      986.91656	        5.45875	        1.00000	       14.21647	       38.94659	       30.00000	        2.69250
       72.00000	   392059.97764	  7156930.04300	      988.36603	       71.00000	       71.00000	       71.00000	       95.85101	      988.36603	      940.91748	      988.36603	        4.75625	        1.00000	       20.15264	       47.44855	       59.50000	        3.46875
       73.00000	   395796.03182	  7159401.38355	      982.84235	       72.00000	       72.00000	       72.00000	       55.76802	      982.84235	      951.31549	      982.84235	        4.70000	        1.00000	       11.86554	       31.52686	        9.50000	        3.34437
       74.00000	   392134.96983	  7156928.96064	      993.01886	       73.00000	       73.00000	       73.00000	      107.35155	      993.01886	      950.08936	      993.01886	        7.13438	        1.00000	       15.04709	       42.92950	       78.00000	        2.71000
       75.00000	   395847.10898	  7159475.65417	      994.45721	       74.00000	       74.00000	       74.00000	      113.38581	      994.45721	      950.61981	      994.45721	        7.13250	        1.00000	       15.89706	       43.83740	       87.00000	        3.02063
       76.00000	   392110.33322	  7156954.31883	      990.10486	       75.00000	       75.00000	       75.00000	       62.64673	      990.10486	      941.95880	      990.10486	        5.31187	        1.00000	       11.79371	       48.14606	       14.50000	        1.81187
       77.00000	   394343.76040	  7157522.14628	      991.78241	       76.00000	       76.00000	       76.00000	       80.61620	      991.78241	      943.68445	      991.78241	        5.89750	        1.00000	       13.66955	       48.09796	       34.50000	        3.86250
       78.00000	   394294.12639	  7157547.86525	      991.50354	       77.00000	       77.00000	       77.00000	      108.97352	      991.50354	      951.49951	      991.50354	        6.87500	        1.00000	       15.85069	       40.00403	       80.00000	        2.82375
       79.00000	   395948.18093	  7159549.20321	      988.47400	       78.00000	       78.00000	       78.00000	       94.22565	      988.47400	      946.99060	      988.47400	        5.79812	        1.00000	       16.25105	       41.48340	       56.50000	        4.14875
       80.00000	   394243.04924	  7157473.59464	      986.69879	       79.00000	       79.00000	       79.00000	       92.29559	      986.69879	      941.94525	      986.69879	        5.43437	        1.00000	       16.98366	       44.75354	       53.50000	        3.94563
       81.00000	   395670.06556	  7157603.01415	      996.16925	       80.00000	       80.00000	       80.00000	       91.25185	      996.16925	      943.39935	      996.16925	        6.44312	        1.00000	       14.16267	       52.76990	       49.50000	        2.94125
       82.00000	   394642.90450	  7159193.00319	      976.08557	       81.00000	       81.00000	       81.00000	       34.03483	      976.08557	      948.79999	      976.08557	        2.85875	        1.00000	       11.90549	       27.28558	         .00000	        2.77750
       83.00000	   395719.95727	  7159327.47372	      994.89636	       82.00000	       82.00000	       82.00000	       85.37188	      994.89636	      945.82867	      994.89636	        5.72250	        1.00000	       14.91863	       49.06769	       41.50000	        2.88125
       84.00000	   395944.31535	  7157549.05070	      987.03595	       83.00000	       83.00000	       83.00000	      101.40995	      987.03595	      953.14240	      987.03595	        6.76813	        1.00000	       14.98346	       33.89355	       69.50000	        4.57125
       85.00000	   395645.32587	  7159353.55348	      994.31458	       84.00000	       84.00000	       84.00000	       98.28656	      994.31458	      942.23706	      994.31458	        7.23500	        1.00000	       13.58487	       52.07751	       64.50000	        3.60625
       86.00000	   395771.03443	  7159401.74434	      995.70917	       85.00000	       85.00000	       85.00000	      109.71623	      995.70917	      952.31116	      995.70917	        7.30813	        1.00000	       15.01291	       43.39801	       81.50000	        2.87313
       87.00000	   395771.39521	  7159426.74173	      997.08124	       86.00000	       86.00000	       86.00000	       85.09709	      997.08124	      945.62152	      997.08124	        5.56563	        1.00000	       15.28976	       51.45972	       40.00000	        1.60438
       88.00000	   394942.51247	  7159163.67635	     1000.97076	       87.00000	       87.00000	       87.00000	       97.60639	     1000.97076	      941.80511	     1000.00000	        5.41750	        1.00000	       18.01687	       58.19489	       62.50000	        3.36687
       89.00000	   392184.96462	  7156928.23907	      986.35962	       88.00000	       88.00000	       88.00000	       69.58750	      986.35962	      949.52106	      986.35962	        4.99750	        1.00000	       13.92446	       36.83856	       21.50000	        3.17563
       90.00000	   395670.68405	  7159378.19009	      995.44202	       89.00000	       89.00000	       89.00000	       90.57411	      995.44202	      950.96722	      995.44202	        5.84937	        1.00000	       15.48441	       44.47479	       49.00000	        2.92062
       91.00000	   395871.02401	  7159400.30119	      994.01715	       90.00000	       90.00000	       90.00000	      123.87742	      994.01715	      953.24170	      994.01715	        7.40562	        1.00000	       16.72748	       40.77545	       95.00000	        4.25875
       92.00000	   394395.91991	  7157671.40909	      990.48730	       91.00000	       91.00000	       91.00000	       93.21557	      990.48730	      952.44470	      990.48730	        6.65750	        1.00000	       14.00159	       38.04260	       55.50000	        3.96937
       93.00000	   395517.09180	  7159130.38085	      980.80182	       92.00000	       92.00000	       92.00000	       66.81721	      980.80182	      951.42841	      980.80182	        4.81750	        1.00000	       13.86968	       29.37341	       19.00000	        4.25063
       94.00000	   395420.45238	  7157631.61942	      982.55951	       93.00000	       93.00000	       93.00000	       97.05608	      982.55951	      952.92914	      982.55951	        6.65625	        1.00000	       14.58119	       29.63037	       61.00000	        5.11250
       95.00000	   395871.74559	  7159450.29598	      995.19519	       94.00000	       94.00000	       94.00000	      101.52360	      995.19519	      949.95544	      995.19519	        5.95500	        1.00000	       17.04846	       45.23975	       70.00000	        3.75875
       96.00000	   395694.59909	  7159302.83711	      989.05536	       95.00000	       95.00000	       95.00000	       95.15855	      989.05536	      949.11169	      989.05536	        6.18813	        1.00000	       15.37761	       39.94366	       58.00000	        4.18875
       97.00000	   395820.66843	  7159376.02537	      980.13654	       96.00000	       96.00000	       96.00000	       53.70881	      980.13654	      952.60754	      980.13654	        4.91250	        1.00000	       10.93309	       27.52899	        5.50000	        5.93563
       98.00000	   395845.66583	  7159375.66458	      996.58826	       97.00000	       97.00000	       97.00000	      107.68527	      996.58826	      950.83331	      996.58826	        7.01125	        1.00000	       15.35893	       45.75494	       78.50000	        2.06750
       99.00000	   395721.03963	  7159402.46591	      987.94189	       98.00000	       98.00000	       98.00000	       93.13861	      987.94189	      942.74390	      987.94189	        5.65000	        1.00000	       16.48471	       45.19800	       55.00000	        3.17313
      100.00000	   395304.84587	  7158283.35566	      992.90881	       99.00000	       99.00000	       99.00000	      108.46241	      992.90881	      947.52521	      992.90881	        6.38188	        1.00000	       16.99538	       45.38361	       79.50000	        3.54938
      101.00000	   395441.37804	  7159081.46842	      979.23596	      100.00000	      100.00000	      100.00000	       55.05162	      979.23596	      948.48041	      979.23596	        4.36625	        1.00000	       12.60845	       30.75555	        8.00000	        3.92188
      102.00000	   395694.59909	  7159302.83711	      987.77429	      101.00000	      101.00000	      101.00000	       95.36470	      987.77429	      951.19922	      987.77429	        7.05062	        1.00000	       13.52571	       36.57507	       58.50000	        5.38438
      103.00000	   395517.45259	  7159155.37824	      984.12714	      102.00000	      102.00000	      102.00000	       90.41924	      984.12714	      948.24982	      984.12714	        5.84000	        1.00000	       15.48275	       35.87732	       48.50000	        5.01375
      104.00000	   395619.24611	  7159278.92208	      993.99139	      103.00000	      103.00000	      103.00000	       83.18885	      993.99139	      942.71747	      993.99139	        5.23688	        1.00000	       15.88521	       51.27393	       37.50000	        2.70062
      105.00000	   392135.33061	  7156953.95804	      982.25732	      104.00000	      104.00000	      104.00000	       58.65821	      982.25732	      951.53937	      982.25732	        5.36312	        1.00000	       10.93732	       30.71796	       12.00000	        1.66875
      106.00000	   395845.66583	  7159375.66458	      990.85101	      105.00000	      105.00000	      105.00000	       62.83510	      990.85101	      946.17535	      990.85101	        4.61188	        1.00000	       13.62463	       44.67566	       15.00000	        1.09812
      107.00000	   395796.03182	  7159401.38355	      980.05420	      106.00000	      106.00000	      106.00000	       60.66026	      980.05420	      948.27118	      980.05420	        5.53438	        1.00000	       10.96063	       31.78302	       13.50000	        6.84688
      108.00000	   394243.77081	  7157523.58943	      992.07056	      107.00000	      107.00000	      107.00000	       83.65902	      992.07056	      947.10413	      992.07056	        5.65688	        1.00000	       14.78891	       44.96643	       39.00000	        3.99813
      109.00000	   395744.23310	  7159277.11814	      979.45728	      108.00000	      108.00000	      108.00000	       54.60766	      979.45728	      950.74622	      979.45728	        4.87375	        1.00000	       11.20444	       28.71106	        7.00000	        3.18250
      110.00000	   395254.85108	  7158284.07724	      988.59399	      109.00000	      109.00000	      109.00000	       73.92898	      988.59399	      949.07251	      988.59399	        4.86188	        1.00000	       15.20586	       39.52148	       24.50000	        2.71125
      111.00000	   395868.96237	  7157525.13566	      994.24249	      110.00000	      110.00000	      110.00000	      133.78139	      994.24249	      947.30426	      994.24249	        8.36000	        1.00000	       16.00256	       46.93823	       98.00000	        1.18313
      112.00000	   395619.24611	  7159278.92208	      989.98297	      111.00000	      111.00000	      111.00000	       77.77926	      989.98297	      950.67255	      989.98297	        5.41625	        1.00000	       14.36035	       39.31042	       30.50000	        2.84562
      113.00000	   394267.68585	  7157448.23646	      989.46124	      112.00000	      112.00000	      112.00000	      112.44222	      989.46124	      945.77765	      989.46124	        7.00250	        1.00000	       16.05744	       43.68359	       86.00000	        4.89062
      114.00000	   395618.52454	  7159228.92729	      984.11035	      113.00000	      113.00000	      113.00000	       78.35411	      984.11035	      952.13983	      984.11035	        5.88250	        1.00000	       13.31987	       31.97052	       31.00000	        3.86438
      115.00000	   395694.23830	  7159277.83972	      990.63416	      114.00000	      114.00000	      114.00000	       89.56482	      990.63416	      949.65588	      990.63416	        5.77250	        1.00000	       15.51578	       40.97827	       47.00000	        3.24563
      116.00000	   395847.83055	  7159525.64896	     1002.08923	      115.00000	      115.00000	      115.00000	      122.80694	     1002.08923	      946.87665	     1000.00000	        6.58500	        1.00000	       18.64950	       53.12335	       94.00000	        2.73438
      117.00000	   395719.95727	  7159327.47372	      993.22827	      116.00000	      116.00000	      116.00000	      111.02639	      993.22827	      942.62878	      993.22827	        6.05688	        1.00000	       18.33064	       50.59949	       84.00000	        3.65875
      118.00000	   395694.59909	  7159302.83711	      987.36273	      117.00000	      117.00000	      117.00000	       95.75728	      987.36273	      952.75220	      987.36273	        6.40188	        1.00000	       14.95769	       34.61053	       59.00000	        3.12438
      119.00000	   394318.40221	  7157497.50967	      989.53821	      118.00000	      118.00000	      118.00000	      109.43710	      989.53821	      945.33380	      989.53821	        6.21875	        1.00000	       17.59793	       44.20441	       80.50000	        4.09312
      120.00000	   395695.32066	  7159352.83191	      990.00385	      119.00000	      119.00000	      119.00000	      106.85661	      990.00385	      953.05377	      990.00385	        6.60063	        1.00000	       16.18886	       36.95007	       77.50000	        4.86750
      121.00000	   395493.17677	  7159205.73382	      991.20300	      120.00000	      120.00000	      120.00000	       68.63470	      991.20300	      950.94012	      991.20300	        5.20813	        1.00000	       13.17839	       40.26288	       21.00000	        3.40625
      122.00000	   395871.74559	  7159450.29598	      979.27271	      121.00000	      121.00000	      121.00000	       65.39973	      979.27271	      951.41229	      979.27271	        5.35000	        1.00000	       12.22425	       27.86041	       17.00000	        2.81687
      123.00000	   395695.32066	  7159352.83191	      992.49017	      122.00000	      122.00000	      122.00000	      100.15351	      992.49017	      950.13220	      992.49017	        6.13938	        1.00000	       16.31331	       42.35797	       67.50000	        3.07000
      124.00000	   395568.89053	  7159254.64626	      994.40576	      123.00000	      123.00000	      123.00000	       98.70019	      994.40576	      947.30408	      994.40576	        5.52688	        1.00000	       17.85823	       47.10168	       65.50000	        2.90625
      125.00000	   395821.39001	  7159426.02016	      996.68164	      124.00000	      124.00000	      124.00000	      110.26310	      996.68164	      950.06689	      996.68164	        7.75250	        1.00000	       14.22291	       46.61475	       83.00000	        3.84000
      126.00000	   395230.21447	  7158309.43542	      993.26428	      125.00000	      125.00000	      125.00000	       67.58421	      993.26428	      946.51978	      993.26428	        5.38688	        1.00000	       12.54609	       46.74451	       19.50000	        3.20688
      127.00000	   395314.58712	  7158958.28537	      988.82318	      126.00000	      126.00000	      126.00000	       79.14512	      988.82318	      950.81366	      988.82318	        4.72375	        1.00000	       16.75472	       38.00952	       32.00000	        2.87000
      128.00000	   395871.74559	  7159450.29598	      986.74933	      127.00000	      127.00000	      127.00000	       99.66450	      986.74933	      949.66376	      986.74933	        7.08687	        1.00000	       14.06325	       37.08557	       67.00000	        5.44375
      129.00000	   395796.03182	  7159401.38355	      997.03656	      128.00000	      128.00000	      128.00000	       94.72687	      997.03656	      946.27844	      997.03656	        6.12625	        1.00000	       15.46245	       50.75812	       57.00000	        3.35437
      130.00000	   395897.82535	  7159524.92738	      990.66162	      129.00000	      129.00000	      129.00000	       88.26519	      990.66162	      941.43311	      990.66162	        5.38375	        1.00000	       16.39474	       49.22852	       46.00000	        3.74813
      131.00000	   395871.02401	  7159400.30119	      989.06976	      130.00000	      130.00000	      130.00000	       98.06754	      989.06976	      951.23291	      989.06976	        5.96000	        1.00000	       16.45428	       37.83685	       64.00000	        3.52562
      132.00000	   395770.31285	  7159351.74955	      988.79694	      131.00000	      131.00000	      131.00000	      120.50088	      988.79694	      952.44360	      988.79694	        7.35375	        1.00000	       16.38632	       36.35333	       93.00000	        6.13375
      133.00000	   395846.02662	  7159400.66198	      981.51331	      132.00000	      132.00000	      132.00000	       54.44904	      981.51331	      952.42981	      981.51331	        4.90875	        1.00000	       11.09224	       29.08350	        6.50000	        4.57188
      134.00000	   395920.40031	  7157624.40368	      990.46790	      133.00000	      133.00000	      133.00000	       85.74915	      990.46790	      949.99243	      990.46790	        6.68000	        1.00000	       12.83670	       40.47546	       42.50000	        3.76062
      135.00000	   395644.60430	  7159303.55869	      986.61542	      134.00000	      134.00000	      134.00000	       74.18816	      986.61542	      945.18713	      986.61542	        4.77313	        1.00000	       15.54289	       41.42828	       25.50000	        3.27625
      136.00000	   394395.19834	  7157621.41430	      989.24939	      135.00000	      135.00000	      135.00000	       97.96825	      989.24939	      950.33698	      989.24939	        6.17063	        1.00000	       15.87655	       38.91241	       63.50000	        4.88000
      137.00000	   395922.46196	  7159499.56920	      995.02002	      136.00000	      136.00000	      136.00000	      114.50635	      995.02002	      949.18945	      995.02002	        6.59500	        1.00000	       17.36260	       45.83057	       88.00000	        3.49375
      138.00000	   395719.59649	  7159302.47633	      979.67609	      137.00000	      137.00000	      137.00000	       45.78595	      979.67609	      952.16779	      979.67609	        5.22937	        1.00000	        8.75553	       27.50830	        1.50000	        1.72312
      139.00000	   394293.76561	  7157522.86786	      980.79102	      138.00000	      138.00000	      138.00000	       86.05257	      980.79102	      953.50348	      980.79102	        5.87125	        1.00000	       14.65660	       27.28754	       43.50000	        6.03062
      140.00000	   394268.04663	  7157473.23385	      988.67084	      139.00000	      139.00000	      139.00000	       79.82850	      988.67084	      952.35864	      988.67084	        5.53750	        1.00000	       14.41598	       36.31219	       34.00000	        3.00688
      141.00000	   395492.09441	  7159130.74164	      981.70728	      140.00000	      140.00000	      140.00000	       50.64479	      981.70728	      950.85272	      981.70728	        4.43125	        1.00000	       11.42901	       30.85455	        3.50000	        3.08125
      142.00000	   394369.11858	  7157546.78289	      991.56812	      141.00000	      141.00000	      141.00000	      129.27136	      991.56812	      951.29010	      991.56812	        7.78188	        1.00000	       16.61185	       40.27802	       97.00000	        4.67750
      143.00000	   395969.67353	  7157573.68731	      989.14410	      142.00000	      142.00000	      142.00000	       79.52203	      989.14410	      949.12439	      989.14410	        6.46750	        1.00000	       12.29564	       40.01971	       33.00000	        4.83437
      144.00000	   396019.30754	  7157547.96834	      991.80707	      143.00000	      143.00000	      143.00000	       90.03515	      991.80707	      945.81384	      991.80707	        6.11500	        1.00000	       14.72366	       45.99323	       48.00000	        2.44625
      145.00000	   392109.97243	  7156929.32143	      981.51239	      144.00000	      144.00000	      144.00000	       85.10580	      981.51239	      952.60077	      981.51239	        5.27750	        1.00000	       16.12616	       28.91162	       40.50000	        4.65750
      146.00000	   394284.90055	  7160373.29264	      999.31580	      145.00000	      145.00000	      145.00000	      112.79908	      999.31580	      946.26312	      999.31580	        6.62250	        1.00000	       17.03270	       53.05267	       86.50000	        3.94438
      147.00000	   395394.73341	  7157581.98541	      993.80243	      146.00000	      146.00000	      146.00000	      126.55142	      993.80243	      949.14337	      993.80243	        7.31125	        1.00000	       17.30914	       44.65906	       96.00000	        3.59500
      148.00000	   395721.03963	  7159402.46591	      997.71106	      147.00000	      147.00000	      147.00000	      125.84937	      997.71106	      949.78357	      997.71106	        7.53500	        1.00000	       16.70197	       47.92749	       95.50000	        3.23813
      149.00000	   395619.60690	  7159303.91948	      990.62726	      148.00000	      148.00000	      148.00000	      106.44717	      990.62726	      951.30786	      990.62726	        6.65188	        1.00000	       16.00258	       39.31940	       76.50000	        3.52625
      150.00000	   395746.03703	  7159402.10513	      988.20569	      149.00000	      149.00000	      149.00000	       97.10634	      988.20569	      951.50232	      988.20569	        6.22500	        1.00000	       15.59941	       36.70337	       61.50000	        3.88750
      151.00000	   392109.97243	  7156929.32143	      988.21246	      150.00000	      150.00000	      150.00000	       98.29789	      988.21246	      949.92017	      988.21246	        5.68563	        1.00000	       17.28885	       38.29230	       65.00000	        3.28125
      152.00000	   395721.40042	  7159427.46331	      993.75580	      151.00000	      151.00000	      151.00000	      101.60532	      993.75580	      952.06097	      993.75580	        6.42312	        1.00000	       15.81867	       41.69482	       71.00000	        3.50813
      153.00000	   392109.97243	  7156929.32143	      996.67377	      152.00000	      152.00000	      152.00000	      103.41241	      996.67377	      947.15320	      996.67377	        7.27812	        1.00000	       14.20866	       49.52057	       72.00000	        3.67000
      154.00000	   392134.96983	  7156928.96064	      981.67896	      153.00000	      153.00000	      153.00000	       66.60423	      981.67896	      941.54834	      981.67896	        4.22500	        1.00000	       15.76432	       40.13062	       18.00000	        3.06938
      155.00000	   395796.03182	  7159401.38355	      981.35266	      154.00000	      154.00000	      154.00000	       77.17707	      981.35266	      950.71832	      981.35266	        4.93188	        1.00000	       15.64863	       30.63434	       29.50000	        3.70438
      156.00000	   394394.83755	  7157596.41690	      992.62219	      155.00000	      155.00000	      155.00000	      111.89199	      992.62219	      950.22272	      992.62219	        7.37875	        1.00000	       15.16409	       42.39948	       84.50000	        3.48813
      157.00000	   392109.97243	  7156929.32143	      980.12677	      156.00000	      156.00000	      156.00000	       68.36934	      980.12677	      948.74854	      980.12677	        4.69250	        1.00000	       14.56992	       31.37823	       20.50000	        4.52625
      158.00000	   395694.23830	  7159277.83972	      994.31494	      157.00000	      157.00000	      157.00000	      119.90925	      994.31494	      936.63727	      994.31494	        7.02313	        1.00000	       17.07349	       57.67767	       92.00000	        3.91563
      159.00000	   394371.28331	  7157696.76727	      992.21771	      158.00000	      158.00000	      158.00000	       97.53555	      992.21771	      936.11963	      992.21771	        6.09750	        1.00000	       15.99599	       56.09808	       62.00000	        3.00250
      160.00000	   394717.17512	  7159141.92604	      982.71619	      159.00000	      159.00000	      159.00000	       41.75429	      982.71619	      948.45990	      982.71619	        3.05000	        1.00000	       13.68993	       34.25629	        1.00000	        1.75437
      161.00000	   395593.16635	  7159204.29068	      991.99152	      160.00000	      160.00000	      160.00000	       75.54409	      991.99152	      948.66095	      991.99152	        5.38250	        1.00000	       14.03513	       43.33057	       27.00000	        3.63562
      162.00000	   395944.31535	  7157549.05070	     1002.76996	      161.00000	      161.00000	      161.00000	      109.98946	     1002.76996	      945.27258	     1000.00000	        6.92812	        1.00000	       15.87579	       54.72742	       82.00000	        3.03125
      163.00000	   395542.44999	  7159155.01746	      981.23163	      162.00000	      162.00000	      162.00000	       62.56908	      981.23163	      951.01013	      981.23163	        4.91437	        1.00000	       12.73185	       30.22150	       14.00000	        3.48187
      164.00000	   394368.39701	  7157496.78810	      993.49121	      163.00000	      163.00000	      163.00000	       96.11732	      993.49121	      931.87726	      993.49121	        5.65438	        1.00000	       16.99875	       61.61395	       60.00000	        4.21500
      165.00000	   394470.55132	  7157645.32933	      989.84534	      164.00000	      164.00000	      164.00000	      104.77336	      989.84534	      950.41229	      989.84534	        6.66563	        1.00000	       15.71846	       39.43304	       73.50000	        4.88062
      166.00000	   394743.25487	  7159216.55744	      977.94067	      165.00000	      165.00000	      165.00000	       59.56910	      977.94067	      951.80286	      977.94067	        4.03438	        1.00000	       14.76539	       26.13782	       12.50000	        3.76250
      167.00000	   394817.88628	  7159190.47768	      983.41528	      166.00000	      166.00000	      166.00000	       49.48934	      983.41528	      949.44824	      983.41528	        3.93250	        1.00000	       12.58470	       33.96704	        2.50000	        3.34938
      168.00000	   394344.48197	  7157572.14108	      984.95251	      167.00000	      167.00000	      167.00000	       75.68919	      984.95251	      950.23041	      984.95251	        5.62437	        1.00000	       13.45735	       34.72211	       27.50000	        3.72312
      169.00000	   395946.73778	  7159449.21362	      980.87531	      168.00000	      168.00000	      168.00000	       57.61720	      980.87531	      945.61200	      980.87531	        5.43625	        1.00000	       10.59870	       35.26331	       10.50000	        4.69688
      170.00000	   394495.18793	  7157619.97115	      992.10767	      169.00000	      169.00000	      169.00000	      104.88241	      992.10767	      951.58557	      992.10767	        7.23125	        1.00000	       14.50405	       40.52209	       74.00000	        3.86438
      171.00000	   394816.80391	  7159115.48549	      985.74921	      170.00000	      170.00000	      170.00000	       71.12975	      985.74921	      951.15686	      985.74921	        4.26375	        1.00000	       16.68244	       34.59235	       22.00000	        3.74437
      172.00000	   395695.68145	  7159377.82930	      992.90857	      171.00000	      171.00000	      171.00000	       92.17665	      992.90857	      944.96167	      992.90857	        5.47250	        1.00000	       16.84361	       47.94690	       52.50000	        3.01875
      173.00000	   394369.11858	  7157546.78289	      994.58777	      172.00000	      172.00000	      172.00000	      114.03786	      994.58777	      940.61285	      994.58777	        7.51188	        1.00000	       15.18101	       53.97491	       87.50000	        4.21562
      174.00000	   394303.50686	  7158197.79756	      993.44592	      173.00000	      173.00000	      173.00000	       91.93954	      993.44592	      944.40387	      993.44592	        5.17250	        1.00000	       17.77468	       49.04205	       52.00000	        3.78312
      175.00000	   395744.95467	  7159327.11294	      992.60040	      174.00000	      174.00000	      174.00000	      105.37056	      992.60040	      939.90814	      992.60040	        6.88250	        1.00000	       15.30993	       52.69226	       74.50000	        3.72625
      176.00000	   395770.67364	  7159376.74694	      987.01837	      175.00000	      175.00000	      175.00000	       87.28822	      987.01837	      950.43866	      987.01837	        6.10750	        1.00000	       14.29197	       36.57971	       45.50000	        4.94562
      177.00000	   392134.96983	  7156928.96064	      994.53503	      176.00000	      176.00000	      176.00000	      119.49341	      994.53503	      951.56848	      994.53503	        7.53500	        1.00000	       15.85845	       42.96655	       91.50000	        3.94375
      178.00000	   394319.48458	  7157572.50186	      989.91431	      177.00000	      177.00000	      177.00000	      115.20568	      989.91431	      949.02930	      989.91431	        7.05625	        1.00000	       16.32676	       40.88501	       88.50000	        3.78500
      179.00000	   392185.68619	  7156978.23386	      989.36163	      178.00000	      178.00000	      178.00000	       86.29480	      989.36163	      944.97961	      989.36163	        5.67438	        1.00000	       15.20781	       44.38202	       44.00000	        3.96312
      180.00000	   395872.46716	  7159500.29078	      985.09888	      179.00000	      179.00000	      179.00000	       99.40854	      985.09888	      950.94879	      985.09888	        7.48750	        1.00000	       13.27660	       34.15009	       66.50000	        6.27500
      181.00000	   395669.24091	  7159278.20050	      984.18103	      180.00000	      180.00000	      180.00000	       58.48905	      984.18103	      950.90955	      984.18103	        4.74375	        1.00000	       12.32971	       33.27148	       11.50000	        3.45500
      182.00000	   395230.57525	  7158334.43282	      987.97449	      181.00000	      181.00000	      181.00000	       73.25614	      987.97449	      945.90118	      987.97449	        4.89563	        1.00000	       14.96359	       42.07330	       24.00000	        2.93187
      183.00000	   395921.01881	  7159399.57962	      990.63947	      182.00000	      182.00000	      182.00000	       85.55070	      990.63947	      945.51611	      990.63947	        6.52000	        1.00000	       13.12127	       45.12335	       42.00000	        3.06875
      184.00000	   395492.09441	  7159130.74164	      979.27716	      183.00000	      183.00000	      183.00000	       75.47457	      979.27716	      935.95032	      979.27716	        4.81875	        1.00000	       15.66269	       43.32684	       26.50000	        4.84438
      185.00000	   397155.99328	  7160081.82815	      977.31866	      184.00000	      184.00000	      184.00000	       56.48691	      977.31866	      952.31012	      977.31866	        5.49250	        1.00000	       10.28437	       25.00854	       10.00000	        6.31000
      186.00000	   396019.30754	  7157547.96834	      995.10254	      185.00000	      185.00000	      185.00000	      118.19779	      995.10254	      950.39459	      995.10254	        7.70000	        1.00000	       15.35036	       44.70795	       89.00000	        4.05250
      187.00000	   395568.52975	  7159229.64886	      986.64490	      186.00000	      186.00000	      186.00000	       54.43439	      986.64490	      949.55176	      986.64490	        4.37063	        1.00000	       12.45460	       37.09314	        6.00000	        3.13687
      188.00000	   394718.25748	  7159216.91823	      983.96808	      187.00000	      187.00000	      187.00000	       79.69167	      983.96808	      947.68207	      983.96808	        4.47875	        1.00000	       17.79328	       36.28601	       33.50000	        4.03375
      189.00000	   394841.44052	  7159090.12731	      984.86029	      188.00000	      188.00000	      188.00000	       54.97986	      984.86029	      950.16577	      984.86029	        4.14937	        1.00000	       13.25015	       34.69452	        7.50000	        3.00312
      190.00000	   395720.67885	  7159377.46852	      992.92047	      189.00000	      189.00000	      189.00000	      112.19179	      992.92047	      947.83063	      992.92047	        6.36750	        1.00000	       17.61944	       45.08984	       85.50000	        3.61063
      191.00000	   395466.73622	  7159106.10503	      982.68713	      190.00000	      190.00000	      190.00000	       76.40009	      982.68713	      949.70428	      982.68713	        5.00688	        1.00000	       15.25904	       32.98285	       28.50000	        4.10437
      192.00000	   395518.53495	  7159230.37043	      995.59387	      191.00000	      191.00000	      191.00000	       96.59686	      995.59387	      946.17096	      995.59387	        5.79313	        1.00000	       16.67439	       49.42291	       60.50000	        3.56500
      193.00000	   395620.32847	  7159353.91427	      995.51062	      192.00000	      192.00000	      192.00000	      137.84294	      995.51062	      943.09381	      995.51062	        7.24813	        1.00000	       19.01774	       52.41681	       99.00000	        3.87000
      194.00000	   395771.75600	  7159451.73913	      997.13483	      193.00000	      193.00000	      193.00000	      130.25429	      997.13483	      948.66400	      997.13483	        7.45750	        1.00000	       17.46621	       48.47083	       97.50000	        3.20250
      195.00000	   394667.18032	  7159142.64761	      984.84180	      194.00000	      194.00000	      194.00000	       65.39082	      984.84180	      944.19073	      984.84180	        4.06187	        1.00000	       16.09868	       40.65106	       16.50000	        3.50875
      196.00000	   394395.19834	  7157621.41430	      990.91089	      195.00000	      195.00000	      195.00000	      122.24398	      990.91089	      947.83527	      990.91089	        6.70625	        1.00000	       18.22837	       43.07562	       93.50000	        3.96375
      197.00000	   394743.97645	  7159266.55223	      984.52600	      196.00000	      196.00000	      196.00000	       66.71910	      984.52600	      940.59106	      984.52600	        3.96062	        1.00000	       16.84560	       43.93494	       18.50000	        3.28063
      198.00000	   395922.46196	  7159499.56920	      983.40869	      197.00000	      197.00000	      197.00000	       58.47239	      983.40869	      948.34082	      983.40869	        5.17188	        1.00000	       11.30584	       35.06787	       11.00000	        3.20750
      199.00000	   395694.95988	  7159327.83451	      991.64240	      198.00000	      198.00000	      198.00000	       88.89037	      991.64240	      949.14227	      991.64240	        6.65500	        1.00000	       13.35693	       42.50012	       46.50000	        2.84625
      200.00000	   395921.74038	  7159449.57441	      989.60522	      199.00000	      199.00000	      199.00000	      122.87066	      989.60522	      945.36328	      989.60522	        7.80625	        1.00000	       15.74004	       44.24194	       94.50000	        6.42125
