0,42.79
1,41.81
2,40.13
3,38.78
4,37.67
5,40.42
6,37.16
7,37.78
8,37.4
9,36.79
10,37.89
11,40.61
12,43.32
13,42.77
14,40.67
15,39.24
16,40.45
17,43.96
18,47.73
19,45.74
20,42.78
21,43.14
22,44.83
23,42.45
24,45.1
25,41.67
26,41.31
27,40.57
28,41.8
29,38.56
30,41.53
31,45.09
32,44.4
33,49.2
34,48.7
35,48.37
36,46.08
37,49.18
38,48.63
39,41.31
40,42.34
41,45.22
42,45.34
43,45.51
44,49.01
45,43.97
46,42.65
47,44.81
48,46.04
49,49.12
50,45.66
51,45.12
52,43.93
53,42.62
54,43.07
55,45.72
56,46.88
57,49.3
58,50.11
59,51.5
60,52.1
61,49.07
62,49.97
63,51.68
64,49.84
65,48.49
66,45.18
67,44.7
68,47.37
69,48.81
70,48.08
71,45.86
72,49.69
73,52.86
74,48.38
75,48.25
76,46.72
77,47.83
78,45.84
79,39.46
80,49.03
81,47.81
82,42.76
83,43.41
84,42.26
85,44.8
86,45.61
87,49.4
88,44.49
89,46.92
90,47.36
91,49.13
92,50.89
93,49.58
94,47.28
95,40.74
96,35.27
97,38.56
98,40.37
99,44.76
100,56.28
101,57.32
102,51.06
103,49.89
104,52.23
105,55.63
106,59.08
107,56.47
108,53.78
109,56.32
110,56.85
111,65.27
112,54.66
113,51.9
114,51.08
115,52.39
116,58.19
117,58.74
118,63.3
119,63.18
120,53.78
121,55.65
122,53.63
123,59.48
124,64.76000000000002
125,70.86
126,65.27
127,61.14
128,63.7
129,64.89
130,63.08
131,66.01000000000002
132,63.58
133,58.94
134,59.68
135,65.48
136,64.07
137,61.06
138,60.36
139,66.78
140,69.8
141,66.5
142,63.77
143,58.51
144,71.22
145,67.23
146,62.19
147,69.06
148,65.38
149,61.91
150,69.03
151,66.11
152,66.12
153,68.87
154,64.63
155,63.93
156,69.33
157,69.99
158,72.25
159,80.73
160,82.08
161,78.90999999999998
162,76.18999999999998
163,78.84999999999998
164,77.25
165,76.23999999999998
166,81.59999999999998
167,79.5
168,80.54999999999998
169,71.67
170,69.66
171,75.04
172,81.2
173,69.86
174,70.1
175,68.31
176,65.13
177,66.56
178,69.63
179,69.22
180,67.22
181,70.33
182,76.0
183,72.68
184,69.09
185,72.62
186,77.82
187,75.0
188,73.54999999999998
189,70.23
190,67.17
191,69.09
192,78.58
193,75.89
194,79.06
195,68.99
196,68.25
197,69.7
198,79.92
199,81.15999999999998
200,80.21
201,79.26
202,78.31
203,74.98
204,71.52
205,72.18
206,70.87
207,62.93
208,62.53
209,60.23
210,60.48
211,58.84
212,58.75
213,65.25
214,65.61
215,59.14
216,58.87
217,60.43
218,63.14
219,62.1
220,59.66
221,58.72
222,60.31
223,59.13
224,57.84
225,55.93
226,58.99
227,60.24
228,61.37
229,58.18
230,60.41
231,59.64
232,59.96
233,60.71
234,61.81
235,64.06
236,63.53
237,59.87
238,55.69
239,60.28
240,60.89
241,58.42
242,58.34
243,54.54
244,55.23
245,57.89
246,56.5
247,55.05
248,54.34
249,52.23
250,55.23
251,59.94
252,63.15
253,58.85
254,55.99
255,55.12
256,53.92
257,50.57
258,53.25
259,57.63
260,56.51
261,58.9
262,59.99
263,60.63
264,56.47
265,52.55
266,58.36
267,56.88
268,54.51
269,51.44
270,50.33
271,52.12
272,58.62
273,61.14
274,56.49
275,54.62
276,55.16
277,56.05
278,55.62
279,55.32
280,55.0
281,52.66
282,52.82
283,54.81
284,52.22
285,56.92
286,58.55
287,54.43
288,55.44
289,55.69
290,58.97
291,62.07
292,62.51
293,61.79
294,58.31
295,54.54
296,54.41
297,60.47
298,62.39
299,64.34
300,62.88
301,59.59
302,59.08
303,61.23
304,61.86
305,64.36
306,62.43
307,60.06
308,61.04
309,59.83
310,56.42
311,55.65
312,54.56
313,57.5
314,54.41
315,53.57
316,56.57
317,59.29
318,59.31
319,57.46
320,55.16
321,51.36
322,52.97
323,57.39
324,56.8
325,60.25
326,66.40000000000002
327,74.42
328,79.87
329,80.37
330,77.23999999999998
331,72.48
332,76.56
333,79.06
334,77.06
335,75.11
336,75.31
337,73.01
338,74.61
339,81.31
340,80.12
341,71.21
342,69.22
343,74.26999999999998
344,79.96
345,78.62
346,76.23
347,75.04999999999998
348,79.57
349,70.96
350,67.72
351,70.75
352,73.93
353,75.59
354,77.56
355,79.32
356,85.54
357,80.57
358,74.04
359,70.73
360,73.36
361,71.04
362,71.5
363,72.15
364,77.04999999999998
365,80.57
366,81.72
367,78.23
368,74.59999999999998
369,72.62
370,75.12
371,76.14
372,79.01
373,84.59
374,83.08
375,83.96
376,77.93999999999998
377,74.59999999999998
378,76.65
379,76.68999999999998
380,79.5
381,84.09
382,80.93
383,75.84
384,77.01
385,83.07
386,83.61
387,80.46
388,83.64
389,83.7
390,83.33
391,79.51999999999998
392,70.53
393,69.2
394,71.82
395,70.46
396,71.56
397,71.73
398,66.97
399,66.31
400,67.62
401,70.94
402,77.12999999999998
403,74.82
404,77.18999999999998
405,82.72
406,83.54
407,84.25
408,82.01999999999998
409,73.9
410,76.01
411,81.29
412,85.15
413,80.03
414,83.68
415,85.98
416,84.26999999999998
417,82.12999999999998
418,76.18
419,83.93999999999998
420,80.29999999999998
421,64.49
422,62.25
423,70.48
424,69.22
425,72.12999999999998
426,69.3
427,74.0
428,69.35
429,70.02
430,68.93
431,71.05
432,71.02
433,67.59
434,73.23
435,76.89
436,74.68999999999998
437,72.01000000000002
438,70.02
439,66.45
440,64.24
441,59.44
442,57.91
443,66.1
444,64.75
445,60.68
446,58.38
447,62.68
448,59.83
449,60.25
450,66.02
451,65.2
452,64.63
453,63.2
454,56.8
455,54.62
456,61.35
457,61.27
458,59.69
459,60.05
460,64.19
461,66.37
462,71.01000000000002
463,75.17
464,77.75
465,79.22
466,72.34
467,73.92
468,76.18999999999998
469,72.56
470,70.43
471,68.1
472,68.79
473,69.64
474,68.71
475,70.63
476,72.23
477,74.51
478,77.84
479,77.42
480,74.79
481,77.2
482,70.8
483,70.04
484,71.18
485,70.92
486,73.23999999999998
487,76.58
488,64.57
489,67.24
490,67.09
491,63.35
492,65.77
493,70.15000000000002
494,73.39
495,77.76
496,77.95
497,82.54
498,74.23999999999998
499,76.72
500,87.25
501,84.17
502,72.84
503,75.64
504,70.58
505,72.39
506,79.48
507,83.04999999999998
508,87.93
509,83.47
510,74.54
511,73.54999999999998
512,80.72
513,75.18
514,69.41
515,67.08
516,71.64
517,70.67
518,65.1
519,68.59
520,66.58
521,57.58
522,56.55
523,58.4
524,61.57
525,62.48
526,63.32
527,64.56
528,63.45
529,60.42
530,61.32
531,59.96
532,55.58
533,61.83
534,66.45
535,55.26
536,56.33
537,60.5
538,61.32
539,63.65
540,59.27
541,60.7
542,62.56
543,63.38
544,61.05
545,58.87
546,58.54
547,58.94
548,58.53
549,59.49
550,54.54
551,59.42
552,64.05
553,60.45
554,60.55
555,66.63
556,59.2
557,58.69
558,59.37
559,58.22
560,58.71
561,64.40000000000002
562,64.1
563,65.63
564,70.11
565,69.49
566,67.13
567,68.59
568,78.62999999999998
569,80.90999999999998
570,79.01
571,78.43
572,75.84
573,75.59
574,72.04
575,71.5
576,68.97
577,70.02
578,66.76000000000002
579,65.22
580,64.54
581,67.74
582,68.79
583,75.47
584,80.65
585,81.45
586,79.62999999999998
587,75.36
588,76.76999999999998
589,76.37
590,73.17
591,76.65
592,77.57
593,77.18
594,78.72
595,76.54
596,72.59999999999998
597,74.78
598,77.43999999999998
599,73.01
600,63.47
601,56.2
602,64.85
603,69.49
604,67.63
605,65.98
606,75.98
607,77.64
608,72.87999999999998
609,69.15000000000002
610,70.1
611,72.34999999999998
612,73.59999999999998
613,80.26
614,80.11
615,75.61
616,73.43
617,72.7
618,73.40999999999998
619,78.61
620,72.37999999999998
621,76.75
622,84.73
623,84.15999999999998
624,85.71
625,87.04
626,82.01999999999998
627,74.87999999999998
628,72.05
629,71.21
630,75.56
631,77.07
632,76.36
633,78.09
634,78.46
635,73.56
636,79.76999999999998
637,83.08
638,78.36
639,76.7
640,74.09
641,70.21
642,71.17
643,68.19
644,67.95
645,65.61
646,67.82
647,69.34
648,65.40000000000002
649,60.96
650,68.26000000000002
651,73.56
652,71.8
653,70.74
654,73.78
655,74.06
656,74.51
657,68.40000000000002
658,68.40000000000002
659,69.7
660,70.58
661,68.83
662,76.03
663,71.16
664,66.93
665,65.72
666,71.87
667,76.76999999999998
668,74.12999999999998
669,70.66
670,73.93
671,78.36
672,71.33
673,73.40999999999998
674,76.12
675,70.52
676,68.96
677,68.02
678,68.98
679,68.24
680,75.5
681,77.26
682,71.57
683,71.72
684,78.59999999999998
685,81.28
686,78.68
687,76.28
688,73.09999999999998
689,76.56
690,77.78
691,71.77
692,75.65999999999998
693,70.33
694,69.63
695,75.14
696,76.39
697,82.36
698,83.76
699,80.2
700,76.9
701,75.65
702,78.01999999999998
703,74.76999999999998
704,72.23999999999998
705,75.26
706,77.48
707,76.33
708,74.03
709,74.47
710,69.74
711,72.23
712,70.2
713,64.33
714,60.87
715,67.09
716,60.6
717,52.06
718,63.9
719,64.96
720,66.93
721,69.91
722,71.95
723,73.29999999999998
724,68.36
725,66.04
726,65.29
727,66.69
728,71.90000000000002
729,72.76999999999998
730,73.22
731,72.75
732,75.37999999999998
733,76.54
734,76.51
735,69.49
736,70.40000000000002
737,78.18
738,79.62999999999998
739,79.36
740,79.65999999999998
741,76.01
742,77.64
743,81.17
744,85.67
745,86.21
746,83.37999999999998
747,84.72
748,85.56
749,80.92
750,82.09
751,82.23999999999998
752,79.53
753,77.98999999999998
754,72.18999999999998
755,72.59999999999998
756,69.71
757,66.34
758,64.82
759,71.97
760,73.22
761,70.15000000000002
762,76.23999999999998
763,71.15000000000002
764,67.85
765,67.05
766,69.02
767,71.27
768,71.8
769,72.71
770,70.68
771,76.84
772,77.04999999999998
773,74.87
774,77.39
775,83.18999999999998
776,84.09
777,80.89
778,78.45
779,78.79999999999998
780,77.84
781,76.40999999999998
782,75.31
783,78.14
784,78.39
785,76.84
786,77.62
787,80.01999999999998
788,77.03
789,78.39
790,71.46
791,71.29
792,73.12
793,73.01999999999998
794,83.01999999999998
795,72.26
796,70.45
797,69.71
798,72.09999999999998
799,68.87
800,70.6
801,71.78
802,69.65000000000002
803,64.53
804,67.44
805,75.25
806,73.95
807,78.93999999999998
808,77.62
809,81.42
810,88.67
811,86.47
812,78.11
813,79.09999999999998
814,83.76999999999998
815,83.34999999999998
816,85.26999999999998
817,85.90999999999998
818,85.23
819,81.84
820,81.82
821,82.48999999999998
822,77.18
823,70.12
824,72.7
825,75.65999999999998
826,72.68
827,69.58
828,70.41
829,70.2
830,64.32
831,66.58
832,72.06
833,73.25
834,72.07
835,70.14
836,69.16
837,71.47
838,77.42
839,79.0
840,73.18
841,72.79999999999998
842,76.82
843,83.51999999999998
844,80.75
845,80.14
846,77.67
847,77.84999999999998
848,73.36
849,72.96
850,73.37999999999998
851,68.69
852,70.37
853,70.36
854,73.98999999999998
855,77.34999999999998
856,83.98999999999998
857,79.58
858,71.14
859,74.40999999999998
860,76.84999999999998
861,78.96
862,78.59999999999998
863,74.26999999999998
864,74.29
865,78.89
866,76.65999999999998
867,64.61
868,68.14
869,75.4
870,74.36
871,70.29
872,71.32
873,74.96
874,74.54999999999998
875,72.57
876,70.25
877,75.89
878,76.29999999999998
879,77.45
880,79.71
881,77.58
882,71.90000000000002
883,69.09
884,71.74
885,73.47
886,72.40999999999998
887,74.37999999999998
888,73.25
889,72.02
890,73.48
891,77.73999999999998
892,74.62
893,74.09999999999998
894,78.36
895,85.54999999999998
896,86.39
897,72.34999999999998
898,66.91
899,62.77
900,67.76000000000002
901,71.45
902,63.64
903,60.4
904,59.04
905,57.76
906,55.79
907,55.83
908,51.67
909,45.55
910,55.07
911,60.25
912,64.37
913,60.84
914,57.43
915,60.19
916,65.72
917,65.6
918,70.05
919,69.83
920,65.11
921,66.91
922,67.77
923,66.54
924,65.36
925,73.62
926,72.07
927,79.48999999999998
928,81.93999999999998
929,82.78
930,80.68999999999998
931,81.36
932,79.40999999999998
933,79.0
934,80.47
935,83.64
936,77.72
937,82.34
938,80.62
939,75.79999999999998
940,73.7
941,80.65
942,79.08
943,81.4
944,82.09
945,83.78
946,86.78
947,86.62999999999998
948,77.71
949,79.07
950,85.54
951,81.87
952,78.47
953,85.29
954,85.92
955,76.25
956,73.06
957,69.35
958,70.71
959,71.84
960,74.31
961,75.62999999999998
962,74.26999999999998
963,76.48999999999998
964,76.48
965,80.43999999999998
966,78.42
967,79.93999999999998
968,76.29
969,71.5
970,73.45
971,73.97
972,79.57
973,73.48999999999998
974,70.81
975,70.3
976,78.86
977,75.51999999999998
978,76.0
979,77.98
980,77.23
981,85.06
982,81.36
983,81.71
984,79.22
985,80.03
986,79.73999999999998
987,83.09
988,88.86
989,94.99
990,97.94
991,93.22
992,85.65
993,87.43999999999998
994,83.36
995,85.09
996,83.08
997,87.9
998,87.34
999,83.42
1000,90.53
1001,82.06
1002,80.61
1003,85.33
1004,83.7
1005,80.29999999999998
1006,82.51999999999998
1007,84.2
1008,81.07
1009,79.71
1010,74.98
1011,73.79
1012,79.18
1013,85.47
1014,77.97
1015,72.12
1016,69.09
1017,70.41
1018,79.43999999999998
1019,74.98
1020,65.97
1021,70.44
1022,69.91
1023,72.92
1024,80.73
1025,74.23
1026,67.96
1027,71.18
1028,73.4
1029,71.09
1030,67.56
1031,69.8
1032,71.7
1033,73.18999999999998
1034,71.24
1035,66.41
1036,69.69
1037,81.25
1038,68.33
1039,74.12999999999998
1040,73.65999999999998
1041,63.68
1042,67.87
1043,68.83
1044,69.44
1045,69.41
1046,68.63
1047,70.90000000000002
1048,65.49
1049,67.75
1050,71.3
1051,71.85
1052,69.45
1053,73.04999999999998
1054,80.62999999999998
1055,71.49
1056,72.59
1057,75.53
1058,69.89
1059,70.03
1060,72.4
1061,74.97
1062,71.38
1063,63.77
1064,60.13
1065,63.09
1066,64.58
1067,60.62
1068,59.48
1069,61.52
1070,63.45
1071,66.89
1072,66.23
1073,67.32
1074,72.02
1075,66.33
1076,65.90000000000002
1077,65.62
1078,66.59
1079,63.18
1080,66.63
1081,70.17
1082,73.64
1083,69.78
1084,69.13
1085,74.23
1086,63.17
1087,62.66
1088,59.78
1089,61.59
1090,65.25
1091,63.48
1092,62.89
1093,65.45
1094,65.52
1095,68.49
1096,75.76
1097,70.09
1098,72.57
1099,75.59
1100,75.25
1101,76.62
1102,73.14
1103,74.72
1104,80.14
1105,81.23
1106,79.34999999999998
1107,75.17
1108,78.64
1109,62.87
1110,68.47
1111,69.97
1112,74.15
1113,71.3
1114,71.02
1115,72.33
1116,69.37
1117,67.39
1118,64.11
1119,68.74
1120,67.75
1121,70.88
1122,69.11
1123,66.2
1124,68.29
1125,66.85
1126,61.55
1127,64.6
1128,66.91
1129,64.78
1130,69.43
1131,78.57
1132,72.01000000000002
1133,75.48
1134,73.92
1135,69.7
1136,68.95
1137,65.99
1138,65.36
1139,61.65
1140,64.67
1141,61.2
1142,59.75
1143,63.63
1144,66.37
1145,68.78
1146,66.05
1147,70.0
1148,71.43
1149,76.84999999999998
1150,86.54
1151,84.53
1152,81.89
1153,81.71
1154,76.7
1155,77.82
1156,85.7
1157,85.04999999999998
1158,87.21
1159,82.39
1160,77.82
1161,77.79
1162,83.39
1163,83.15
1164,74.46
1165,78.68999999999998
1166,77.36
1167,77.28
1168,80.76
1169,77.36
1170,77.93
1171,74.76
1172,64.96
1173,51.82
1174,52.96
1175,46.59
1176,44.16
1177,39.76
1178,40.87
1179,38.54
1180,28.85
1181,31.41
1182,27.92
1183,30.51
1184,30.48
1185,28.45
1186,26.56
1187,31.34
1188,32.81
1189,33.11
1190,35.72
1191,39.61
1192,44.05
1193,43.63
1194,39.15
1195,34.73
1196,28.44
1197,25.1
1198,30.67
1199,30.52
1200,40.41
1201,47.59
1202,55.71
1203,56.5
1204,61.47
1205,67.31
1206,70.78
1207,70.64
1208,70.72
1209,72.56
1210,61.6
1211,67.5
1212,67.35
1213,68.37
1214,65.46
1215,71.69
1216,65.64
1217,66.14
1218,65.79
1219,65.14
1220,65.8
1221,67.56
1222,67.35
1223,66.86
1224,65.21
1225,73.92
1226,65.71
1227,68.13
1228,71.5
1229,72.83
1230,72.48
1231,74.54999999999998
1232,75.58
1233,67.71
1234,69.36
1235,72.65
1236,70.56
1237,72.75
1238,78.78
1239,79.68999999999998
1240,75.96
1241,72.9
1242,74.54
1243,79.32
1244,80.86
1245,73.65999999999998
1246,76.87
1247,76.08
1248,77.84999999999998
1249,79.22
1250,72.98
1251,78.72
1252,76.76
1253,75.79
1254,77.08
1255,76.22
1256,75.48
1257,78.86
1258,87.90999999999998
1259,81.21
1260,82.11
1261,73.46
1262,66.68
1263,69.90000000000002
1264,73.18
1265,68.46
1266,76.18
1267,78.29999999999998
1268,75.39
1269,76.21
1270,80.48
1271,85.93999999999998
1272,84.43
1273,82.34999999999998
1274,75.18999999999998
1275,82.93999999999998
1276,85.76
1277,77.26999999999998
1278,80.56
1279,78.9
1280,79.46
1281,77.09
1282,73.76999999999998
1283,74.12999999999998
1284,75.4
1285,78.98
1286,80.26
1287,73.61
1288,72.0
1289,70.51000000000002
1290,75.08
1291,80.2
1292,77.87999999999998
1293,76.23
1294,80.37999999999998
1295,79.17
1296,79.34
1297,77.71
1298,68.91
1299,75.46
1300,76.87999999999998
1301,77.15999999999998
1302,79.90999999999998
1303,83.33
1304,80.59
1305,80.64
1306,81.23
1307,79.48
1308,75.58
1309,74.54
1310,74.25
1311,74.21
1312,75.48
1313,76.01
1314,74.95
1315,78.03
1316,81.12999999999998
1317,78.09
1318,81.08
1319,83.33
1320,83.43999999999998
1321,80.78
1322,76.21
1323,71.77
1324,78.36
1325,73.15
1326,63.64
1327,66.0
1328,63.93
1329,62.9
1330,60.91
1331,60.91
1332,62.14
1333,62.66
1334,74.73999999999998
1335,80.79999999999998
1336,74.12999999999998
1337,75.93
1338,69.24
1339,71.62
1340,70.63
1341,70.73
1342,65.5
1343,62.88
1344,62.12
1345,61.39
1346,66.15000000000002
1347,65.06
1348,69.73
1349,62.12
1350,71.26000000000002
1351,65.72
1352,69.18
1353,76.59999999999998
1354,65.75
1355,70.12
1356,72.33
1357,70.40000000000002
1358,70.40000000000002
1359,72.76999999999998
1360,85.68999999999998
1361,77.72
1362,77.06
1363,80.93
1364,72.76
1365,71.73
1366,70.36
1367,65.27
1368,62.65
1369,66.76000000000002
1370,56.88
1371,62.01
1372,65.13
1373,68.22
1374,75.23
1375,73.95
1376,75.14
1377,75.87999999999998
1378,72.51999999999998
1379,69.73
1380,75.18999999999998
1381,74.14
1382,72.09
1383,68.29
1384,70.63
1385,74.45
1386,76.21
1387,72.39
1388,70.09
1389,69.12
1390,73.95
1391,67.27
1392,73.79999999999998
1393,73.84
1394,67.75
1395,70.96
1396,69.42
1397,71.28
1398,67.22
1399,67.78
1400,67.78
1401,69.21
1402,73.48
1403,67.11
1404,67.18
1405,73.11
1406,67.79
1407,69.46
1408,70.04
1409,66.46
1410,64.07
1411,72.04
1412,77.11
1413,65.83
1414,60.57
1415,61.88
1416,63.15
1417,72.61
1418,73.04
1419,71.46
1420,67.31
1421,70.05
1422,63.33
1423,67.93
1424,69.89
1425,72.15999999999998
1426,64.11
1427,68.82
1428,71.32
1429,68.69
1430,72.12
1431,73.5
1432,72.48
1433,73.65999999999998
1434,69.28
1435,56.63
1436,61.13
1437,59.95
1438,53.24
1439,47.56
1440,55.69
1441,66.99
1442,61.57
1443,64.3
1444,60.25
1445,57.4
1446,66.98
1447,67.7
1448,69.12
1449,63.95
1450,68.53
1451,66.93
1452,71.91
1453,66.24
1454,72.03
1455,72.15999999999998
1456,71.33
1457,66.21
1458,71.46
1459,67.84
1460,69.67
1461,74.23
1462,70.06
1463,69.28
1464,71.38
1465,70.89
1466,71.17
1467,78.46
1468,69.38
1469,70.88
1470,65.47
1471,71.43
1472,67.90000000000002
1473,64.18
1474,66.01000000000002
1475,62.46
1476,63.01
1477,64.22
1478,68.91
1479,60.07
1480,62.38
1481,69.18
1482,69.25
1483,69.82
1484,69.75
1485,65.09
1486,61.93
1487,68.74
1488,63.74
1489,65.78
1490,71.8
1491,68.67
1492,70.82
1493,70.57
1494,61.85
1495,55.12
1496,42.55
1497,41.55
1498,27.6
1499,30.56
1500,22.84
1501,25.58
1502,26.05
1503,23.19
1504,23.52
1505,23.04
1506,24.86
1507,22.68
1508,22.23
1509,26.67
1510,27.74
1511,26.02
1512,29.48
1513,23.53
1514,24.43
1515,24.22
1516,21.41
1517,19.51
1518,21.74
1519,22.11
1520,23.15
1521,24.78
1522,22.25
1523,21.21
1524,24.33
1525,31.81
1526,32.34
1527,39.52
1528,44.34
1529,60.76
1530,64.69
1531,71.58
1532,76.26
1533,76.08
1534,69.33
1535,75.09
1536,68.15000000000002
1537,72.31
1538,67.31
1539,73.64
1540,67.68
1541,71.92
1542,70.24
1543,68.58
1544,78.93999999999998
1545,73.93
1546,67.78
1547,70.98
1548,74.34999999999998
1549,79.01
1550,74.09999999999998
1551,72.86
1552,74.83
1553,73.67
1554,75.61
1555,81.04
1556,76.59999999999998
1557,74.86
1558,74.83
1559,70.53
1560,70.79
1561,75.57
1562,77.37999999999998
1563,78.86
1564,74.98
1565,74.71
1566,65.62
1567,69.43
1568,74.89
1569,74.95
1570,67.39
1571,69.3
1572,67.05
1573,69.58
1574,76.22
1575,73.23
1576,83.40999999999998
1577,74.48999999999998
1578,80.64
1579,75.59999999999998
1580,77.23999999999998
1581,73.07
1582,80.09999999999998
1583,71.13
1584,73.79999999999998
1585,74.29
1586,69.23
1587,71.25
1588,76.21
1589,73.21
1590,72.59
1591,70.57
1592,71.84
1593,74.71
1594,67.35
1595,75.65
1596,78.42
1597,80.68999999999998
1598,76.98999999999998
1599,77.2
1600,78.26
1601,76.25
1602,73.79
1603,86.2
1604,76.68
1605,74.36
1606,75.95
1607,76.90999999999998
1608,73.86
1609,73.51
1610,72.78
1611,72.68
1612,67.24
1613,68.44
1614,77.25
1615,75.61
1616,76.45
1617,70.67
1618,81.06
1619,80.54
1620,81.15999999999998
1621,66.23
1622,69.61
1623,66.49
1624,77.17
1625,76.84999999999998
1626,74.78
1627,75.97
1628,78.65999999999998
1629,73.04
1630,68.98
1631,70.59
1632,67.8
1633,66.02
1634,67.33
1635,68.41
1636,67.03
1637,66.97
1638,68.28
1639,66.65000000000002
1640,67.08
1641,65.23
1642,69.51000000000002
1643,67.08
1644,65.19
1645,66.72
1646,66.21
1647,71.79
1648,72.75
1649,75.76
1650,75.90999999999998
1651,80.51999999999998
1652,75.2
1653,80.29
1654,73.40999999999998
1655,83.40999999999998
1656,75.08
1657,80.25
1658,79.04999999999998
1659,70.86
1660,77.93
1661,79.14
1662,80.07
1663,83.18999999999998
1664,80.37999999999998
1665,85.7
1666,85.87
1667,86.67
1668,94.57
1669,93.21
1670,91.51
1671,91.86000000000001
1672,80.34999999999998
1673,84.21
1674,81.14
1675,87.07
1676,92.52
1677,87.29
1678,85.79999999999998
1679,86.23999999999998
1680,93.04
1681,84.06
1682,87.53
1683,82.57
1684,81.46
1685,83.28
1686,82.72
1687,88.2
1688,85.06
1689,85.83
1690,86.79999999999998
1691,73.73
1692,64.71
1693,62.72
1694,63.26
1695,66.97
1696,62.82
1697,58.76
1698,58.61
1699,56.58
1700,52.11
1701,51.42
1702,51.16
1703,47.03
1704,50.79
1705,52.11
1706,48.37
1707,51.8
1708,60.23
1709,61.31
1710,67.55
1711,64.87
1712,68.51000000000002
1713,73.2
1714,68.91
1715,67.90000000000002
1716,68.15000000000002
1717,64.83
1718,56.88
1719,53.41
1720,62.49
1721,66.39
1722,71.86
1723,72.48
1724,69.83
1725,70.57
1726,70.99
1727,60.5
1728,57.66
1729,57.98
1730,49.25
1731,49.72
1732,40.1
1733,37.6
1734,32.68
1735,27.43
1736,29.7
1737,29.4
1738,37.49
1739,39.89
1740,42.74
1741,45.88
1742,42.22
1743,32.15
1744,29.73
1745,25.83
1746,25.23
1747,25.95
1748,24.96
1749,28.98
1750,26.7
1751,28.16
1752,33.54
1753,30.41
1754,26.7
1755,27.97
1756,24.83
1757,25.36
1758,26.82
1759,24.64
1760,27.42
1761,28.58
1762,28.43
1763,31.14
1764,34.27
1765,38.6
1766,38.6
1767,34.81
1768,31.37
1769,26.78
1770,28.68
1771,29.81
1772,26.82
1773,35.92
1774,30.38
1775,27.65
1776,26.59
1777,25.88
1778,26.36
1779,29.17
1780,30.14
1781,36.96
1782,40.86
1783,41.47
1784,44.29
1785,45.66
1786,43.6
1787,41.44
1788,42.23
1789,49.09
1790,49.32
1791,45.02
1792,43.7
1793,41.98
1794,41.34
1795,39.75
1796,42.34
1797,39.92
1798,41.49
1799,45.84
1800,49.66
1801,44.09
1802,48.2
1803,49.55
1804,55.09
1805,59.05
1806,64.94
1807,63.04
1808,58.0
1809,48.5
1810,50.73
1811,47.62
1812,49.23
1813,41.29
1814,38.02
1815,39.59
1816,39.04
1817,34.53
1818,34.29
1819,39.73
1820,35.96
1821,38.86
1822,41.68
1823,47.69
1824,58.82
1825,64.39
1826,69.67
1827,77.73999999999998
1828,77.96
1829,80.98999999999998
1830,73.9
1831,71.71
1832,66.23
1833,72.28
1834,73.65999999999998
1835,79.57
1836,80.87
1837,82.62999999999998
1838,82.01
1839,77.65
1840,74.89
1841,71.29
1842,71.7
1843,72.36
1844,72.96
1845,72.5
1846,68.40000000000002
1847,68.34
1848,64.79
1849,69.21
1850,63.96
1851,64.14
1852,68.97
1853,57.42
1854,67.45
1855,64.90000000000002
1856,69.13
1857,72.64
1858,76.81
1859,70.46
1860,74.26
1861,72.08
1862,75.81
1863,81.48999999999998
1864,73.37
1865,71.55
1866,76.23
1867,73.37
1868,71.82
1869,70.48
1870,72.08
1871,76.34
1872,73.9
1873,75.29
1874,73.79999999999998
1875,76.26999999999998
1876,78.04999999999998
1877,69.06
1878,72.43999999999998
1879,71.12
1880,75.59
1881,72.18
1882,74.96
1883,74.43
1884,68.36
1885,67.3
1886,72.71
1887,74.29999999999998
1888,70.24
1889,65.84
1890,64.86
1891,70.32
1892,62.45
1893,67.40000000000002
1894,58.31
1895,80.46
1896,60.69
1897,67.43
1898,61.24
1899,70.8
1900,70.93
1901,66.55
1902,68.83
1903,65.25
1904,64.3
1905,67.13
1906,61.31
1907,64.6
1908,62.3
1909,60.94
1910,59.47
1911,58.75
1912,62.68
1913,61.01
1914,61.79
1915,71.94
1916,72.14
1917,69.48
1918,71.17
1919,64.68
1920,61.87
1921,52.53
1922,42.86
1923,49.56
1924,44.38
1925,47.42
1926,37.06
1927,29.39
1928,44.43
1929,54.65
1930,61.52
1931,69.72
1932,67.74
1933,68.62
1934,65.51000000000002
1935,62.98
1936,58.74
1937,56.82
1938,61.4
1939,55.32
1940,54.72
1941,64.64
1942,65.96
1943,59.2
1944,54.53
1945,60.51
1946,60.86
1947,61.07
1948,57.6
1949,61.22
1950,63.1
1951,63.62
1952,66.27
1953,58.93
1954,67.29
1955,70.31
1956,67.25
1957,68.76000000000002
1958,61.48
1959,59.65
1960,52.67
1961,50.14
1962,49.06
1963,53.37
1964,53.08
1965,49.62
1966,50.07
1967,43.92
1968,46.39
1969,44.41
1970,45.1
1971,55.41
1972,63.11
1973,66.42
1974,56.27
1975,57.24
1976,63.75
1977,53.2
1978,45.43
1979,42.03
1980,42.03
1981,38.29
1982,42.6
1983,40.8
1984,35.08
1985,35.28
1986,35.18
1987,35.78
1988,34.61
1989,35.31
1990,37.56
1991,37.04
1992,34.8
1993,29.04
1994,26.51
1995,27.62
1996,32.53
1997,38.88
1998,41.18
1999,34.92
2000,37.2
2001,38.51
2002,41.02
2003,44.26
2004,36.26
2005,33.61
2006,32.19
2007,37.23
2008,37.46
2009,38.08
2010,40.57
2011,42.49
2012,34.47
2013,24.95
2014,20.98
2015,23.27
2016,27.8
2017,32.82
2018,28.79
2019,32.37
2020,36.69
2021,34.13
2022,25.96
2023,24.07
2024,26.78
2025,28.79
2026,22.72
2027,26.52
2028,24.77
2029,19.3
2030,21.78
2031,20.22
2032,20.51
2033,22.42
2034,20.46
2035,21.74
2036,21.19
2037,20.27
2038,18.83
2039,19.46
2040,21.27
2041,19.86
2042,18.28
2043,20.04
2044,21.46
2045,22.58
2046,25.0
2047,25.8
2048,25.48
2049,28.44
2050,28.09
2051,22.66
2052,27.06
2053,29.16
2054,27.37
2055,28.25
2056,30.66
2057,26.38
2058,29.24
2059,27.13
2060,28.52
2061,29.46
2062,38.35
2063,46.65
2064,57.24
2065,64.75
2066,57.93
2067,67.58
2068,72.34999999999998
2069,73.87
2070,74.15
2071,80.89
2072,81.97
2073,76.79999999999998
2074,76.57
2075,79.82
2076,77.26999999999998
2077,78.59999999999998
2078,75.64
2079,80.43
2080,80.93
2081,73.78
2082,76.58
2083,70.55
2084,70.24
2085,79.25
2086,67.42
2087,73.5
2088,63.25
2089,61.9
2090,59.83
2091,63.27
2092,67.5
2093,65.75
2094,67.96
2095,70.13
2096,74.37
2097,69.42
2098,77.04
2099,81.39
2100,85.12999999999998
2101,90.08
2102,88.47
2103,72.95
2104,71.38
2105,54.11
2106,54.72
2107,47.22
2108,36.63
2109,35.39
2110,32.58
2111,31.04
2112,30.04
2113,29.44
2114,26.51
2115,23.36
2116,26.42
2117,20.39
2118,24.99
2119,26.55
2120,27.58
2121,29.83
2122,41.19
2123,52.87
2124,66.46
2125,76.36
2126,85.47
2127,74.54
2128,65.96
2129,72.51
2130,67.56
2131,69.75
2132,72.48999999999998
2133,73.7
2134,77.09999999999998
2135,80.06
2136,79.76999999999998
2137,82.34
2138,84.0
2139,86.68
2140,88.78
2141,90.24
2142,93.49
2143,89.51
2144,92.52
2145,95.87
2146,85.96
2147,85.09
2148,86.12
2149,88.82
2150,92.99
2151,87.31
2152,93.09
2153,94.11000000000003
2154,83.84999999999998
2155,89.73999999999998
2156,96.64
2157,96.6
2158,96.11000000000003
2159,96.31
2160,88.54999999999998
2161,90.78
2162,91.24
2163,89.22
2164,87.48
2165,88.51
2166,90.58
2167,93.9
2168,94.73
2169,84.06
2170,80.54
2171,82.26999999999998
2172,80.0
2173,75.71
2174,70.6
2175,73.86
2176,71.65000000000002
2177,70.3
2178,72.0
2179,68.83
2180,70.91
2181,63.32
2182,66.81
2183,72.21
2184,75.34
2185,73.67
2186,76.57
2187,73.95
2188,78.96
2189,85.75
2190,75.28
2191,71.61
2192,73.79
2193,78.06
2194,79.98
2195,81.72
2196,80.65999999999998
2197,71.53
2198,67.39
2199,65.45
2200,64.12
2201,63.71
2202,65.79
2203,65.1
2204,70.79
2205,73.26999999999998
2206,72.05
2207,70.83
2208,68.86
2209,68.18
2210,70.79
2211,81.11
2212,62.96
2213,51.01
2214,40.88
2215,30.51
2216,23.74
2217,19.28
2218,18.13
2219,20.23
2220,18.14
2221,17.059999999999995
2222,16.57
2223,17.91
2224,17.41
2225,18.34
2226,20.05
2227,23.04
2228,25.6
2229,24.0
2230,17.52
2231,20.17
2232,24.5
2233,21.38
2234,20.28
2235,17.719999999999995
2236,18.35
2237,21.2
2238,18.95
2239,16.86
2240,18.59
2241,25.94
2242,37.22
2243,41.28
2244,57.47
2245,59.28
2246,63.79
2247,45.57
2248,45.09
2249,40.67
2250,28.93
2251,23.53
2252,24.12
2253,24.34
2254,19.98
2255,22.04
2256,19.63
2257,17.26
2258,17.33
2259,19.57
2260,16.87
2261,18.35
2262,15.67
2263,17.25
2264,15.19
2265,19.46
2266,18.98
2267,17.73
2268,15.61
2269,18.19
2270,17.44
2271,20.19
2272,18.73
2273,16.24
2274,22.3
2275,15.36
2276,17.61
2277,13.25
2278,15.01
2279,17.63
2280,20.77
2281,20.93
2282,17.61
2283,21.08
2284,19.82
2285,17.059999999999995
2286,17.94
2287,17.3
2288,18.12
2289,18.46
2290,20.12
2291,24.2
2292,21.99
2293,34.58
2294,39.81
2295,43.98
2296,36.85
2297,49.29
2298,51.35
2299,65.66
2300,65.99
2301,69.41
2302,78.0
2303,77.71
2304,78.78
2305,84.67
2306,73.43
2307,81.84
2308,85.25
2309,92.26
2310,93.25
2311,83.37
2312,77.56
2313,84.21
2314,79.92
2315,90.15
2316,83.75
2317,97.38
2318,89.79999999999998
2319,81.54
2320,93.94
2321,100.18
2322,88.21
2323,94.68
2324,85.01999999999998
2325,86.32
2326,80.75
2327,79.26
2328,80.29
2329,77.73
2330,78.03
2331,77.78
2332,74.87
2333,79.61
2334,81.61
2335,74.59999999999998
2336,85.84999999999998
2337,85.22
2338,87.40999999999998
2339,86.89
2340,90.14
2341,83.97
2342,89.76999999999998
2343,87.43999999999998
2344,82.18999999999998
2345,86.14
2346,91.01
2347,87.0
2348,78.43999999999998
2349,79.29
2350,78.43999999999998
2351,77.68
2352,89.32
2353,74.79999999999998
2354,86.54999999999998
2355,87.51999999999998
2356,84.25
2357,89.84
2358,92.89
2359,86.87
2360,88.12
2361,86.79
2362,86.84999999999998
2363,87.53
2364,93.45
2365,84.46
2366,81.73
2367,81.79999999999998
2368,77.87
2369,84.23
2370,79.21
2371,72.68999999999998
2372,71.57
2373,75.39
2374,73.37999999999998
2375,72.58
2376,77.59
2377,74.71
2378,75.15
2379,76.37
2380,79.01
2381,78.31
2382,78.48999999999998
2383,78.96
2384,67.41
2385,71.29
2386,63.93
2387,66.3
2388,66.33
2389,59.82
2390,48.82
2391,45.0
2392,52.81
2393,54.61
2394,53.44
2395,54.54
2396,61.44
2397,66.2
2398,54.43
2399,41.63
2400,31.88
2401,28.3
2402,22.81
2403,25.18
2404,20.75
2405,19.99
2406,20.59
2407,20.19
2408,15.82
2409,13.44
2410,16.92
2411,19.78
2412,18.15
2413,16.45
2414,14.88
2415,16.2
2416,16.63
2417,15.79
2418,19.47
2419,15.49
2420,19.29
2421,14.07
2422,16.69
2423,19.5
2424,18.31
2425,15.95
2426,14.0
2427,14.78
2428,15.05
2429,18.03
2430,20.77
2431,20.53
2432,20.1
2433,17.85
2434,18.89
2435,18.33
2436,22.2
2437,19.63
2438,17.76
2439,15.17
2440,16.12
2441,18.36
2442,18.2
2443,18.75
2444,21.92
2445,20.35
2446,17.37
2447,18.94
2448,20.4
2449,20.85
2450,20.47
2451,21.54
2452,22.46
2453,16.04
2454,18.67
2455,18.32
2456,16.74
2457,16.39
2458,17.719999999999995
2459,18.25
2460,21.54
2461,15.86
2462,16.14
2463,17.09
2464,16.83
2465,19.16
2466,17.11
2467,19.25
2468,16.46
2469,19.02
2470,18.66
2471,21.86
2472,23.43
2473,21.45
2474,21.33
2475,20.08
2476,18.45
2477,20.86
2478,19.86
2479,18.2
2480,21.08
2481,17.59
2482,20.41
2483,18.35
2484,17.6
2485,13.83
2486,17.91
2487,18.09
2488,19.31
2489,16.82
2490,22.58
2491,15.56
2492,20.33
2493,18.1
2494,17.99
2495,20.5
2496,22.27
2497,20.38
2498,23.31
2499,18.91
2500,19.78
2501,22.35
2502,24.34
2503,23.01
2504,22.91
2505,25.79
2506,26.96
2507,29.06
2508,33.81
2509,33.76
2510,43.81
2511,39.85
2512,39.19
2513,35.71
2514,39.93
2515,53.85
2516,62.54
2517,68.24
2518,65.62
2519,65.87
2520,65.91
2521,65.18
2522,66.22
2523,70.21
2524,63.13
2525,66.37
2526,72.61
2527,70.25
2528,70.37
2529,72.59
2530,71.90000000000002
2531,67.14
2532,65.19
2533,61.19
2534,54.72
2535,48.29
2536,37.09
2537,26.51
2538,21.87
2539,20.69
2540,18.98
2541,18.84
2542,18.39
2543,19.71
2544,18.03
2545,19.34
2546,17.43
2547,17.42
2548,18.53
2549,20.17
2550,14.09
2551,15.32
2552,17.809999999999995
2553,19.77
2554,20.18
2555,17.82
2556,20.26
2557,19.47
2558,16.08
2559,15.87
2560,14.49
2561,17.01
2562,16.59
2563,15.55
2564,19.66
2565,13.85
2566,18.53
2567,15.88
2568,18.72
2569,20.67
2570,18.61
2571,16.88
2572,17.84
2573,17.8
2574,16.16
2575,15.29
2576,17.899999999999995
2577,19.67
2578,22.3
2579,15.9
2580,17.25
2581,17.01
2582,14.15
2583,15.44
2584,20.5
2585,19.61
2586,20.24
2587,23.58
2588,23.44
2589,19.26
2590,17.25
2591,21.35
2592,18.76
2593,20.2
2594,22.45
2595,30.85
2596,25.83
2597,20.8
2598,16.0
2599,16.14
2600,14.86
2601,16.49
2602,15.84
2603,19.47
2604,18.66
2605,13.54
2606,18.14
2607,18.22
2608,18.65
2609,20.55
2610,24.69
2611,24.41
2612,18.2
2613,20.13
2614,17.63
2615,25.01
2616,25.34
2617,36.2
2618,39.99
2619,30.6
2620,38.37
2621,37.62
2622,37.13
2623,36.76
2624,36.39
2625,37.99
2626,43.98
2627,48.68
2628,48.5
2629,41.05
2630,36.88
2631,33.39
2632,29.99
2633,23.15
2634,25.67
2635,25.86
2636,36.18
2637,44.78
2638,45.69
2639,53.57
2640,61.83
2641,72.40999999999998
2642,72.18
2643,61.19
2644,65.12
2645,64.63
2646,73.40999999999998
2647,67.43
2648,70.33
2649,71.95
2650,71.41
2651,73.43999999999998
2652,75.5
2653,74.34999999999998
2654,74.46
2655,83.04999999999998
2656,88.90999999999998
2657,91.69
2658,84.06
2659,87.09
2660,82.04999999999998
2661,89.2
2662,85.56
2663,80.97
2664,81.14
2665,81.84999999999998
2666,79.83
2667,77.84
2668,78.9
2669,78.31
2670,79.84999999999998
2671,78.39
2672,78.06
2673,73.5
2674,81.32
2675,88.54999999999998
2676,80.59
2677,83.67
2678,71.98
2679,75.62
2680,69.22
2681,70.47
2682,72.32
2683,76.76999999999998
2684,68.13
2685,65.05
2686,67.28
2687,63.11
2688,59.46
2689,60.07
2690,62.66
2691,60.64
2692,61.91
2693,62.11
2694,63.09
2695,70.8
2696,73.57
2697,68.33
2698,64.46
2699,66.99
2700,71.55
2701,68.09
2702,64.42
2703,60.29
2704,47.04
2705,41.81
2706,29.61
2707,21.97
2708,18.67
2709,19.4
2710,19.32
2711,19.78
2712,21.98
2713,20.9
2714,17.0
2715,21.12
2716,23.27
2717,21.25
2718,21.61
2719,21.13
2720,21.26
2721,24.36
2722,25.06
2723,21.85
2724,20.94
2725,19.45
2726,21.11
2727,20.93
2728,22.25
2729,23.18
2730,25.92
2731,23.13
2732,17.5
2733,18.69
2734,20.78
2735,21.74
2736,22.02
2737,19.68
2738,21.6
2739,23.23
2740,19.7
2741,21.01
2742,20.6
2743,20.45
2744,18.78
2745,20.1
2746,20.52
2747,21.48
2748,17.76
2749,22.74
2750,18.14
2751,18.22
2752,19.79
2753,17.71
2754,26.73
2755,20.71
2756,19.79
2757,21.95
2758,15.61
2759,19.13
2760,16.39
2761,20.88
2762,19.0
2763,17.12
2764,21.21
2765,20.39
2766,22.76
2767,23.31
2768,19.7
2769,20.33
2770,22.91
2771,22.33
2772,20.25
2773,22.72
2774,22.51
2775,19.67
2776,21.23
2777,22.5
2778,26.28
2779,24.52
2780,20.08
2781,23.81
2782,24.34
2783,21.64
2784,27.74
2785,28.06
2786,26.28
2787,17.19
2788,15.5
2789,18.25
2790,16.74
2791,15.51
2792,18.94
2793,20.61
2794,21.57
2795,18.64
2796,22.27
2797,17.18
2798,21.26
2799,20.84
2800,18.34
2801,18.56
2802,22.99
2803,21.77
2804,30.82
2805,39.84
2806,51.21
2807,51.57
2808,57.16
2809,56.7
2810,62.09
2811,68.18
2812,71.15000000000002
2813,72.93999999999998
2814,69.25
2815,73.65
2816,69.25
2817,73.73
2818,76.06
2819,81.68999999999998
2820,83.47
2821,87.59999999999998
2822,79.7
2823,81.56
2824,86.81
2825,81.51
2826,84.22
2827,83.96
2828,90.72
2829,82.68999999999998
2830,84.76
2831,84.64
2832,90.88
2833,87.25
2834,85.37999999999998
2835,89.18
2836,82.21
2837,91.55
2838,92.28
2839,88.51
2840,92.79
2841,87.59999999999998
2842,84.64
2843,95.52
2844,86.95
2845,94.56
2846,85.01999999999998
2847,90.37
2848,84.95
2849,79.03
2850,79.68999999999998
2851,83.65
2852,84.76
2853,84.83
2854,82.93
2855,83.73999999999998
2856,80.58
2857,80.26
2858,86.48
2859,90.54
2860,80.04
2861,83.96
2862,74.34
2863,81.68
2864,84.22
2865,78.97
2866,81.5
2867,80.0
2868,74.01999999999998
2869,77.54999999999998
2870,89.59999999999998
2871,88.03
2872,77.5
2873,78.82
2874,76.01999999999998
2875,77.54999999999998
2876,77.58
2877,76.14
2878,81.12999999999998
2879,78.90999999999998
2880,85.84
2881,78.18
2882,73.90999999999998
2883,82.59
2884,72.5
2885,84.39
2886,81.11
2887,72.98
2888,74.04999999999998
2889,77.79
2890,73.93
2891,68.82
2892,64.14
2893,64.07
2894,72.4
2895,63.69
2896,63.06
2897,45.82
2898,35.19
2899,22.65
2900,27.11
2901,22.12
2902,22.51
2903,21.2
2904,17.98
2905,22.37
2906,21.37
2907,20.31
2908,22.93
2909,22.52
2910,23.49
2911,20.99
2912,25.95
2913,23.71
2914,27.18
2915,25.42
2916,24.69
2917,22.31
2918,25.99
2919,26.22
2920,25.21
2921,27.66
2922,29.28
2923,29.02
2924,32.53
2925,36.74
2926,34.5
2927,30.76
2928,39.91
2929,39.65
2930,59.41
2931,80.59999999999998
2932,75.29
2933,73.68
2934,63.47
2935,42.91
2936,33.05
2937,26.08
2938,16.18
2939,13.8
2940,15.88
2941,19.41
2942,15.45
2943,15.13
2944,17.11
2945,15.97
2946,11.47
2947,16.09
2948,14.91
2949,14.79
2950,18.43
2951,18.99
2952,16.99
2953,16.89
2954,13.55
2955,16.96
2956,15.95
2957,16.5
2958,21.88
2959,27.33
2960,26.32
2961,32.21
2962,41.38
2963,56.57
2964,48.64
2965,47.25
2966,37.92
2967,33.04
2968,28.3
2969,22.78
2970,22.5
2971,15.55
2972,17.88
2973,17.45
2974,15.32
2975,17.559999999999995
2976,15.39
2977,15.77
2978,16.62
2979,13.02
2980,16.39
2981,17.78
2982,15.26
2983,14.21
2984,15.63
2985,16.899999999999995
2986,16.78
2987,17.96
2988,19.57
2989,18.25
2990,20.23
2991,18.76
2992,22.06
2993,22.27
2994,20.75
2995,25.57
2996,26.84
2997,28.0
2998,26.19
2999,37.04
3000,31.85
3001,39.21
3002,44.07
3003,59.4
3004,70.78
3005,70.93
3006,83.29
3007,83.84
3008,85.09999999999998
3009,76.51999999999998
3010,75.17
3011,76.98999999999998
3012,71.44
3013,79.01
3014,67.78
3015,65.53
3016,56.51
3017,54.56
3018,49.53
3019,59.87
3020,72.76999999999998
3021,79.87999999999998
3022,78.65
3023,87.43999999999998
3024,87.32
3025,90.46
3026,81.62999999999998
3027,75.65999999999998
3028,86.03
3029,87.87999999999998
3030,82.48999999999998
3031,90.39
3032,89.04
3033,90.08
3034,82.51
3035,81.4
3036,86.79
3037,84.76
3038,84.51999999999998
3039,85.68999999999998
3040,87.78
3041,89.54999999999998
3042,85.65999999999998
3043,78.93999999999998
3044,78.43999999999998
3045,77.01999999999998
3046,74.93999999999998
3047,70.05
3048,81.17
3049,83.23999999999998
3050,76.01
3051,63.78
3052,53.78
3053,41.45
3054,40.0
3055,30.99
3056,33.67
3057,34.85
3058,34.16
3059,37.43
3060,30.08
3061,26.23
3062,25.15
3063,32.01
3064,28.53
3065,28.36
3066,26.41
3067,25.17
3068,29.16
3069,38.17
3070,38.9
3071,40.9
3072,42.68
3073,48.9
3074,53.32
3075,52.39
3076,47.84
3077,43.58
3078,35.65
3079,31.59
3080,28.66
3081,25.79
3082,27.68
3083,27.88
3084,35.26
3085,31.93
3086,40.79
3087,34.55
3088,39.23
3089,41.47
3090,43.33
3091,62.89
3092,64.8
3093,62.76
3094,63.95
3095,73.2
3096,78.01
3097,62.92
3098,66.04
3099,54.84
3100,44.7
3101,36.06
3102,28.22
3103,31.38
3104,24.5
3105,24.74
3106,24.63
3107,27.09
3108,26.22
3109,21.33
3110,24.62
3111,28.32
3112,27.88
3113,28.8
3114,26.17
3115,23.63
3116,25.31
3117,26.01
3118,25.05
3119,23.99
3120,25.25
3121,20.12
3122,20.72
3123,20.61
3124,20.68
3125,18.21
3126,18.85
3127,17.92
3128,19.02
3129,18.62
3130,19.57
3131,23.67
3132,23.11
3133,23.69
3134,25.02
3135,19.11
3136,21.56
3137,21.07
3138,23.7
3139,20.56
3140,18.57
3141,23.38
3142,20.77
3143,22.03
3144,21.76
3145,20.7
3146,26.45
3147,25.02
3148,22.97
3149,24.77
3150,25.21
3151,20.97
3152,25.95
3153,24.1
3154,22.59
3155,24.7
3156,23.46
3157,21.89
3158,24.79
3159,21.99
3160,21.33
3161,20.85
3162,23.67
3163,22.6
3164,18.38
3165,18.55
3166,19.67
3167,22.57
3168,18.1
3169,20.25
3170,22.25
3171,21.52
3172,19.56
3173,20.46
3174,17.78
3175,22.48
3176,22.1
3177,19.19
3178,20.87
3179,23.83
3180,20.48
3181,17.62
3182,21.63
3183,22.25
3184,17.77
3185,13.85
3186,20.21
3187,19.53
3188,21.47
3189,18.66
3190,20.77
3191,21.46
3192,21.89
3193,19.9
3194,18.01
3195,17.25
3196,17.809999999999995
3197,15.88
3198,19.83
3199,20.49
3200,22.81
3201,20.17
3202,20.87
3203,16.32
3204,16.85
3205,20.18
3206,16.78
3207,17.82
3208,18.78
3209,19.22
3210,19.45
3211,20.49
3212,16.6
3213,16.059999999999995
3214,15.42
3215,16.66
3216,16.07
3217,20.13
3218,17.51
3219,16.87
3220,20.34
3221,20.67
3222,21.89
3223,17.82
3224,19.73
3225,21.91
3226,22.97
3227,21.35
3228,17.18
3229,22.64
3230,19.43
3231,22.83
3232,21.87
3233,23.17
3234,18.16
3235,23.19
3236,22.99
3237,20.35
3238,19.42
3239,18.63
3240,20.04
3241,17.67
3242,17.52
3243,19.79
3244,20.61
3245,21.17
3246,21.99
3247,24.0
3248,21.8
3249,23.69
3250,25.53
3251,21.4
3252,19.32
3253,21.14
3254,18.01
3255,21.73
3256,20.54
3257,22.53
3258,20.33
3259,22.04
3260,19.95
3261,19.84
3262,20.55
3263,17.68
3264,21.48
3265,20.76
3266,18.27
3267,20.01
3268,23.04
3269,18.19
3270,21.42
3271,21.7
3272,21.98
3273,24.08
3274,22.48
3275,23.24
3276,21.83
3277,25.38
3278,21.99
3279,20.7
3280,22.48
3281,24.07
3282,21.05
3283,24.87
3284,24.19
3285,22.78
3286,21.99
3287,25.62
3288,25.96
3289,25.97
3290,23.27
3291,26.64
3292,25.95
3293,25.78
3294,25.72
3295,30.15
3296,29.71
3297,27.54
3298,28.28
3299,28.49
3300,32.34
3301,32.36
3302,36.33
3303,29.54
3304,31.38
3305,33.16
3306,33.18
3307,28.85
3308,26.53
3309,29.58
3310,28.41
3311,23.38
3312,29.31
3313,30.09
3314,27.34
3315,25.81
3316,29.26
3317,28.4
3318,27.61
3319,30.16
3320,22.15
3321,22.51
3322,22.95
3323,26.38
3324,26.24
3325,28.29
3326,23.61
3327,23.75
3328,28.06
3329,22.88
3330,29.42
3331,25.35
3332,35.46
3333,28.86
3334,27.04
3335,30.23
3336,32.17
3337,27.44
3338,29.38
3339,26.65
3340,26.79
3341,24.9
3342,27.22
3343,27.53
3344,28.44
3345,28.88
3346,28.1
3347,24.99
3348,26.09
3349,27.04
3350,26.64
3351,29.96
3352,24.32
3353,27.61
3354,29.44
3355,28.26
3356,29.95
3357,29.98
3358,28.55
3359,25.53
3360,30.28
3361,23.61
3362,23.77
3363,25.19
3364,25.87
3365,27.41
3366,23.89
3367,26.37
3368,27.22
3369,28.36
3370,28.84
3371,29.05
3372,25.48
3373,25.48
3374,29.27
3375,29.12
3376,20.08
3377,29.08
3378,24.35
3379,26.23
3380,25.7
3381,25.48
3382,26.34
3383,26.82
3384,24.32
3385,26.72
3386,24.34
3387,23.52
3388,21.77
3389,25.57
3390,24.02
3391,18.73
3392,23.24
3393,22.48
3394,19.37
3395,20.77
3396,21.59
3397,20.09
3398,20.67
3399,20.94
3400,23.52
3401,23.51
3402,22.59
3403,21.47
3404,18.34
3405,22.0
3406,22.54
3407,20.87
3408,20.93
3409,19.32
3410,18.37
3411,22.03
3412,22.44
3413,22.09
3414,22.33
3415,23.21
3416,25.45
3417,18.55
3418,19.78
3419,22.01
3420,26.89
3421,28.14
3422,26.46
3423,29.31
3424,25.85
3425,20.92
3426,20.34
3427,23.55
3428,22.5
3429,20.73
3430,23.84
3431,22.59
3432,20.63
3433,26.1
3434,25.83
3435,25.85
3436,20.96
3437,22.04
3438,29.45
3439,25.6
3440,26.17
3441,24.37
3442,26.67
3443,24.01
3444,23.8
3445,25.76
3446,25.72
3447,25.73
3448,22.34
3449,25.3
3450,19.08
3451,25.4
3452,22.42
3453,22.27
3454,21.88
3455,22.29
3456,20.58
3457,19.83
3458,22.58
3459,19.47
3460,21.83
3461,23.03
3462,17.84
3463,18.96
3464,21.71
3465,18.02
3466,23.34
3467,20.89
3468,21.59
3469,24.04
3470,21.24
3471,22.59
3472,25.45
3473,21.76
3474,23.45
3475,22.71
3476,21.07
3477,21.65
3478,24.98
3479,19.78
3480,19.65
3481,22.48
3482,20.07
3483,17.399999999999995
3484,19.05
3485,18.86
3486,16.53
3487,18.5
3488,18.95
3489,15.56
3490,17.27
3491,22.48
3492,17.58
3493,15.87
3494,17.6
3495,19.04
3496,18.11
3497,22.94
3498,23.12
3499,23.78
3500,18.52
3501,21.62
3502,22.51
3503,21.38
3504,21.65
3505,24.78
3506,21.99
3507,24.72
3508,26.24
3509,21.39
3510,28.71
3511,22.19
3512,22.59
3513,23.75
3514,17.64
3515,23.52
3516,22.41
3517,23.16
3518,17.7
3519,24.42
3520,28.15
3521,24.04
3522,26.39
3523,28.26
3524,24.25
3525,19.57
3526,24.86
3527,18.08
3528,22.72
3529,22.13
3530,15.59
3531,19.85
3532,20.42
3533,26.02
3534,23.86
3535,26.36
3536,21.34
3537,20.34
3538,23.7
3539,22.32
3540,20.14
3541,19.64
3542,23.42
3543,22.55
3544,18.42
3545,19.2
3546,16.76
3547,20.93
3548,25.81
3549,22.03
3550,24.54
3551,24.47
3552,22.59
3553,21.2
3554,23.73
3555,26.09
3556,26.23
3557,29.11
3558,30.0
3559,28.48
3560,22.68
3561,20.51
3562,21.24
3563,20.27
3564,16.149999999999995
3565,22.29
3566,21.6
3567,23.42
3568,25.45
3569,25.04
3570,26.54
3571,29.58
3572,23.86
3573,27.65
3574,24.03
3575,23.09
3576,26.04
3577,26.73
3578,26.97
3579,24.21
3580,25.75
3581,22.59
3582,28.53
3583,27.53
3584,26.47
3585,26.4
3586,25.86
3587,25.1
3588,25.19
3589,22.8
3590,24.42
3591,20.52
3592,20.02
3593,29.02
3594,21.74
3595,25.81
3596,22.92
3597,21.66
3598,19.21
3599,20.57
3600,23.31
3601,23.82
3602,24.29
3603,20.24
3604,20.61
3605,19.89
3606,18.89
3607,21.16
3608,19.99
3609,21.22
3610,19.56
3611,15.82
3612,17.58
3613,20.18
3614,17.48
3615,21.93
3616,16.13
3617,17.75
3618,21.49
3619,27.48
3620,27.78
3621,37.89
3622,20.65
3623,29.08
3624,28.81
3625,41.57
3626,57.61
3627,57.92
3628,57.13
3629,36.46
3630,26.54
3631,20.44
3632,20.68
3633,22.04
3634,19.78
3635,21.54
3636,15.79
3637,17.5
3638,17.05
3639,14.07
3640,19.8
3641,21.49
3642,20.4
3643,21.51
3644,16.24
3645,16.48
3646,17.37
3647,19.3
3648,20.82
3649,17.33
3650,24.26
3651,25.27
3652,19.13
3653,22.26
3654,22.04
3655,26.02
3656,21.34
3657,21.72
3658,23.38
3659,23.83
3660,20.53
3661,21.83
3662,21.34
3663,19.96
3664,16.809999999999995
3665,20.31
3666,22.71
3667,22.01
3668,22.65
3669,23.0
3670,22.85
3671,21.6
3672,18.94
3673,24.44
3674,24.99
3675,25.21
3676,22.98
3677,25.79
3678,30.5
3679,26.17
3680,27.56
3681,25.0
3682,25.69
3683,23.08
3684,19.67
3685,21.24
3686,26.58
3687,26.37
3688,24.28
3689,28.08
3690,29.34
3691,25.84
3692,19.82
3693,25.45
3694,28.74
3695,28.61
3696,25.95
3697,26.08
3698,24.16
3699,27.56
3700,25.65
3701,26.67
3702,25.69
3703,26.17
3704,30.57
3705,25.36
3706,25.22
3707,26.25
3708,25.87
3709,28.21
3710,27.04
3711,24.79
3712,24.81
3713,20.24
3714,19.92
3715,24.83
3716,20.1
3717,22.0
3718,20.33
3719,21.18
3720,17.149999999999995
3721,15.72
3722,17.83
3723,19.01
3724,18.67
3725,18.39
3726,24.25
3727,21.14
3728,23.37
3729,24.21
3730,23.48
3731,19.73
3732,21.45
3733,26.64
3734,24.7
3735,26.32
3736,27.78
3737,23.13
3738,23.96
3739,26.44
3740,21.59
3741,22.76
3742,24.13
3743,23.03
3744,24.43
3745,20.11
3746,24.62
3747,23.01
3748,26.0
3749,27.01
3750,24.74
3751,23.84
3752,24.87
3753,26.39
3754,25.2
3755,23.23
3756,20.83
3757,15.65
3758,17.62
3759,17.86
3760,16.57
3761,18.91
3762,20.04
3763,24.37
3764,19.13
3765,22.3
3766,20.07
3767,16.76
3768,21.19
3769,21.63
3770,23.24
3771,25.5
3772,23.43
3773,22.41
3774,25.69
3775,29.48
3776,27.23
3777,22.68
3778,24.63
3779,26.44
3780,22.42
3781,26.5
3782,26.37
3783,25.98
3784,20.95
3785,21.35
3786,21.42
3787,23.15
3788,26.14
3789,23.5
3790,21.66
3791,18.74
3792,21.19
3793,21.77
3794,20.18
3795,19.35
3796,20.6
3797,22.14
3798,20.57
3799,19.96
3800,20.95
3801,21.73
3802,21.17
3803,22.47
3804,26.98
3805,22.92
3806,23.94
3807,27.48
3808,28.61
3809,25.08
3810,23.44
3811,20.9
3812,19.13
3813,22.8
3814,20.3
3815,21.85
3816,22.59
3817,20.82
3818,23.19
3819,22.32
3820,21.51
3821,19.71
3822,20.08
3823,20.23
3824,19.98
3825,17.58
3826,23.38
3827,21.69
3828,20.49
3829,25.06
3830,23.37
3831,22.56
3832,20.94
3833,16.53
3834,17.92
3835,18.27
3836,21.24
3837,20.76
3838,19.13
3839,19.71
3840,22.09
3841,18.82
3842,16.58
3843,21.51
3844,21.12
3845,19.28
3846,21.22
3847,19.64
3848,19.89
3849,16.71
3850,21.77
3851,22.28
3852,17.39
3853,21.06
3854,20.57
3855,17.41
3856,22.51
3857,23.13
3858,23.48
3859,21.03
3860,21.34
3861,21.62
3862,19.75
3863,20.89
3864,21.92
3865,21.71
3866,20.77
3867,20.63
3868,23.3
3869,23.05
3870,23.81
3871,22.13
3872,23.55
3873,22.28
3874,23.53
3875,24.49
3876,21.43
3877,21.89
3878,22.21
3879,17.86
3880,18.95
3881,19.93
3882,18.42
3883,15.83
3884,17.73
3885,16.52
3886,16.86
3887,18.54
3888,14.46
3889,16.96
3890,17.52
3891,18.46
3892,18.15
3893,17.83
3894,15.81
3895,19.04
3896,15.31
3897,18.58
3898,18.91
3899,18.95
3900,20.4
3901,19.68
3902,22.89
3903,19.92
3904,22.08
3905,16.55
3906,19.09
3907,20.98
3908,21.81
3909,19.74
3910,23.08
3911,21.57
3912,19.59
3913,19.75
3914,18.53
3915,19.05
3916,19.58
3917,20.1
3918,20.63
3919,20.56
3920,20.41
3921,20.35
3922,20.16
3923,19.39
3924,22.95
3925,21.8
3926,21.21
3927,21.97
3928,19.15
3929,20.67
3930,20.27
3931,24.31
3932,18.51
3933,20.66
3934,21.41
3935,20.71
3936,17.899999999999995
3937,22.98
3938,20.06
3939,18.2
3940,22.41
3941,23.12
3942,21.07
3943,21.62
3944,19.51
3945,19.77
3946,20.25
3947,23.16
3948,24.05
3949,19.61
3950,21.2
3951,21.29
3952,18.48
3953,20.96
3954,23.73
3955,22.77
3956,21.99
3957,21.66
3958,18.61
3959,18.93
3960,20.59
3961,19.88
3962,22.11
3963,23.16
3964,25.18
3965,23.11
3966,22.43
3967,17.6
3968,23.17
3969,22.2
3970,21.31
3971,20.93
3972,23.24
3973,23.89
3974,24.26
3975,22.6
3976,17.25
3977,24.32
3978,18.12
3979,16.18
3980,18.72
3981,22.2
3982,21.06
3983,19.74
3984,23.01
3985,19.66
3986,21.77
3987,21.83
3988,23.1
3989,24.31
3990,23.68
3991,22.98
3992,24.85
3993,23.69
3994,23.01
3995,23.24
3996,21.74
3997,21.89
3998,24.65
3999,24.18
4000,23.71
4001,22.77
4002,22.32
4003,24.11
4004,24.74
4005,25.25
4006,23.82
4007,23.18
4008,22.37
4009,23.89
4010,24.75
4011,21.52
4012,20.31
4013,22.65
4014,25.07
4015,25.8
4016,22.99
4017,20.58
4018,20.22
4019,26.07
4020,23.8
4021,25.34
4022,24.0
4023,20.89
4024,24.6
4025,22.95
4026,20.51
4027,24.65
4028,25.98
4029,28.24
4030,22.11
4031,21.28
4032,23.75
4033,24.54
4034,22.27
4035,24.76
4036,26.91
4037,23.08
4038,22.63
4039,22.21
4040,24.28
4041,25.36
4042,23.46
4043,24.49
4044,26.04
4045,25.44
4046,23.73
4047,19.24
4048,19.09
4049,18.69
4050,23.21
4051,22.8
4052,22.17
4053,21.79
4054,22.55
4055,23.42
4056,27.6
4057,22.2
4058,24.83
4059,25.66
4060,20.85
4061,24.91
4062,28.14
4063,26.57
4064,21.65
4065,23.1
4066,25.42
4067,22.22
4068,22.57
4069,27.0
4070,24.85
4071,21.44
4072,19.84
4073,25.55
4074,28.67
4075,30.05
4076,22.67
4077,27.37
4078,27.61
4079,20.5
4080,25.05
4081,28.09
4082,25.62
4083,21.91
4084,22.77
4085,27.68
4086,24.43
4087,21.79
4088,19.07
4089,19.57
4090,18.03
4091,23.78
4092,24.79
4093,22.51
4094,19.75
4095,22.42
4096,22.21
4097,21.92
4098,23.91
4099,19.87
4100,24.39
4101,25.95
4102,27.37
4103,31.64
4104,28.11
4105,28.31
4106,31.64
4107,23.44
4108,26.25
4109,24.19
4110,23.97
4111,23.53
4112,22.68
4113,23.97
4114,20.0
4115,19.63
4116,23.34
4117,23.62
4118,26.48
4119,25.06
4120,27.69
4121,24.98
4122,24.62
4123,23.69
4124,21.81
4125,27.45
4126,20.85
4127,27.51
4128,25.12
4129,27.28
4130,21.76
4131,22.55
4132,23.57
4133,24.69
4134,24.05
4135,23.65
4136,24.65
4137,23.11
4138,21.9
4139,23.7
4140,18.29
4141,20.39
4142,21.06
4143,23.62
4144,25.55
4145,25.52
4146,24.43
4147,23.7
4148,21.77
4149,23.69
4150,21.91
4151,22.97
4152,23.85
4153,22.55
4154,21.89
4155,25.14
4156,25.12
4157,28.36
4158,24.16
4159,25.61
4160,22.8
4161,23.31
4162,24.76
4163,23.26
4164,26.14
4165,26.77
4166,25.2
4167,25.01
4168,29.11
4169,28.53
4170,28.44
4171,22.69
4172,22.29
4173,24.55
4174,22.22
4175,17.86
4176,21.51
4177,18.9
4178,24.62
4179,28.85
4180,27.28
4181,23.94
4182,26.18
4183,24.91
4184,21.27
4185,22.63
4186,23.31
4187,22.52
4188,26.43
4189,24.9
4190,21.58
4191,21.65
4192,21.76
4193,21.51
4194,21.35
4195,22.21
4196,22.65
4197,20.01
4198,21.51
4199,22.06
4200,21.57
4201,23.9
4202,22.94
4203,23.5
4204,23.73
4205,22.65
4206,23.89
4207,22.41
4208,21.44
4209,26.38
4210,21.68
4211,25.18
4212,22.65
4213,19.57
4214,20.61
4215,27.09
4216,23.24
4217,22.19
4218,20.64
4219,19.87
4220,19.14
4221,20.38
4222,19.85
4223,20.95
4224,19.4
4225,22.47
4226,25.29
4227,26.59
4228,22.25
4229,21.7
4230,24.12
4231,23.53
4232,24.28
4233,22.43
4234,24.38
4235,22.82
4236,21.9
4237,20.89
4238,19.93
4239,27.0
4240,23.84
4241,24.93
4242,26.52
4243,23.39
4244,22.33
4245,25.51
4246,24.19
4247,23.9
4248,26.39
4249,23.22
4250,26.16
4251,24.29
4252,21.19
4253,23.29
4254,20.87
4255,19.42
4256,24.51
4257,25.13
4258,24.92
4259,23.92
4260,27.7
4261,29.95
4262,25.99
4263,23.31
4264,27.58
4265,25.11
4266,24.0
4267,23.21
4268,21.93
4269,26.91
4270,22.27
4271,25.62
4272,24.55
4273,22.69
4274,23.31
4275,23.53
4276,24.28
4277,25.51
4278,23.99
4279,23.66
4280,21.32
4281,20.02
4282,19.46
4283,24.44
4284,22.41
4285,18.66
4286,20.49
4287,22.15
4288,18.71
4289,19.58
4290,21.7
4291,19.46
4292,24.32
4293,22.5
4294,25.45
4295,25.06
4296,23.32
4297,18.99
4298,20.13
4299,24.32
4300,20.67
4301,20.24
4302,18.69
4303,17.05
4304,19.72
4305,18.72
4306,17.64
4307,26.08
4308,26.14
4309,23.19
4310,22.82
4311,20.21
4312,22.19
4313,21.74
4314,21.73
4315,23.3
4316,22.55
4317,18.48
4318,20.2
4319,20.34
4320,20.51
4321,25.02
4322,22.28
4323,19.34
4324,18.33
4325,21.3
4326,23.71
4327,23.06
4328,23.86
4329,23.7
4330,25.85
4331,25.36
4332,25.65
4333,24.12
4334,27.22
4335,25.9
4336,23.71
4337,22.76
4338,21.48
4339,23.71
4340,22.72
4341,23.52
4342,24.16
4343,24.37
4344,24.46
4345,22.92
4346,20.55
4347,22.41
4348,21.33
4349,19.65
4350,22.65
4351,24.98
4352,26.57
4353,24.03
4354,22.36
4355,23.43
4356,21.96
4357,24.39
4358,21.87
4359,18.74
4360,22.89
4361,26.57
4362,22.56
4363,18.4
4364,19.7
4365,20.64
4366,21.79
4367,24.91
4368,21.89
4369,17.16
4370,20.55
4371,21.19
4372,24.79
4373,24.28
4374,21.37
4375,22.64
4376,25.92
4377,22.38
4378,18.21
4379,23.7
4380,23.62
4381,25.1
4382,22.21
4383,22.01
4384,20.01
4385,20.99
4386,21.89
4387,21.23
4388,22.1
4389,23.49
4390,25.15
4391,23.56
4392,21.4
4393,26.74
4394,22.11
4395,19.18
4396,22.24
4397,25.73
4398,21.11
4399,21.22
4400,19.29
4401,22.78
4402,21.43
4403,19.75
4404,22.32
4405,22.62
4406,19.77
4407,23.22
4408,28.05
4409,27.53
4410,27.92
4411,25.9
4412,27.05
4413,30.92
4414,26.97
4415,28.1
4416,26.47
4417,26.63
4418,31.17
4419,25.58
4420,28.18
4421,27.24
4422,28.68
4423,23.09
4424,25.76
4425,21.19
4426,27.41
4427,27.33
4428,23.9
4429,24.13
4430,23.72
4431,25.0
4432,22.55
4433,25.82
4434,27.2
4435,24.83
4436,30.03
4437,25.11
4438,23.34
4439,26.72
4440,21.44
4441,21.75
4442,26.88
4443,23.81
4444,25.12
4445,26.34
4446,22.87
4447,23.5
4448,21.46
4449,22.04
4450,26.81
4451,23.7
4452,25.73
4453,26.62
4454,26.51
4455,26.98
4456,27.14
4457,24.74
4458,25.63
4459,21.48
4460,22.18
4461,30.23
4462,25.07
4463,25.72
4464,24.85
4465,29.46
4466,27.88
4467,28.29
4468,29.47
4469,30.32
4470,26.63
4471,23.95
4472,27.52
4473,22.01
4474,24.19
4475,24.09
4476,26.58
4477,23.75
4478,23.61
4479,22.17
4480,24.74
4481,25.11
4482,20.7
4483,27.67
4484,22.1
4485,23.75
4486,23.21
4487,23.05
4488,24.57
4489,23.37
4490,27.61
4491,30.89
4492,27.98
4493,26.06
4494,25.54
4495,27.42
4496,27.55
4497,28.79
4498,25.23
4499,23.74
4500,24.42
4501,25.59
4502,24.85
4503,25.3
4504,25.29
4505,27.26
4506,23.74
4507,23.58
4508,23.42
4509,23.26
4510,23.1
4511,22.94
4512,22.78
4513,21.95
4514,27.55
4515,28.36
4516,23.63
4517,26.03
4518,24.96
4519,28.94
4520,28.22
4521,25.49
4522,25.7
4523,27.16
4524,30.4
4525,27.26
4526,32.08
4527,32.58
4528,29.27
4529,30.19
4530,26.28
4531,27.06
4532,36.85
4533,41.47
4534,50.54
4535,55.41
4536,52.3
4537,54.82
4538,57.83
4539,57.64
4540,49.59
4541,37.72
4542,35.43
4543,30.36
4544,32.75
4545,31.96
4546,29.32
4547,35.29
4548,35.74
4549,35.94
4550,35.33
4551,25.91
4552,22.08
4553,21.69
4554,22.7
4555,20.82
4556,25.33
4557,30.77
4558,33.73
4559,35.27
4560,34.34
4561,30.31
4562,25.38
4563,21.81
4564,22.8
4565,23.44
4566,23.71
4567,25.96
4568,26.46
4569,27.76
4570,23.55
4571,21.01
4572,21.57
4573,21.18
4574,24.68
4575,21.09
4576,19.41
4577,29.38
4578,20.4
4579,18.79
4580,25.85
4581,21.49
4582,25.26
4583,26.53
4584,33.85
4585,33.79
4586,39.51
4587,27.54
4588,32.13
4589,26.1
4590,22.75
4591,22.58
4592,18.75
4593,15.05
4594,18.85
4595,18.64
4596,23.42
4597,18.39
4598,16.43
4599,15.24
4600,15.23
4601,17.42
4602,21.15
4603,21.1
4604,19.33
4605,20.23
4606,23.4
4607,20.75
4608,24.12
4609,27.34
4610,26.04
4611,23.18
4612,24.81
4613,27.18
4614,23.2
4615,25.87
4616,22.2
4617,22.87
4618,26.19
4619,27.15
4620,26.95
4621,30.12
4622,35.1
4623,33.21
4624,28.8
4625,30.09
4626,29.39
4627,30.43
4628,24.14
4629,26.4
4630,23.33
4631,24.53
4632,26.97
4633,24.39
4634,27.34
4635,28.26
4636,27.6
4637,25.88
4638,25.06
4639,23.68
4640,23.09
4641,27.37
4642,29.92
4643,29.25
4644,30.69
4645,24.21
4646,31.22
4647,31.64
4648,33.93
4649,29.88
4650,30.81
4651,30.12
4652,31.43
4653,26.61
4654,26.58
4655,27.17
4656,25.24
4657,27.24
4658,27.32
4659,27.23
4660,26.1
4661,28.04
4662,23.92
4663,31.74
4664,36.23
4665,35.21
4666,34.27
4667,29.15
4668,26.73
4669,31.04
4670,27.61
4671,27.87
4672,30.05
4673,28.52
4674,29.96
4675,28.01
4676,26.41
4677,24.2
4678,25.67
4679,20.76
4680,25.21
4681,25.23
4682,23.13
4683,22.85
4684,24.89
4685,22.2
4686,22.51
4687,29.27
4688,25.48
4689,27.55
4690,28.52
4691,22.09
4692,24.74
4693,25.95
4694,23.97
4695,25.07
4696,30.48
4697,28.36
4698,32.62
4699,39.44
4700,34.27
4701,33.99
4702,28.33
4703,28.08
4704,29.43
4705,26.25
4706,23.43
4707,13.69
4708,12.78
4709,12.7
4710,17.35
4711,18.08
4712,19.62
4713,27.14
4714,31.1
4715,28.22
4716,32.28
4717,27.76
4718,19.89
4719,21.15
4720,23.61
4721,22.21
4722,24.38
4723,21.08
4724,24.51
4725,25.97
4726,27.74
4727,25.89
4728,28.07
4729,29.93
4730,29.15
4731,29.03
4732,23.03
4733,22.83
4734,20.26
4735,16.74
4736,18.6
4737,14.96
4738,18.97
4739,17.43
4740,22.03
4741,25.04
4742,19.88
4743,16.95
4744,14.88
4745,14.97
4746,14.07
4747,14.65
4748,12.44
4749,12.36
4750,13.28
4751,12.63
4752,17.92
4753,18.7
4754,20.38
4755,23.52
4756,21.12
4757,30.62
4758,27.71
4759,28.99
4760,23.69
4761,25.54
4762,24.86
4763,25.53
4764,23.94
4765,23.42
4766,24.98
4767,24.04
4768,21.37
4769,19.39
4770,16.469999999999995
4771,15.65
4772,16.73
4773,13.83
4774,16.07
4775,12.46
4776,13.43
4777,19.21
4778,22.34
4779,26.48
4780,27.62
4781,22.85
4782,25.48
4783,27.13
4784,27.94
4785,28.63
4786,28.15
4787,24.12
4788,23.49
4789,23.44
4790,18.61
4791,19.88
4792,24.35
4793,24.66
4794,27.92
4795,22.14
4796,21.71
4797,20.68
4798,26.93
4799,26.1
4800,23.62
4801,24.52
4802,24.14
4803,27.62
4804,31.59
4805,29.59
4806,25.03
4807,22.44
4808,26.89
4809,25.22
4810,23.29
4811,24.17
4812,25.03
4813,24.99
4814,29.29
4815,24.64
4816,25.55
4817,26.7
4818,28.59
4819,27.3
4820,37.05
4821,38.23
4822,38.1
4823,27.18
4824,22.67
4825,18.76
4826,20.67
4827,23.05
4828,27.18
4829,24.24
4830,26.42
4831,24.85
4832,24.7
4833,27.81
4834,28.12
4835,22.17
4836,26.79
4837,27.07
4838,24.89
4839,33.36
4840,24.93
4841,23.53
4842,20.78
4843,19.61
4844,20.81
4845,21.19
4846,22.07
4847,26.86
4848,20.23
4849,20.09
4850,18.69
4851,19.04
4852,18.22
4853,17.79
4854,19.67
4855,19.04
4856,22.22
4857,21.91
4858,25.85
4859,27.41
4860,31.38
4861,36.43
4862,33.91
4863,23.73
4864,25.48
4865,20.13
4866,23.85
4867,24.25
4868,24.99
4869,26.75
4870,31.83
4871,27.6
4872,30.56
4873,25.27
4874,19.7
4875,24.63
4876,26.39
4877,28.7
4878,36.08
4879,31.74
4880,32.24
4881,24.02
4882,21.03
4883,22.58
4884,22.71
4885,22.4
4886,22.3
4887,26.06
4888,23.43
4889,23.31
4890,24.4
4891,27.61
4892,24.48
4893,23.79
4894,19.74
4895,16.7
4896,21.68
4897,22.88
4898,19.41
4899,28.48
4900,29.99
4901,27.26
4902,30.75
4903,30.48
4904,27.66
4905,29.94
4906,29.68
4907,25.48
4908,26.65
4909,23.8
4910,18.87
4911,20.18
4912,15.17
4913,14.89
4914,19.22
4915,20.46
4916,20.46
4917,20.0
4918,19.52
4919,27.57
4920,26.73
4921,21.12
4922,20.86
4923,21.83
4924,16.41
4925,21.14
4926,19.58
4927,17.36
4928,22.04
4929,24.71
4930,25.04
4931,23.36
4932,24.19
4933,24.2
4934,23.67
4935,21.3
4936,16.87
4937,12.920000000000003
4938,13.27
4939,17.32
4940,16.13
4941,14.96
4942,13.65
4943,13.02
4944,14.69
4945,18.37
4946,18.77
4947,22.19
4948,17.92
4949,15.17
4950,15.81
4951,18.31
4952,19.38
4953,25.86
4954,26.16
4955,24.46
4956,26.88
4957,25.53
4958,29.91
4959,23.43
4960,28.33
4961,25.13
4962,24.52
4963,26.23
4964,29.63
4965,24.4
4966,25.92
4967,23.66
4968,23.25
4969,18.79
4970,16.63
4971,19.31
4972,21.0
4973,26.96
4974,23.83
4975,24.37
4976,26.04
4977,25.42
4978,29.05
4979,23.04
4980,25.1
4981,26.03
4982,25.02
4983,26.8
4984,30.4
4985,34.54
4986,38.95
4987,29.94
4988,30.48
4989,25.98
4990,24.17
4991,27.22
4992,23.68
4993,24.81
4994,26.95
4995,32.58
4996,33.8
4997,30.28
4998,26.89
4999,24.84
5000,26.01
5001,17.649999999999995
5002,17.62
5003,15.24
5004,16.58
5005,14.03
5006,22.17
5007,26.85
5008,26.24
5009,30.78
5010,30.79
5011,36.62
5012,35.87
5013,31.56
5014,26.3
5015,28.15
5016,29.79
5017,30.37
5018,32.88
5019,28.25
5020,28.8
5021,27.65
5022,27.06
5023,33.55
5024,30.12
5025,32.94
5026,34.19
5027,32.18
5028,29.77
5029,22.51
5030,22.1
5031,25.42
5032,24.43
5033,26.48
5034,22.84
5035,24.74
5036,22.57
5037,22.09
5038,23.7
5039,24.8
5040,26.9
5041,18.72
5042,23.22
5043,22.29
5044,21.19
5045,18.71
5046,17.05
5047,26.34
5048,28.15
5049,22.77
5050,23.92
5051,24.2
5052,29.21
5053,29.69
5054,30.08
5055,29.54
5056,25.28
5057,28.21
5058,31.25
5059,29.58
5060,27.41
5061,24.63
5062,22.21
5063,24.9
5064,23.29
5065,21.68
5066,20.48
5067,20.95
5068,21.41
5069,23.54
5070,25.8
5071,27.6
5072,28.11
5073,22.32
5074,21.86
5075,21.23
5076,22.09
5077,21.44
5078,23.85
5079,29.19
5080,29.1
5081,28.97
5082,24.92
5083,24.55
5084,24.2
5085,21.38
5086,22.76
5087,22.95
5088,20.56
5089,26.97
5090,19.63
5091,21.04
5092,22.44
5093,21.38
5094,25.44
5095,25.36
5096,24.5
5097,24.17
5098,23.68
5099,26.56
5100,25.55
5101,26.35
5102,23.76
5103,21.7
5104,24.48
5105,27.36
5106,27.65
5107,29.81
5108,19.68
5109,22.83
5110,25.49
5111,19.36
5112,24.09
5113,20.17
5114,25.04
5115,20.74
5116,24.3
5117,24.82
5118,20.06
5119,22.56
5120,22.92
5121,22.88
5122,21.16
5123,18.69
5124,18.65
5125,18.96
5126,19.41
5127,19.88
5128,21.15
5129,21.52
5130,24.34
5131,21.23
5132,22.72
5133,25.51
5134,22.58
5135,25.31
5136,26.04
5137,22.7
5138,24.23
5139,28.47
5140,28.54
5141,25.89
5142,24.12
5143,29.17
5144,28.13
5145,28.06
5146,26.12
5147,25.32
5148,24.5
5149,26.45
5150,26.32
5151,23.71
5152,21.75
5153,24.42
5154,24.71
5155,27.06
5156,30.93
5157,25.36
5158,24.96
5159,25.55
5160,26.81
5161,33.13
5162,26.25
5163,28.95
5164,24.4
5165,22.74
5166,25.07
5167,18.38
5168,18.85
5169,17.2
5170,15.33
5171,17.2
5172,19.2
5173,21.52
5174,15.08
5175,19.8
5176,19.92
5177,22.03
5178,25.9
5179,20.34
5180,19.94
5181,26.95
5182,27.77
5183,22.31
5184,25.25
5185,21.02
5186,26.85
5187,22.77
5188,22.72
5189,22.9
5190,20.66
5191,23.32
5192,24.13
5193,16.809999999999995
5194,17.8
5195,25.17
5196,24.19
5197,24.48
5198,24.85
5199,25.7
5200,26.41
5201,23.52
5202,28.4
5203,29.06
5204,27.61
5205,25.94
5206,24.43
5207,22.51
5208,27.24
5209,25.99
5210,22.61
5211,23.89
5212,25.44
5213,27.36
5214,25.69
5215,22.84
5216,26.52
5217,27.84
5218,25.41
5219,27.16
5220,23.98
5221,23.78
5222,27.21
5223,26.67
5224,29.74
5225,28.58
5226,24.39
5227,27.0
5228,24.3
5229,24.38
5230,18.27
5231,19.33
5232,18.92
5233,18.93
5234,22.75
5235,22.6
5236,21.31
5237,18.63
5238,20.67
5239,22.83
5240,23.01
5241,20.82
5242,19.41
5243,22.95
5244,23.86
5245,26.06
5246,23.87
5247,25.32
5248,23.36
5249,22.16
5250,22.54
5251,19.68
5252,22.25
5253,21.44
5254,24.23
5255,27.88
5256,29.51
5257,25.5
5258,22.09
5259,22.29
5260,21.44
5261,23.42
5262,23.3
5263,19.15
5264,25.17
5265,24.79
5266,20.06
5267,22.11
5268,24.62
5269,25.43
5270,21.33
5271,21.95
5272,18.83
5273,20.78
5274,22.49
5275,20.41
5276,21.97
5277,24.74
5278,21.56
5279,24.42
5280,21.75
5281,20.8
5282,21.0
5283,21.79
5284,20.28
5285,15.36
5286,20.57
5287,21.52
5288,23.36
5289,21.32
5290,19.69
5291,21.32
5292,22.49
5293,16.38
5294,22.87
5295,17.98
5296,16.61
5297,17.71
5298,16.7
5299,14.53
5300,16.13
5301,18.11
5302,19.53
5303,19.29
5304,20.05
5305,19.66
5306,17.87
5307,19.92
5308,19.57
5309,21.29
5310,17.96
5311,21.17
5312,22.91
5313,21.81
5314,22.07
5315,21.25
5316,23.32
5317,22.77
5318,22.76
5319,25.68
5320,25.1
5321,27.6
5322,25.23
5323,28.78
5324,34.23
5325,34.56
5326,32.54
5327,26.05
5328,25.26
5329,21.09
5330,19.03
5331,23.95
5332,22.07
5333,20.65
5334,21.82
5335,25.19
5336,22.91
5337,20.15
5338,22.52
5339,23.13
5340,20.89
5341,18.8
5342,18.84
5343,22.4
5344,34.21
5345,38.48
5346,44.27
5347,47.96
5348,41.18
5349,36.13
5350,34.65
5351,34.95
5352,29.39
5353,20.4
5354,22.34
5355,22.96
5356,20.28
5357,20.23
5358,21.31
5359,23.43
5360,24.74
5361,21.0
5362,24.04
5363,24.23
5364,23.4
5365,21.6
5366,20.67
5367,20.39
5368,21.73
5369,21.74
5370,20.93
5371,26.02
5372,25.83
5373,24.48
5374,27.7
5375,26.12
5376,26.86
5377,29.71
5378,27.38
5379,20.97
5380,23.63
5381,28.2
5382,25.04
5383,24.13
5384,27.18
5385,27.81
5386,27.04
5387,26.7
5388,26.23
5389,26.59
5390,25.41
5391,27.16
5392,30.56
5393,29.87
5394,31.82
5395,30.42
5396,27.59
5397,26.23
5398,26.36
5399,27.17
5400,25.82
5401,27.06
5402,21.1
5403,22.57
5404,23.6
5405,25.11
5406,23.12
5407,23.51
5408,25.17
5409,25.39
5410,21.64
5411,28.57
5412,25.63
5413,24.46
5414,25.13
5415,26.06
5416,28.51
5417,31.81
5418,32.34
5419,30.07
5420,31.05
5421,29.63
5422,31.21
5423,30.05
5424,28.68
5425,28.39
5426,28.65
5427,25.74
5428,22.25
5429,22.15
5430,25.59
5431,26.49
5432,21.92
5433,19.09
5434,19.33
5435,23.26
5436,21.29
5437,22.87
5438,19.97
5439,21.69
5440,23.36
5441,23.25
5442,18.07
5443,22.18
5444,20.88
5445,19.1
5446,20.35
5447,20.39
5448,19.67
5449,19.44
5450,21.04
5451,21.62
5452,20.6
5453,19.75
5454,17.3
5455,18.98
5456,18.83
5457,19.43
5458,20.17
5459,18.5
5460,16.85
5461,16.99
5462,17.62
5463,18.81
5464,22.32
5465,24.46
5466,22.43
5467,22.62
5468,20.08
5469,19.54
5470,19.88
5471,16.37
5472,20.25
5473,20.64
5474,23.65
5475,22.22
5476,18.7
5477,18.77
5478,18.68
5479,20.6
5480,20.38
5481,17.1
5482,21.92
5483,17.07
5484,19.85
5485,20.28
5486,17.19
5487,18.96
5488,15.74
5489,18.35
5490,19.54
5491,19.62
5492,19.8
5493,19.8
5494,17.649999999999995
5495,19.55
5496,19.99
5497,18.99
5498,21.55
5499,19.74
5500,16.1
5501,22.21
5502,22.69
5503,17.73
5504,20.47
5505,21.71
5506,24.09
5507,23.05
5508,21.08
5509,19.99
5510,20.11
5511,21.2
5512,20.99
5513,19.65
5514,17.48
5515,19.18
5516,18.11
5517,17.84
5518,21.82
5519,17.5
5520,18.6
5521,16.77
5522,19.3
5523,18.17
5524,15.77
5525,19.59
5526,20.39
5527,21.76
5528,22.23
5529,16.2
5530,20.15
5531,22.48
5532,18.79
5533,20.18
5534,17.719999999999995
5535,19.79
5536,21.75
5537,23.0
5538,28.88
5539,25.3
5540,26.71
5541,28.89
5542,27.67
5543,24.97
5544,23.88
5545,21.31
5546,21.81
5547,21.6
5548,18.95
5549,18.2
5550,23.22
5551,23.43
5552,23.54
5553,23.8
5554,22.13
5555,21.82
5556,19.28
5557,19.65
5558,19.38
5559,18.26
5560,20.75
5561,23.89
5562,22.49
5563,23.11
5564,23.73
5565,21.59
5566,20.22
5567,21.6
5568,21.99
5569,20.62
5570,18.52
5571,22.74
5572,24.26
5573,24.85
5574,24.98
5575,20.08
5576,22.82
5577,19.39
5578,19.39
5579,19.6
5580,15.43
5581,20.36
5582,16.63
5583,17.7
5584,22.03
5585,21.03
5586,21.73
5587,17.99
5588,19.27
5589,17.73
5590,17.14
5591,18.77
5592,20.34
5593,19.45
5594,22.71
5595,19.28
5596,22.4
5597,24.42
5598,21.13
5599,20.83
5600,21.13
5601,21.41
5602,22.14
5603,16.59
5604,22.09
5605,18.75
5606,21.63
5607,19.4
5608,21.75
5609,22.41
5610,24.79
5611,23.52
5612,23.47
5613,21.01
5614,23.52
5615,23.95
5616,19.2
5617,20.76
5618,21.31
5619,19.96
5620,25.32
5621,19.42
5622,21.63
5623,20.39
5624,22.94
5625,20.1
5626,17.27
5627,18.75
5628,21.67
5629,22.28
5630,22.79
5631,19.96
5632,20.1
5633,20.17
5634,17.05
5635,18.79
5636,17.73
5637,21.02
5638,22.72
5639,20.07
5640,19.84
5641,22.43
5642,23.09
5643,20.25
5644,22.18
5645,19.82
5646,19.67
5647,22.01
5648,19.95
5649,20.2
5650,21.87
5651,22.57
5652,20.79
5653,20.28
5654,19.04
5655,21.37
5656,23.81
5657,19.21
5658,21.98
5659,22.52
5660,23.91
5661,23.49
5662,19.49
5663,23.28
5664,24.47
5665,31.76
5666,26.94
5667,21.79
5668,22.98
5669,25.05
5670,20.24
5671,22.54
5672,23.04
5673,22.28
5674,23.31
5675,27.02
5676,23.88
5677,25.6
5678,24.57
5679,26.65
5680,21.43
5681,20.62
5682,22.68
5683,22.31
5684,23.24
5685,20.71
5686,22.32
5687,21.44
5688,21.46
5689,20.84
5690,20.94
5691,22.92
5692,22.76
5693,21.29
5694,20.01
5695,23.18
5696,20.55
5697,18.82
5698,21.06
5699,24.15
5700,19.17
5701,22.69
5702,25.7
5703,23.56
5704,23.37
5705,22.67
5706,26.9
5707,23.01
5708,22.19
5709,22.72
5710,22.54
5711,25.04
5712,22.29
5713,22.94
5714,24.8
5715,22.91
5716,20.59
5717,21.23
5718,24.4
5719,23.01
5720,22.43
5721,22.29
5722,22.18
5723,24.54
5724,23.72
5725,23.29
5726,23.31
5727,23.94
5728,26.31
5729,26.55
5730,25.98
5731,25.43
5732,27.09
5733,29.21
5734,29.08
5735,28.56
5736,30.12
5737,32.82
5738,32.33
5739,30.81
5740,30.27
5741,33.28
5742,31.68
5743,31.44
5744,35.11
5745,33.19
5746,35.65
5747,35.74
5748,32.87
5749,35.32
5750,36.47
5751,34.19
5752,32.16
5753,31.86
5754,32.88
5755,33.55
5756,32.63
5757,31.01
5758,28.46
5759,28.14
5760,29.97
5761,33.17
5762,33.31
5763,34.38
5764,35.64
5765,34.27
5766,35.24
5767,31.47
5768,31.26
5769,30.95
5770,32.36
5771,34.8
5772,34.02
5773,31.58
5774,31.21
5775,34.42
5776,36.81
5777,38.57
5778,40.39
5779,35.67
5780,34.88
5781,33.66
5782,34.1
5783,33.05
5784,36.0
5785,30.64
5786,31.89
5787,31.6
5788,31.01
5789,31.01
5790,30.82
5791,28.77
5792,30.46
5793,32.61
5794,35.09
5795,36.25
5796,34.74
5797,34.86
5798,34.47
5799,36.19
5800,35.69
5801,35.52
5802,33.33
5803,31.43
5804,29.71
5805,28.56
5806,32.76
5807,33.61
5808,28.83
5809,28.61
5810,30.03
5811,28.07
5812,25.97
5813,26.0
5814,26.71
5815,27.85
5816,27.57
5817,27.11
5818,28.8
5819,32.89
5820,29.94
5821,28.71
5822,24.76
5823,25.45
5824,33.16
5825,35.8
5826,35.16
5827,32.62
5828,30.4
5829,32.12
5830,34.22
5831,30.08
5832,30.55
5833,35.37
5834,32.1
5835,33.77
5836,37.74
5837,36.2
5838,33.98
5839,33.64
5840,32.06
5841,29.36
5842,28.42
5843,30.71
5844,32.7
5845,27.69
5846,26.97
5847,31.71
5848,32.51
5849,30.09
5850,28.57
5851,25.8
5852,24.67
5853,27.86
5854,33.84
5855,34.69
5856,31.64
5857,33.89
5858,30.55
5859,27.89
5860,30.72
5861,32.86
5862,34.74
5863,35.25
5864,30.41
5865,29.13
5866,31.48
5867,34.93
5868,32.99
5869,32.17
5870,32.29
5871,32.49
5872,33.39
5873,34.66
5874,28.99
5875,30.03
5876,34.57
5877,32.06
5878,28.87
5879,30.06
5880,29.26
5881,27.0
5882,29.35
5883,32.55
5884,35.58
5885,31.63
5886,28.88
5887,29.88
5888,35.46
5889,37.62
5890,36.16
5891,36.42
5892,35.79
5893,32.3
5894,34.86
5895,37.68
5896,37.37
5897,32.72
5898,33.03
5899,34.31
5900,37.44
5901,32.46
5902,31.84
5903,33.06
5904,36.77
5905,34.19
5906,35.52
5907,34.64
5908,32.26
5909,33.11
5910,33.34
5911,35.13
5912,34.24
5913,32.91
5914,32.49
5915,30.57
5916,37.24
5917,35.86
5918,36.0
5919,34.12
5920,37.78
5921,41.81
5922,38.86
5923,41.34
5924,43.07
5925,43.07
5926,43.62
5927,41.52
5928,38.92
5929,38.44
5930,37.1
5931,31.96
5932,35.07
5933,36.18
5934,33.54
5935,33.72
5936,37.83
5937,40.35
5938,39.27
5939,40.28
5940,42.44
5941,41.45
5942,39.93
5943,43.36
5944,46.44
5945,44.23
5946,37.6
5947,37.5
5948,38.97
5949,38.03
5950,38.42
5951,36.76
5952,34.07
5953,39.54
5954,39.86
5955,37.39
5956,39.89
5957,37.18
5958,36.7
5959,44.63
5960,42.92
5961,37.67
5962,42.82
5963,43.0
5964,39.83
5965,44.15
5966,43.9
5967,42.26
5968,47.56
5969,43.53
5970,46.7
5971,46.32
5972,44.1
5973,46.99
5974,44.74
5975,38.86
5976,36.42
5977,39.88
5978,35.02
5979,35.5
5980,36.22
5981,35.19
5982,39.37
5983,36.16
5984,35.85
5985,40.91
5986,44.35
5987,39.79
5988,42.75
5989,45.91
5990,47.93
5991,48.04
5992,56.38
5993,45.66
5994,44.26
5995,43.18
5996,43.85
5997,43.43
5998,40.03
5999,39.96
6000,40.58
6001,37.62
6002,41.89
6003,44.27
6004,41.07
6005,40.61
6006,38.65
6007,38.71
6008,36.46
6009,38.29
6010,35.91
6011,41.64
6012,43.71
6013,48.93
6014,46.52
6015,45.52
6016,44.41
6017,46.14
6018,47.9
6019,44.84
6020,44.9
6021,41.25
6022,46.08
6023,46.44
6024,47.98
6025,50.54
6026,48.79
6027,45.5
6028,44.18
6029,43.92
6030,47.98
6031,46.23
6032,46.28
6033,41.58
6034,45.27
6035,43.16
6036,41.04
6037,48.73
6038,48.82
6039,42.32
6040,46.48
6041,44.16
6042,43.38
6043,41.55
6044,41.05
6045,44.71
6046,42.21
6047,39.84
6048,39.48
6049,36.8
6050,40.1
6051,38.23
6052,35.12
6053,35.42
6054,38.42
6055,35.86
6056,30.89
6057,39.27
6058,37.76
6059,35.4
6060,37.3
6061,34.19
6062,33.02
6063,34.86
6064,31.28
6065,29.73
6066,35.07
6067,30.01
6068,32.12
6069,28.75
6070,32.29
6071,30.27
6072,32.4
6073,23.7
6074,30.4
6075,27.97
6076,31.33
6077,28.52
6078,30.31
6079,28.32
6080,22.4
6081,27.67
6082,25.16
6083,28.51
6084,25.52
6085,31.18
6086,29.19
6087,33.23
6088,32.36
6089,30.78
6090,30.66
6091,34.83
6092,32.16
6093,25.88
6094,29.17
6095,29.91
6096,27.53
6097,25.31
6098,28.94
6099,27.72
6100,29.27
6101,26.75
6102,27.29
6103,34.16
6104,32.65
6105,28.69
6106,30.68
6107,28.23
6108,26.14
6109,30.92
6110,26.59
6111,28.63
6112,22.5
6113,31.69
6114,33.83
6115,30.92
6116,32.83
6117,34.15
6118,31.36
6119,30.24
6120,26.62
6121,27.94
6122,28.88
6123,29.18
6124,26.74
6125,30.45
6126,29.43
6127,28.86
6128,33.95
6129,32.52
6130,29.29
6131,31.94
6132,31.39
6133,29.02
6134,31.22
6135,30.25
6136,32.2
6137,24.85
6138,27.15
6139,28.53
6140,31.44
6141,31.91
6142,38.8
6143,34.18
6144,35.94
6145,32.83
6146,21.77
6147,21.18
6148,29.06
6149,29.12
6150,34.34
6151,29.04
6152,38.62
6153,35.83
6154,34.19
6155,30.76
6156,30.33
6157,34.74
6158,35.61
6159,39.67
6160,33.0
6161,34.19
6162,36.59
6163,28.47
6164,30.53
6165,25.1
6166,27.4
6167,30.33
6168,30.74
6169,30.02
6170,26.81
6171,31.49
6172,30.33
6173,31.1
6174,24.63
6175,26.79
6176,26.85
6177,26.14
6178,21.58
6179,24.86
6180,24.68
6181,27.31
6182,24.69
6183,25.82
6184,27.8
6185,21.77
6186,24.18
6187,24.59
6188,31.08
6189,23.27
6190,26.97
6191,24.81
6192,22.81
6193,27.05
6194,24.71
6195,27.61
6196,25.34
6197,24.83
6198,22.73
6199,24.73
6200,21.1
6201,24.21
6202,25.72
6203,23.73
6204,28.07
6205,23.45
6206,24.44
6207,21.79
6208,23.19
6209,22.97
6210,25.22
6211,21.0
6212,26.17
6213,24.79
6214,19.84
6215,23.36
6216,24.87
6217,26.33
6218,24.19
6219,24.3
6220,22.0
6221,22.94
6222,18.69
6223,19.17
6224,18.21
6225,22.43
6226,21.89
6227,21.26
6228,17.99
6229,20.75
6230,21.38
6231,23.32
6232,25.59
6233,21.0
6234,25.89
6235,22.86
6236,22.64
6237,24.28
6238,21.9
6239,23.79
6240,25.93
6241,23.58
6242,20.93
6243,29.31
6244,24.67
6245,27.31
6246,24.87
6247,22.05
6248,22.68
6249,23.38
6250,24.26
6251,24.28
6252,25.06
6253,26.86
6254,25.03
6255,22.8
6256,22.86
6257,20.41
6258,19.67
6259,18.29
6260,21.03
6261,22.13
6262,18.36
6263,21.87
6264,26.53
6265,23.27
6266,21.94
6267,24.35
6268,21.2
6269,20.85
6270,21.5
6271,23.66
6272,24.08
6273,23.03
6274,24.72
6275,20.63
6276,26.0
6277,20.67
6278,23.65
6279,24.53
6280,22.72
6281,26.08
6282,24.25
6283,26.24
6284,26.03
6285,24.26
6286,24.98
6287,25.47
6288,24.55
6289,23.57
6290,24.0
6291,23.54
6292,24.15
6293,25.33
6294,24.19
6295,27.22
6296,22.62
6297,24.19
6298,26.54
6299,21.8
6300,24.39
6301,25.53
6302,21.57
6303,24.89
6304,24.75
6305,25.97
6306,23.02
6307,25.36
6308,22.08
6309,25.11
6310,24.93
6311,24.26
6312,26.19
6313,27.96
6314,28.28
6315,24.49
6316,24.48
6317,23.86
6318,26.43
6319,27.47
6320,23.88
6321,21.61
6322,24.79
6323,20.62
6324,21.41
6325,24.46
6326,23.36
6327,21.35
6328,26.54
6329,24.74
6330,26.3
6331,28.29
6332,25.69
6333,24.21
6334,29.67
6335,27.02
6336,20.39
6337,22.95
6338,21.44
6339,23.98
6340,28.47
6341,21.68
6342,23.6
6343,21.03
6344,27.39
6345,27.47
6346,22.08
6347,22.71
6348,24.23
6349,21.24
6350,24.5
6351,26.01
6352,25.11
6353,25.52
6354,28.47
6355,27.44
6356,25.5
6357,20.86
6358,24.33
6359,23.08
6360,27.29
6361,24.63
6362,25.69
6363,23.35
6364,26.68
6365,24.48
6366,22.76
6367,24.76
6368,23.26
6369,24.75
6370,25.39
6371,25.46
6372,20.94
6373,26.23
6374,23.71
6375,21.24
6376,22.87
6377,28.67
6378,26.06
6379,21.01
6380,28.6
6381,21.52
6382,25.41
6383,25.93
6384,24.19
6385,24.9
6386,27.32
6387,30.14
6388,27.63
6389,28.0
6390,26.11
6391,25.39
6392,24.52
6393,25.59
6394,27.42
6395,22.55
6396,28.58
6397,21.5
6398,23.42
6399,20.18
6400,24.34
6401,20.27
6402,23.15
6403,23.38
6404,20.51
6405,19.98
6406,23.26
6407,22.24
6408,26.92
6409,24.49
6410,21.14
6411,24.82
6412,27.61
6413,23.75
6414,27.84
6415,26.5
6416,25.09
6417,22.31
6418,28.58
6419,24.46
6420,27.93
6421,32.02
6422,30.0
6423,27.66
6424,27.31
6425,19.35
6426,24.64
6427,27.44
6428,26.31
6429,26.37
6430,26.98
6431,24.87
6432,27.58
6433,25.68
6434,21.23
6435,27.7
6436,24.3
6437,24.23
6438,26.91
6439,25.38
6440,23.84
6441,24.25
6442,28.82
6443,23.06
6444,26.27
6445,26.01
6446,30.46
6447,27.29
6448,28.67
6449,30.58
6450,30.58
6451,26.12
6452,26.12
6453,25.57
6454,22.68
6455,23.91
6456,23.4
6457,21.99
6458,24.81
6459,24.0
6460,22.9
6461,27.06
6462,27.88
6463,24.53
6464,26.46
6465,25.86
6466,27.78
6467,22.53
6468,22.59
6469,20.34
6470,26.21
6471,26.49
6472,25.26
6473,25.33
6474,23.67
6475,22.54
6476,20.52
6477,25.04
6478,27.23
6479,23.58
6480,22.41
6481,23.69
6482,24.35
6483,21.92
6484,23.01
6485,23.45
6486,24.26
6487,26.2
6488,25.42
6489,21.22
6490,25.81
6491,24.1
6492,23.59
6493,20.88
6494,24.75
6495,23.66
6496,24.73
6497,24.63
6498,24.9
6499,22.42
6500,23.85
6501,27.22
6502,27.8
6503,28.45
6504,23.06
6505,23.7
6506,23.27
6507,25.19
6508,25.9
6509,25.18
6510,26.0
6511,22.61
6512,25.85
6513,30.53
6514,24.87
6515,25.76
6516,25.36
6517,24.25
6518,21.1
6519,25.84
6520,22.7
6521,20.92
6522,24.73
6523,22.13
6524,23.44
6525,22.19
6526,23.86
6527,25.37
6528,24.72
6529,23.05
6530,21.85
6531,20.35
6532,23.73
6533,21.69
6534,22.87
6535,22.42
6536,26.19
6537,29.45
6538,22.11
6539,21.79
6540,25.26
6541,26.31
6542,28.38
6543,23.31
6544,24.58
6545,24.63
6546,22.99
6547,22.43
6548,22.73
6549,26.91
6550,20.48
6551,26.56
6552,24.79
6553,35.65
6554,35.04
6555,46.69
6556,42.23
6557,38.72
6558,34.72
6559,36.02
6560,37.67
6561,34.75
6562,39.69
6563,39.21
6564,35.46
6565,33.1
6566,30.77
6567,37.43
6568,39.4
6569,31.98
6570,37.07
6571,33.69
6572,38.56
6573,40.38
6574,38.5
6575,31.77
6576,31.26
6577,32.65
6578,31.13
6579,39.73
6580,33.45
6581,34.34
6582,30.74
6583,29.57
6584,34.83
6585,33.56
6586,31.29
6587,31.59
6588,31.52
6589,34.87
6590,35.28
6591,33.95
6592,33.19
6593,27.27
6594,34.22
6595,33.12
6596,32.27
6597,35.07
6598,39.79
6599,34.93
6600,33.11
6601,32.54
6602,36.36
6603,32.7
6604,29.12
6605,32.54
6606,25.83
6607,24.0
6608,28.5
6609,29.03
6610,26.82
6611,27.7
6612,30.45
6613,26.89
6614,24.11
6615,21.44
6616,22.9
6617,19.85
6618,19.56
6619,20.05
6620,20.75
6621,19.24
6622,18.16
6623,16.809999999999995
6624,19.12
6625,23.47
6626,25.67
6627,23.84
6628,23.92
6629,21.66
6630,23.1
6631,23.81
6632,24.76
6633,21.71
6634,25.28
6635,25.51
6636,27.28
6637,27.76
6638,29.73
6639,29.06
6640,24.82
6641,27.52
6642,24.75
6643,27.3
6644,26.93
6645,26.85
6646,26.65
6647,24.13
6648,27.17
6649,28.0
6650,25.59
6651,28.32
6652,26.56
6653,25.3
6654,25.56
6655,26.5
6656,26.52
6657,24.81
6658,22.15
6659,27.08
6660,25.01
6661,24.0
6662,25.7
6663,28.35
6664,24.25
6665,25.22
6666,28.96
6667,30.89
6668,28.77
6669,26.7
6670,21.62
6671,24.28
6672,24.69
6673,29.89
6674,28.52
6675,29.64
6676,30.37
6677,29.42
6678,31.43
6679,27.36
6680,26.91
6681,27.04
6682,30.04
6683,29.0
6684,25.61
6685,31.96
6686,27.25
6687,34.15
6688,28.76
6689,29.39
6690,33.81
6691,32.74
6692,32.25
6693,31.75
6694,31.26
6695,30.76
6696,30.27
6697,29.78
6698,29.28
6699,28.83
6700,34.03
6701,29.15
6702,31.1
6703,36.24
6704,31.46
6705,29.15
6706,31.84
6707,31.91
6708,33.45
6709,34.09
6710,35.76
6711,30.24
6712,35.54
6713,32.27
6714,33.89
6715,31.99
6716,28.78
6717,30.7
6718,30.59
6719,29.78
6720,27.98
6721,27.1
6722,33.02
6723,30.04
6724,31.4
6725,30.55
6726,30.29
6727,29.88
6728,28.53
6729,30.95
6730,28.53
6731,33.55
6732,28.96
6733,29.35
6734,31.67
6735,31.6
6736,28.33
6737,37.42
6738,30.75
6739,34.09
6740,38.75
6741,34.03
6742,34.25
6743,34.29
6744,30.23
6745,31.2
6746,31.25
6747,34.87
6748,32.3
6749,32.78
6750,35.47
6751,41.48
6752,38.98
6753,35.78
6754,43.57
6755,43.13
6756,34.76
6757,38.8
6758,39.75
6759,38.55
6760,33.67
6761,39.07
6762,40.55
6763,35.17
6764,32.89
6765,41.32
6766,43.96
6767,38.51
6768,34.57
6769,40.89
6770,39.99
6771,33.27
6772,35.2
6773,37.94
6774,41.73
6775,37.22
6776,31.89
6777,32.65
6778,29.14
6779,36.69
6780,34.73
6781,35.92
6782,38.73
6783,37.14
6784,37.83
6785,30.91
6786,34.3
6787,36.21
6788,34.42
6789,38.96
6790,41.26
6791,36.5
6792,41.33
6793,39.28
6794,41.06
6795,33.64
6796,35.32
6797,34.34
6798,33.04
6799,34.17
6800,35.3
6801,36.43
6802,37.33
6803,38.04
6804,35.76
6805,39.25
6806,35.77
6807,39.22
6808,37.97
6809,37.82
6810,36.26
6811,36.27
6812,36.73
6813,35.96
6814,33.35
6815,38.78
6816,37.87
6817,35.27
6818,36.4
6819,33.77
6820,37.82
6821,36.41
6822,30.46
6823,38.88
6824,36.43
6825,44.86
6826,39.77
6827,37.49
6828,38.69
6829,41.37
6830,37.48
6831,33.46
6832,37.05
6833,35.85
6834,34.07
6835,35.39
6836,35.79
6837,37.16
6838,34.22
6839,34.35
6840,38.54
6841,33.65
6842,37.0
6843,33.17
6844,35.5
6845,32.37
6846,36.69
6847,32.55
6848,31.59
6849,31.92
6850,33.16
6851,35.79
6852,37.6
6853,37.61
6854,33.97
6855,32.93
6856,31.97
6857,36.27
6858,33.91
6859,31.33
6860,35.21
6861,31.71
6862,30.85
6863,32.2
6864,32.07
6865,34.75
6866,28.19
6867,33.53
6868,34.2
6869,36.52
6870,30.41
6871,34.22
6872,31.68
6873,31.77
6874,29.71
6875,35.25
6876,32.75
6877,32.11
6878,35.98
6879,33.33
6880,32.69
6881,32.39
6882,29.46
6883,28.85
6884,31.95
6885,25.5
6886,31.07
6887,29.17
6888,33.21
6889,29.45
6890,27.42
6891,29.01
6892,32.38
6893,32.37
6894,25.78
6895,28.1
6896,28.59
6897,28.39
6898,24.67
6899,27.91
6900,28.42
6901,27.92
6902,28.86
6903,30.89
6904,29.86
6905,29.89
6906,33.82
6907,36.78
6908,25.91
6909,29.78
6910,30.61
6911,28.15
6912,31.66
6913,28.26
6914,32.25
6915,32.72
6916,32.18
6917,32.66
6918,30.88
6919,26.87
6920,27.75
6921,30.77
6922,31.5
6923,26.65
6924,34.29
6925,28.96
6926,27.22
6927,27.27
6928,21.72
6929,25.73
6930,29.11
6931,28.2
6932,29.12
6933,29.63
6934,23.8
6935,26.95
6936,24.19
6937,25.52
6938,25.6
6939,25.62
6940,26.52
6941,26.68
6942,23.09
6943,29.91
6944,23.26
6945,25.83
6946,27.3
6947,27.71
6948,28.33
6949,26.94
6950,24.6
6951,26.82
6952,27.38
6953,26.47
6954,23.11
6955,24.24
6956,24.36
6957,26.29
6958,26.06
6959,26.47
6960,26.31
6961,25.88
6962,24.16
6963,20.62
6964,24.29
6965,24.04
6966,23.1
6967,27.78
6968,25.36
6969,31.76
6970,28.42
6971,22.92
6972,26.79
6973,27.42
6974,23.97
6975,24.57
6976,24.97
6977,25.23
6978,19.42
6979,24.3
6980,25.73
6981,26.11
6982,22.12
6983,23.96
6984,26.56
6985,27.12
6986,20.83
6987,24.8
6988,25.66
6989,24.46
6990,27.68
6991,29.79
6992,22.98
6993,27.08
6994,28.82
6995,26.77
6996,24.96
6997,26.18
6998,28.35
6999,29.99
7000,27.36
7001,24.03
7002,28.55
7003,26.57
7004,27.35
7005,26.57
7006,26.09
7007,29.67
7008,31.2
7009,29.38
7010,27.7
7011,25.91
7012,21.99
7013,31.65
7014,29.34
7015,24.76
7016,26.75
7017,23.68
7018,30.69
7019,24.49
7020,26.17
7021,22.91
7022,25.92
7023,25.22
7024,28.01
7025,26.64
7026,32.31
7027,26.01
7028,23.27
7029,25.78
7030,26.73
7031,26.18
7032,28.86
7033,25.64
7034,26.62
7035,25.71
7036,27.93
7037,27.71
7038,29.27
7039,25.2
7040,27.41
7041,29.47
7042,30.95
7043,27.47
7044,23.03
7045,25.8
7046,30.86
7047,24.84
7048,27.21
7049,25.66
7050,27.85
7051,27.08
7052,25.04
7053,26.37
7054,23.52
7055,25.26
7056,27.15
7057,25.89
7058,28.86
7059,31.84
7060,24.9
7061,28.21
7062,25.21
7063,29.87
7064,29.23
7065,27.48
7066,29.92
7067,28.74
7068,26.23
7069,24.34
7070,26.65
7071,27.72
7072,27.46
7073,26.06
7074,30.46
7075,32.82
7076,24.81
7077,24.78
7078,27.99
7079,26.04
7080,24.37
7081,28.04
7082,26.99
7083,25.3
7084,29.25
7085,26.56
7086,28.1
7087,24.84
7088,26.21
7089,27.94
7090,29.58
7091,24.98
7092,27.79
7093,24.68
7094,25.81
7095,24.12
7096,25.88
7097,30.25
7098,24.94
7099,25.51
7100,25.86
7101,26.23
7102,30.3
7103,22.49
7104,22.09
7105,27.69
7106,26.07
7107,21.31
7108,31.39
7109,27.46
7110,28.78
7111,30.22
7112,26.87
7113,29.32
7114,28.35
7115,27.35
7116,22.83
7117,23.98
7118,29.54
7119,26.51
7120,28.32
7121,27.89
7122,21.51
7123,24.62
7124,25.2
7125,25.28
7126,30.05
7127,30.37
7128,26.38
7129,29.64
7130,23.74
7131,26.77
7132,26.46
