7133,29.3
7134,31.94
7135,29.27
7136,33.39
7137,25.01
7138,30.51
7139,23.49
7140,26.86
7141,26.38
7142,22.41
7143,26.42
7144,30.33
7145,28.31
7146,27.81
7147,26.76
7148,21.37
7149,23.48
7150,20.76
7151,24.77
7152,25.31
7153,26.12
7154,26.27
7155,26.67
7156,25.16
7157,26.15
7158,25.96
7159,25.47
7160,25.8
7161,26.4
7162,28.52
7163,25.01
7164,28.74
7165,25.67
7166,28.2
7167,30.42
7168,27.55
7169,26.77
7170,26.59
7171,23.72
7172,29.12
7173,24.21
7174,27.49
7175,28.58
7176,26.85
7177,27.28
7178,26.32
7179,29.06
7180,25.02
7181,27.04
7182,28.58
7183,27.39
7184,25.87
7185,26.22
7186,27.69
7187,28.62
7188,27.72
7189,27.26
7190,26.83
7191,28.96
7192,27.39
7193,22.43
7194,29.96
7195,27.35
7196,26.44
7197,32.06
7198,27.45
7199,28.31
7200,21.04
7201,25.48
7202,25.46
7203,27.74
7204,32.74
7205,28.22
7206,32.14
7207,36.61
7208,34.32
7209,35.16
7210,35.75
7211,34.61
7212,31.25
7213,31.92
7214,31.14
7215,34.98
7216,34.82
7217,37.75
7218,39.13
7219,36.47
7220,39.27
7221,37.99
7222,33.3
7223,34.38
7224,30.13
7225,31.4
7226,34.12
7227,35.56
7228,40.84
7229,35.07
7230,39.56
7231,43.13
7232,37.9
7233,39.57
7234,46.31
7235,42.52
7236,43.3
7237,45.43
7238,41.16
7239,43.82
7240,38.63
7241,40.44
7242,39.32
7243,40.94
7244,41.06
7245,42.46
7246,42.79
7247,34.57
7248,35.6
7249,33.09
7250,31.47
7251,33.16
7252,34.87
7253,35.08
7254,35.13
7255,32.4
7256,32.89
7257,28.16
7258,33.41
7259,34.33
7260,37.71
7261,36.5
7262,33.6
7263,32.09
7264,33.38
7265,28.86
7266,31.69
7267,33.31
7268,34.28
7269,32.18
7270,31.23
7271,31.95
7272,34.57
7273,34.96
7274,35.33
7275,31.68
7276,32.82
7277,31.12
7278,31.83
7279,30.58
7280,32.46
7281,32.73
7282,32.11
7283,25.67
7284,27.76
7285,26.61
7286,28.8
7287,28.99
7288,32.6
7289,27.52
7290,35.12
7291,28.04
7292,27.38
7293,27.72
7294,31.09
7295,25.3
7296,26.67
7297,31.28
7298,27.0
7299,32.49
7300,29.62
7301,35.59
7302,36.69
7303,36.59
7304,34.93
7305,35.01
7306,33.5
7307,33.67
7308,28.63
7309,30.05
7310,33.09
7311,33.48
7312,34.24
7313,34.41
7314,32.3
7315,31.62
7316,28.43
7317,27.66
7318,34.29
7319,34.37
7320,32.07
7321,34.71
7322,38.93
7323,35.89
7324,35.67
7325,31.09
7326,33.84
7327,34.41
7328,29.54
7329,29.37
7330,32.45
7331,34.31
7332,34.36
7333,32.39
7334,33.41
7335,34.24
7336,33.83
7337,35.9
7338,37.23
7339,31.46
7340,31.41
7341,33.19
7342,29.81
7343,29.03
7344,32.73
7345,34.34
7346,30.65
7347,27.21
7348,29.04
7349,30.31
7350,29.51
7351,30.25
7352,29.26
7353,33.93
7354,32.67
7355,33.06
7356,28.54
7357,29.14
7358,30.15
7359,27.9
7360,28.87
7361,33.27
7362,33.61
7363,33.65
7364,32.13
7365,29.22
7366,28.39
7367,27.87
7368,31.54
7369,32.17
7370,31.82
7371,34.08
7372,35.46
7373,33.86
7374,35.3
7375,33.96
7376,33.76
7377,36.02
7378,33.42
7379,30.69
7380,40.0
7381,36.68
7382,37.56
7383,37.05
7384,31.56
7385,35.86
7386,36.71
7387,39.37
7388,32.86
7389,29.98
7390,35.74
7391,32.22
7392,34.32
7393,35.73
7394,34.18
7395,32.14
7396,28.64
7397,29.98
7398,33.38
7399,34.57
7400,33.75
7401,30.41
7402,31.18
7403,36.01
7404,27.45
7405,32.41
7406,32.09
7407,33.31
7408,30.39
7409,34.07
7410,30.05
7411,32.51
7412,35.22
7413,35.24
7414,30.04
7415,36.61
7416,27.21
7417,30.92
7418,29.72
7419,33.21
7420,29.53
7421,31.43
7422,27.56
7423,31.14
7424,28.12
7425,34.01
7426,32.21
7427,33.4
7428,35.06
7429,29.52
7430,33.76
7431,27.99
7432,23.75
7433,26.87
7434,29.01
7435,28.85
7436,29.05
7437,26.64
7438,30.05
7439,28.58
7440,30.23
7441,32.42
7442,29.54
7443,34.0
7444,31.92
7445,33.68
7446,29.52
7447,35.47
7448,29.25
7449,30.16
7450,32.55
7451,31.93
7452,32.55
7453,33.48
7454,34.4
7455,33.67
7456,37.06
7457,36.47
7458,36.5
7459,32.4
7460,37.36
7461,35.52
7462,35.17
7463,36.42
7464,27.6
7465,33.55
7466,29.96
7467,33.31
7468,33.75
7469,30.8
7470,31.25
7471,34.34
7472,35.41
7473,36.91
7474,33.16
7475,42.02
7476,38.72
7477,31.0
7478,30.77
7479,34.88
7480,35.29
7481,32.67
7482,33.15
7483,36.99
7484,39.94
7485,38.68
7486,35.14
7487,35.81
7488,35.66
7489,31.09
7490,34.04
7491,30.73
7492,32.04
7493,32.33
7494,41.08
7495,33.47
7496,37.26
7497,36.91
7498,39.09
7499,42.33
7500,40.19
7501,36.94
7502,35.62
7503,36.56
7504,37.36
7505,32.9
7506,38.5
7507,33.17
7508,33.92
7509,33.63
7510,31.65
7511,32.31
7512,34.91
7513,36.96
7514,36.65
7515,36.46
7516,31.41
7517,30.53
7518,30.62
7519,37.19
7520,35.17
7521,33.79
7522,35.18
7523,36.27
7524,41.5
7525,34.7
7526,34.21
7527,31.92
7528,33.61
7529,29.83
7530,29.76
7531,34.08
7532,34.12
7533,36.53
7534,35.54
7535,38.44
7536,34.96
7537,34.4
7538,34.92
7539,34.86
7540,40.64
7541,34.58
7542,32.31
7543,28.98
7544,29.8
7545,29.59
7546,30.86
7547,32.05
7548,29.62
7549,36.1
7550,30.51
7551,34.82
7552,34.06
7553,31.23
7554,36.25
7555,32.93
7556,40.71
7557,32.92
7558,31.75
7559,34.26
7560,38.64
7561,40.86
7562,40.15
7563,37.18
7564,36.26
7565,33.02
7566,35.19
7567,28.76
7568,36.34
7569,32.53
7570,38.04
7571,32.0
7572,34.44
7573,29.75
7574,30.92
7575,33.97
7576,31.75
7577,29.0
7578,35.33
7579,33.48
7580,34.52
7581,34.44
7582,35.42
7583,42.26
7584,43.83
7585,47.84
7586,43.15
7587,40.24
7588,44.87
7589,36.05
7590,41.15
7591,35.57
7592,40.83
7593,36.96
7594,39.76
7595,40.28
7596,32.69
7597,31.18
7598,32.97
7599,31.57
7600,35.29
7601,35.3
7602,38.41
7603,38.43
7604,39.62
7605,35.06
7606,34.67
7607,32.45
7608,32.62
7609,38.82
7610,43.89
7611,39.12
7612,39.39
7613,35.91
7614,41.76
7615,38.74
7616,42.16
7617,39.77
7618,36.91
7619,37.33
7620,37.39
7621,38.39
7622,38.23
7623,38.43
7624,32.72
7625,35.7
7626,36.91
7627,36.8
7628,38.17
7629,39.61
7630,39.7
7631,33.96
7632,37.64
7633,36.78
7634,36.42
7635,35.56
7636,37.01
7637,37.23
7638,34.6
7639,34.53
7640,32.65
7641,33.82
7642,34.96
7643,37.17
7644,37.56
7645,36.86
7646,42.06
7647,41.95
7648,41.29
7649,36.14
7650,43.95
7651,40.67
7652,41.97
7653,47.5
7654,42.4
7655,44.81
7656,38.31
7657,44.52
7658,43.53
7659,41.92
7660,40.31
7661,38.76
7662,43.44
7663,46.16
7664,41.62
7665,41.37
7666,37.84
7667,39.11
7668,41.15
7669,42.13
7670,42.66
7671,38.97
7672,39.78
7673,34.53
7674,36.27
7675,36.32
7676,37.54
7677,37.9
7678,39.28
7679,44.65
7680,37.44
7681,42.5
7682,42.54
7683,40.88
7684,37.3
7685,34.78
7686,38.15
7687,42.35
7688,41.41
7689,33.44
7690,33.0
7691,38.4
7692,31.7
7693,27.34
7694,32.38
7695,27.49
7696,32.59
7697,36.99
7698,26.63
7699,29.41
7700,31.29
7701,33.26
7702,31.29
7703,34.3
7704,33.06
7705,35.16
7706,30.65
7707,33.38
7708,31.57
7709,35.61
7710,31.33
7711,32.65
7712,32.51
7713,31.25
7714,37.84
7715,33.61
7716,38.1
7717,35.34
7718,37.75
7719,35.2
7720,39.86
7721,36.12
7722,34.77
7723,35.94
7724,35.5
7725,34.51
7726,37.59
7727,36.69
7728,36.46
7729,34.32
7730,40.2
7731,41.16
7732,41.5
7733,39.25
7734,36.89
7735,42.27
7736,42.97
7737,36.14
7738,40.05
7739,32.8
7740,42.08
7741,38.03
7742,36.49
7743,39.95
7744,37.53
7745,38.84
7746,36.13
7747,38.78
7748,37.37
7749,35.88
7750,40.06
7751,36.46
7752,35.96
7753,37.2
7754,38.24
7755,40.36
7756,37.33
7757,34.35
7758,35.07
7759,36.61
7760,35.98
7761,36.99
7762,36.45
7763,34.23
7764,36.47
7765,38.13
7766,29.05
7767,36.0
7768,33.39
7769,35.23
7770,37.68
7771,28.52
7772,33.79
7773,37.81
7774,34.81
7775,32.05
7776,36.56
7777,34.36
7778,33.85
7779,38.16
7780,37.09
7781,40.22
7782,34.97
7783,35.09
7784,37.53
7785,33.08
7786,34.93
7787,35.32
7788,34.77
7789,34.99
7790,34.76
7791,39.97
7792,39.88
7793,39.81
7794,31.61
7795,35.61
7796,42.41
7797,34.54
7798,33.53
7799,37.3
7800,40.74
7801,37.94
7802,34.23
7803,34.67
7804,35.92
7805,38.77
7806,39.76
7807,36.79
7808,37.9
7809,36.01
7810,37.11
7811,37.1
7812,33.89
7813,38.42
7814,37.76
7815,37.93
7816,39.07
7817,35.16
7818,35.61
7819,37.07
7820,40.04
7821,37.21
7822,38.05
7823,41.71
7824,32.84
7825,31.44
7826,34.8
7827,35.73
7828,34.02
7829,35.83
7830,31.94
7831,36.49
7832,35.71
7833,31.18
7834,30.36
7835,35.79
7836,31.09
7837,27.22
7838,28.18
7839,31.7
7840,34.78
7841,32.95
7842,35.8
7843,35.13
7844,33.08
7845,32.66
7846,33.34
7847,34.1
7848,32.69
7849,34.85
7850,33.38
7851,32.14
7852,28.46
7853,29.19
7854,28.42
7855,30.52
7856,31.05
7857,24.16
7858,30.7
7859,29.37
7860,28.59
7861,28.75
7862,28.86
7863,29.85
7864,33.21
7865,35.84
7866,33.81
7867,31.94
7868,36.97
7869,35.94
7870,37.15
7871,31.78
7872,32.62
7873,37.44
7874,34.71
7875,27.68
7876,32.89
7877,30.84
7878,33.82
7879,32.46
7880,34.37
7881,32.2
7882,31.23
7883,30.65
7884,30.79
7885,28.66
7886,29.2
7887,36.17
7888,36.29
7889,40.19
7890,37.74
7891,39.08
7892,37.76
7893,41.39
7894,39.54
7895,36.66
7896,37.38
7897,38.49
7898,41.27
7899,40.64
7900,38.51
7901,39.21
7902,42.18
7903,37.32
7904,37.37
7905,40.26
7906,36.33
7907,31.85
7908,34.47
7909,32.35
7910,32.72
7911,31.95
7912,34.87
7913,34.72
7914,41.87
7915,44.12
7916,44.62
7917,41.98
7918,45.96
7919,32.1
7920,37.72
7921,36.53
7922,43.1
7923,44.56
7924,42.26
7925,44.75
7926,43.17
7927,37.94
7928,34.09
7929,39.7
7930,36.34
7931,39.28
7932,41.42
7933,38.19
7934,39.6
7935,44.17
7936,36.29
7937,35.17
7938,35.7
7939,31.85
7940,33.68
7941,32.26
7942,39.2
7943,35.8
7944,36.35
7945,42.64
7946,35.71
7947,36.33
7948,30.35
7949,32.57
7950,32.55
7951,29.83
7952,30.01
7953,30.92
7954,35.58
7955,35.03
7956,36.93
7957,38.85
7958,34.54
7959,38.85
7960,43.44
7961,42.07
7962,40.78
7963,38.72
7964,41.21
7965,34.82
7966,38.79
7967,43.78
7968,39.82
7969,34.12
7970,41.21
7971,36.83
7972,39.6
7973,34.63
7974,39.73
7975,36.71
7976,37.83
7977,34.97
7978,36.93
7979,33.34
7980,35.92
7981,33.97
7982,34.23
7983,34.26
7984,33.23
7985,37.5
7986,34.88
7987,34.71
7988,32.14
7989,30.33
7990,35.44
7991,32.49
7992,33.24
7993,33.15
7994,41.16
7995,41.03
7996,37.5
7997,40.28
7998,40.93
7999,40.41
8000,37.59
8001,39.64
8002,38.02
8003,38.8
8004,39.11
8005,32.19
8006,36.27
8007,34.41
8008,37.06
8009,34.05
8010,30.54
8011,34.5
8012,29.91
8013,36.59
8014,36.26
8015,31.29
8016,39.07
8017,39.91
8018,45.76
8019,46.15
8020,43.26
8021,46.83
8022,32.96
8023,34.01
8024,34.08
8025,28.57
8026,26.96
8027,33.07
8028,29.71
8029,33.25
8030,35.09
8031,32.84
8032,32.12
8033,35.59
8034,40.53
8035,41.1
8036,38.09
8037,40.86
8038,35.68
8039,32.4
8040,38.96
8041,38.17
8042,42.21
8043,32.75
8044,38.38
8045,32.42
8046,36.97
8047,32.12
8048,38.16
8049,36.11
8050,41.48
8051,41.84
8052,38.92
8053,42.46
8054,43.38
8055,38.64
8056,37.17
8057,36.19
8058,39.47
8059,39.71
8060,35.39
8061,38.49
8062,37.44
8063,35.9
8064,36.86
8065,35.04
8066,33.46
8067,38.88
8068,35.86
8069,32.46
8070,31.9
8071,33.14
8072,35.4
8073,39.69
8074,37.21
8075,41.02
8076,33.42
8077,34.11
8078,38.04
8079,34.11
8080,30.79
8081,29.83
8082,29.14
8083,37.4
8084,33.04
8085,31.57
8086,29.16
8087,30.87
8088,26.59
8089,27.05
8090,28.97
8091,30.93
8092,29.65
8093,37.92
8094,40.09
8095,41.06
8096,35.6
8097,35.31
8098,38.41
8099,37.76
8100,37.56
8101,37.1
8102,38.34
8103,40.54
8104,40.84
8105,35.21
8106,37.59
8107,38.01
8108,40.48
8109,37.67
8110,35.61
8111,32.63
8112,40.18
8113,32.79
8114,41.21
8115,35.4
8116,40.57
8117,40.17
8118,36.78
8119,34.95
8120,34.64
8121,35.21
8122,36.46
8123,32.43
8124,35.64
8125,30.7
8126,30.77
8127,36.19
8128,32.86
8129,32.78
8130,30.89
8131,29.92
8132,29.24
8133,31.13
8134,34.77
8135,37.76
8136,38.52
8137,33.96
8138,36.64
8139,34.63
8140,30.67
8141,37.17
8142,39.65
8143,40.19
8144,39.24
8145,46.45
8146,39.36
8147,43.86
8148,41.64
8149,35.13
8150,37.5
8151,31.92
8152,34.34
8153,33.69
8154,29.14
8155,25.23
8156,31.27
8157,39.12
8158,34.84
8159,43.82
8160,39.17
8161,39.96
8162,41.26
8163,36.82
8164,42.91
8165,37.9
8166,45.93
8167,38.2
8168,36.23
8169,41.85
8170,40.45
8171,41.27
8172,38.49
8173,35.46
8174,37.73
8175,42.37
8176,39.65
8177,40.11
8178,40.22
8179,39.86
8180,37.46
8181,41.09
8182,37.67
8183,36.14
8184,39.68
8185,40.83
8186,41.98
8187,38.28
8188,31.06
8189,36.85
8190,40.77
8191,39.12
8192,41.29
8193,42.94
8194,45.49
8195,42.96
8196,43.23
8197,37.68
8198,39.04
8199,46.02
8200,41.93
8201,36.37
8202,31.52
8203,40.97
8204,38.5
8205,37.24
8206,32.45
8207,31.59
8208,30.06
8209,33.94
8210,36.72
8211,35.12
8212,36.05
8213,37.37
8214,48.36
8215,43.78
8216,45.61
8217,38.84
8218,45.69
8219,42.81
8220,45.13
8221,38.44
8222,38.86
8223,34.87
8224,36.5
8225,39.6
8226,36.73
8227,29.38
8228,31.63
8229,39.99
8230,32.59
8231,34.06
8232,27.43
8233,25.15
8234,26.67
8235,26.24
8236,23.93
8237,29.21
8238,29.21
8239,34.04
8240,36.19
8241,37.54
8242,39.5
8243,38.83
8244,42.88
8245,42.1
8246,39.91
8247,40.39
8248,43.19
8249,33.66
8250,34.66
8251,38.91
8252,39.73
8253,39.01
8254,36.35
8255,39.31
8256,34.45
8257,35.64
8258,36.97
8259,36.06
8260,33.65
8261,37.07
8262,37.06
8263,28.7
8264,28.8
8265,34.17
8266,33.37
8267,31.95
8268,33.2
8269,33.01
8270,38.05
8271,35.0
8272,39.12
8273,39.3
8274,38.76
8275,44.57
8276,39.31
8277,44.18
8278,44.38
8279,35.51
8280,36.62
8281,35.81
8282,36.9
8283,42.34
8284,38.56
8285,43.2
8286,39.48
8287,41.6
8288,40.76
8289,42.63
8290,39.16
8291,40.55
8292,37.27
8293,41.48
8294,36.65
8295,36.35
8296,38.94
8297,30.88
8298,34.92
8299,33.46
8300,31.2
8301,38.59
8302,37.53
8303,39.36
8304,39.27
8305,42.55
8306,41.91
8307,41.2
8308,44.87
8309,43.25
8310,44.39
8311,42.4
8312,42.82
8313,32.61
8314,34.58
8315,33.29
8316,37.3
8317,33.23
8318,34.21
8319,39.69
8320,34.82
8321,37.67
8322,35.59
8323,35.41
8324,39.66
8325,35.27
8326,38.51
8327,41.59
8328,41.73
8329,44.76
8330,41.53
8331,41.22
8332,40.77
8333,42.21
8334,33.39
8335,39.5
8336,42.1
8337,35.76
8338,42.58
8339,42.52
8340,38.98
8341,43.78
8342,39.98
8343,36.24
8344,41.29
8345,38.41
8346,42.19
8347,45.47
8348,45.67
8349,40.44
8350,35.43
8351,38.65
8352,38.25
8353,35.63
8354,36.9
8355,38.66
8356,41.1
8357,41.1
8358,44.15
8359,43.48
8360,40.93
8361,44.25
8362,39.72
8363,40.32
8364,38.17
8365,38.91
8366,33.65
8367,38.26
8368,40.94
8369,40.4
8370,37.74
8371,34.56
8372,39.15
8373,34.39
8374,35.81
8375,41.67
8376,38.82
8377,31.93
8378,33.75
8379,38.07
8380,39.09
8381,41.32
8382,45.38
8383,42.7
8384,41.59
8385,40.22
8386,39.38
8387,39.92
8388,41.36
8389,41.3
8390,35.71
8391,34.29
8392,34.29
8393,35.17
8394,35.61
8395,35.23
8396,34.84
8397,35.54
8398,36.78
8399,43.05
8400,41.45
8401,39.48
8402,38.21
8403,40.18
8404,44.63
8405,41.75
8406,38.46
8407,39.07
8408,37.66
8409,44.87
8410,42.56
8411,37.65
8412,39.26
8413,35.2
8414,33.91
8415,35.81
8416,35.35
8417,38.38
8418,39.49
8419,38.26
8420,38.57
8421,37.62
8422,37.76
8423,33.51
8424,29.09
8425,35.18
8426,38.74
8427,44.12
8428,37.95
8429,34.9
8430,33.71
8431,31.8
8432,33.96
8433,37.51
8434,38.86
8435,35.73
8436,34.34
8437,38.65
8438,33.19
8439,33.55
8440,38.08
8441,39.24
8442,32.08
8443,35.1
8444,40.28
8445,40.44
8446,36.42
8447,38.16
8448,44.4
8449,39.81
8450,39.17
8451,33.1
8452,35.9
8453,35.36
8454,31.78
8455,39.14
8456,39.7
8457,38.78
8458,35.06
8459,31.59
8460,35.87
8461,35.5
8462,31.97
8463,36.92
8464,36.08
8465,32.08
8466,34.39
8467,33.12
8468,32.76
8469,34.67
8470,37.1
8471,40.02
8472,38.79
8473,38.28
8474,33.31
8475,31.22
8476,31.67
8477,36.54
8478,37.8
8479,33.74
8480,39.8
8481,36.25
8482,34.18
8483,34.45
8484,35.87
8485,30.72
8486,37.81
8487,32.65
8488,35.29
8489,36.24
8490,33.82
8491,35.42
8492,33.75
8493,34.2
8494,35.21
8495,37.01
8496,36.75
8497,35.88
8498,33.42
8499,36.16
8500,34.89
8501,33.38
8502,35.15
8503,41.86
8504,55.68
8505,60.58
8506,56.68
8507,51.1
8508,45.07
8509,46.36
8510,42.13
8511,43.31
8512,41.66
8513,38.13
8514,35.32
8515,38.87
8516,33.12
8517,32.89
8518,35.17
8519,36.21
8520,34.4
8521,33.18
8522,36.0
8523,37.65
8524,35.79
8525,34.76
8526,41.24
8527,39.56
8528,36.53
8529,37.23
8530,37.33
8531,35.73
8532,34.19
8533,33.41
8534,31.2
8535,29.42
8536,32.12
8537,31.02
8538,32.34
8539,32.03
8540,28.99
8541,30.65
8542,32.76
8543,27.85
8544,28.83
8545,28.58
8546,27.26
8547,27.63
8548,30.81
8549,34.51
8550,34.57
8551,26.41
8552,26.34
8553,28.77
8554,27.04
8555,25.13
8556,28.11
8557,28.19
8558,27.87
8559,24.89
8560,22.11
8561,25.83
8562,24.97
8563,23.25
8564,21.44
8565,23.08
8566,23.32
8567,23.42
8568,24.86
8569,20.54
8570,25.96
8571,22.08
8572,23.74
8573,25.77
8574,25.75
8575,26.34
8576,24.09
8577,25.64
8578,24.73
8579,23.92
8580,26.68
8581,22.81
8582,23.82
8583,24.74
8584,23.76
8585,25.0
8586,26.12
8587,23.68
8588,21.23
8589,23.82
8590,26.54
8591,22.81
8592,26.24
8593,24.72
8594,37.01
8595,23.11
8596,25.33
8597,23.29
8598,24.51
8599,20.43
8600,24.16
8601,20.9
8602,24.91
8603,22.88
8604,23.5
8605,23.88
8606,23.22
8607,21.76
8608,23.96
8609,23.13
8610,23.24
8611,22.47
8612,24.83
8613,22.44
8614,23.14
8615,23.85
8616,28.12
8617,26.98
8618,25.75
8619,28.57
8620,22.89
8621,26.59
8622,23.3
8623,22.83
8624,29.13
8625,23.19
8626,29.14
8627,25.48
8628,21.74
8629,26.14
8630,25.71
8631,25.66
8632,22.06
8633,22.09
8634,23.06
8635,19.83
8636,23.56
8637,23.97
8638,30.42
8639,26.64
8640,24.25
8641,26.26
8642,26.05
8643,23.94
8644,24.71
8645,22.86
8646,21.57
8647,24.4
8648,22.33
8649,22.86
8650,22.04
8651,20.55
8652,24.56
8653,25.2
8654,20.98
8655,22.2
8656,22.98
8657,27.78
8658,25.72
8659,25.37
8660,23.76
8661,31.63
8662,32.48
8663,28.33
8664,29.08
8665,29.44
8666,27.37
8667,30.96
8668,29.14
8669,26.48
8670,27.48
8671,27.98
8672,23.78
8673,26.56
8674,22.31
8675,24.55
8676,26.15
8677,27.64
8678,25.54
8679,25.61
8680,23.24
8681,22.43
8682,26.93
8683,23.33
8684,19.96
8685,23.37
8686,22.8
8687,25.7
8688,22.01
8689,28.06
8690,23.79
8691,24.61
8692,24.05
8693,17.41
8694,20.26
8695,19.97
8696,24.37
8697,22.95
8698,22.93
8699,23.59
8700,22.17
8701,22.39
8702,24.52
8703,24.12
8704,21.85
8705,23.52
8706,19.94
8707,21.21
8708,24.76
8709,21.65
8710,22.84
8711,18.11
8712,20.59
8713,21.94
8714,22.28
8715,23.14
8716,26.64
8717,22.75
8718,25.18
8719,20.52
8720,25.61
8721,27.02
8722,21.81
8723,24.75
8724,21.2
8725,22.93
8726,19.5
8727,20.91
8728,28.57
8729,23.91
8730,25.35
8731,23.39
8732,24.18
8733,24.55
8734,28.95
8735,24.84
8736,26.28
8737,21.96
8738,21.54
8739,26.2
8740,24.65
8741,24.99
8742,23.81
8743,25.99
8744,25.37
8745,23.76
8746,26.41
8747,22.76
8748,27.89
8749,26.6
8750,28.27
8751,26.82
8752,22.19
8753,21.43
8754,24.2
8755,27.58
8756,28.35
8757,30.88
8758,27.61
8759,19.89
8760,22.1
8761,24.06
8762,23.11
8763,22.65
8764,23.42
8765,21.9
8766,21.86
8767,21.21
8768,27.64
8769,23.75
8770,24.55
8771,23.1
8772,25.07
8773,21.9
8774,27.02
8775,23.68
8776,26.36
8777,26.24
8778,25.72
8779,19.89
8780,25.98
8781,23.36
8782,25.03
8783,24.4
8784,24.29
8785,22.27
8786,21.1
8787,23.62
8788,22.53
8789,24.05
8790,22.44
8791,20.57
8792,21.1
8793,23.23
8794,23.01
8795,22.61
8796,22.24
8797,21.42
8798,23.44
8799,27.12
8800,24.97
8801,22.12
8802,26.98
8803,22.97
8804,26.74
8805,27.04
8806,23.09
8807,24.16
8808,21.26
8809,23.72
8810,22.26
8811,24.38
8812,25.06
8813,21.1
8814,25.51
8815,25.8
8816,23.96
8817,22.57
8818,24.46
8819,24.56
8820,24.6
8821,25.37
8822,25.5
8823,28.26
8824,22.65
8825,18.19
8826,28.84
8827,26.0
8828,25.62
8829,27.91
8830,23.7
8831,19.2
8832,22.64
8833,22.72
8834,20.57
8835,22.91
8836,23.58
8837,25.5
8838,23.37
8839,28.26
8840,26.81
8841,24.49
8842,18.48
8843,24.11
8844,18.87
8845,22.84
8846,25.92
8847,24.99
8848,24.4
8849,27.39
8850,26.9
8851,32.67
8852,29.45
8853,33.37
8854,36.65
8855,33.59
8856,39.48
8857,37.82
8858,37.02
8859,40.86
8860,37.51
8861,38.68
8862,39.17
8863,41.49
8864,33.41
8865,34.78
8866,36.57
8867,38.54
8868,39.68
8869,46.0
8870,39.34
8871,38.23
8872,44.32
8873,39.35
8874,37.81
8875,32.05
8876,38.93
8877,38.12
8878,29.13
8879,34.25
8880,32.47
8881,36.7
8882,37.48
8883,38.43
8884,38.04
8885,37.38
8886,31.29
8887,32.22
8888,39.56
8889,39.0
8890,40.52
8891,41.4
8892,46.37
8893,35.83
8894,39.76
8895,37.89
8896,36.0
8897,34.67
8898,38.21
8899,33.52
8900,38.0
8901,41.45
8902,40.1
8903,40.58
8904,32.97
8905,34.55
8906,36.98
8907,33.47
8908,30.43
8909,28.73
8910,31.63
8911,30.74
8912,29.72
8913,34.09
8914,33.15
8915,33.85
8916,33.01
8917,31.41
8918,31.25
8919,30.68
8920,31.47
8921,25.08
8922,27.27
8923,23.7
8924,26.02
8925,31.74
8926,29.77
8927,32.82
8928,35.55
8929,36.22
8930,37.34
8931,39.93
8932,42.56
8933,39.21
8934,37.49
8935,36.12
8936,41.34
8937,40.23
8938,34.31
8939,36.8
8940,39.93
8941,43.28
8942,41.76
8943,38.86
8944,40.7
8945,47.16
8946,41.25
8947,41.61
8948,40.55
8949,44.23
8950,38.94
8951,32.08
8952,38.42
8953,35.67
8954,36.89
8955,39.34
8956,39.17
8957,36.58
8958,33.71
8959,37.48
8960,41.54
8961,36.13
8962,36.28
8963,40.9
8964,40.57
8965,39.47
8966,44.8
8967,39.85
8968,39.45
8969,33.83
8970,39.83
8971,42.48
8972,35.79
8973,37.61
8974,37.81
8975,38.43
8976,41.23
8977,38.01
8978,39.87
8979,36.82
8980,34.36
8981,39.76
8982,40.65
8983,36.75
8984,37.22
8985,35.51
8986,39.29
8987,34.13
8988,38.26
8989,35.29
8990,36.43
8991,36.73
8992,38.82
8993,36.29
8994,33.0
8995,34.19
8996,35.52
8997,33.21
8998,34.25
8999,44.06
9000,41.99
9001,42.21
9002,38.77
9003,38.21
9004,38.19
9005,40.59
9006,35.45
9007,35.74
9008,33.92
9009,36.19
9010,35.92
9011,39.59
9012,41.47
9013,40.51
9014,41.01
9015,35.78
9016,35.04
9017,39.2
9018,33.05
9019,35.39
9020,39.44
9021,35.44
9022,41.02
9023,32.92
9024,32.8
9025,34.21
9026,34.13
9027,34.81
9028,38.04
9029,38.05
9030,35.57
9031,32.61
9032,36.51
9033,37.01
9034,33.5
9035,38.7
9036,42.93
9037,39.12
9038,46.88
9039,37.53
9040,35.75
9041,39.55
9042,34.77
9043,36.25
9044,40.43
9045,36.33
9046,39.43
9047,35.42
9048,44.12
9049,40.18
9050,41.25
9051,36.71
9052,34.56
9053,39.14
9054,38.81
9055,36.48
9056,30.7
9057,42.7
9058,36.47
9059,33.73
9060,40.07
9061,35.75
9062,36.0
9063,36.29
9064,34.74
9065,35.63
9066,34.5
9067,32.68
9068,33.59
9069,40.81
9070,39.56
9071,35.18
9072,36.59
9073,41.71
9074,39.29
9075,38.89
9076,40.24
9077,40.67
9078,40.44
9079,41.52
9080,39.35
9081,40.04
9082,37.15
9083,38.08
9084,39.23
9085,37.42
9086,37.61
9087,39.81
9088,37.99
9089,39.8
9090,42.2
9091,35.86
9092,33.59
9093,30.99
9094,33.21
9095,33.88
9096,33.53
9097,35.86
9098,39.22
9099,42.33
9100,42.08
9101,51.7
9102,38.71
9103,40.61
9104,36.62
9105,41.68
9106,41.37
9107,41.52
9108,43.08
9109,46.93
9110,39.85
9111,43.41
9112,38.25
9113,43.31
9114,40.16
9115,42.06
9116,43.86
9117,45.51
9118,50.99
9119,41.49
9120,46.82
9121,42.04
9122,45.46
9123,42.56
9124,37.57
9125,43.91
9126,44.43
9127,42.53
9128,39.19
9129,41.73
9130,34.13
9131,31.64
9132,33.35
9133,30.1
9134,32.03
9135,35.07
9136,40.61
9137,35.27
9138,39.49
9139,40.13
9140,47.69
9141,46.72
9142,42.3
9143,37.13
9144,38.58
9145,40.83
9146,37.29
9147,36.3
9148,32.35
9149,33.63
9150,38.72
9151,43.99
9152,43.71
9153,46.85
9154,48.02
9155,46.61
9156,36.42
9157,33.17
9158,37.72
9159,37.25
9160,40.01
9161,43.6
9162,37.15
9163,41.88
9164,43.34
9165,37.76
9166,37.84
9167,33.23
9168,39.97
9169,45.57
9170,39.31
9171,38.01
9172,42.87
9173,37.22
9174,39.46
9175,40.09
9176,40.55
9177,41.75
9178,40.7
9179,40.78
9180,38.65
9181,43.78
9182,47.07
9183,41.61
9184,39.75
9185,37.59
9186,36.42
9187,41.81
9188,44.28
9189,49.2
9190,44.37
9191,44.12
9192,40.74
9193,42.55
9194,41.79
9195,37.65
9196,40.38
9197,38.66
9198,40.0
9199,42.44
9200,43.7
9201,42.62
9202,49.97
9203,48.75
9204,46.24
9205,49.35
9206,48.0
9207,45.64
9208,42.44
9209,42.84
9210,40.67
9211,46.39
9212,45.54
9213,47.0
9214,44.16
9215,40.89
9216,46.51
9217,47.47
9218,54.43
9219,42.56
9220,45.1
9221,42.72
9222,43.72
9223,41.55
9224,41.2
9225,42.71
9226,44.12
9227,43.5
9228,40.89
9229,46.45
9230,47.63
9231,36.89
9232,39.35
9233,42.1
9234,44.98
9235,36.17
9236,44.86
9237,37.49
9238,40.56
9239,36.21
9240,35.97
9241,39.05
9242,35.66
9243,36.09
9244,26.87
9245,28.32
9246,27.1
9247,28.91
9248,27.7
9249,30.11
9250,25.88
9251,25.59
9252,24.28
9253,28.04
9254,26.09
9255,28.13
9256,27.7
9257,26.67
9258,25.62
9259,26.82
9260,24.84
9261,27.71
9262,28.61
9263,26.9
9264,33.56
9265,33.77
9266,27.62
9267,33.91
9268,31.63
9269,30.84
9270,25.55
9271,32.61
9272,35.05
9273,31.64
9274,25.57
9275,32.98
9276,26.12
9277,26.21
9278,27.55
9279,25.86
9280,27.99
9281,26.95
9282,20.6
9283,22.69
9284,20.6
9285,24.45
9286,20.02
9287,22.84
9288,21.65
9289,22.42
9290,20.68
9291,25.86
9292,23.53
9293,25.88
9294,22.81
9295,21.59
9296,22.75
9297,25.59
9298,26.9
9299,28.91
9300,23.4
9301,22.95
9302,25.98
9303,25.21
9304,25.39
9305,22.51
9306,20.79
9307,24.27
9308,23.76
9309,24.78
9310,22.86
9311,24.32
9312,18.92
9313,17.37
9314,22.3
9315,23.95
9316,21.15
9317,25.22
9318,21.37
9319,20.25
9320,20.82
9321,21.28
9322,22.39
9323,20.61
9324,23.74
9325,21.58
9326,18.85
9327,21.01
9328,21.71
9329,25.76
9330,20.33
9331,20.76
9332,21.55
9333,21.29
9334,24.84
9335,19.53
9336,22.41
9337,20.92
9338,19.19
9339,20.85
9340,21.32
9341,22.23
9342,19.85
9343,20.49
9344,23.07
9345,16.16
9346,23.45
9347,23.56
9348,22.42
9349,21.73
9350,23.27
9351,21.08
9352,17.99
9353,24.84
9354,19.54
9355,19.42
9356,23.04
9357,20.85
9358,22.49
9359,25.4
9360,22.45
9361,23.01
9362,19.3
9363,22.42
9364,18.93
9365,21.3
9366,20.52
9367,23.69
9368,20.48
9369,21.97
9370,20.72
9371,22.16
9372,21.79
9373,18.25
9374,22.64
9375,20.41
9376,18.17
9377,20.15
9378,20.58
9379,21.52
9380,23.95
9381,22.29
9382,20.03
9383,18.73
9384,22.24
9385,17.219999999999995
9386,21.06
9387,20.95
9388,22.83
9389,23.3
9390,17.54
9391,20.59
9392,21.97
9393,21.1
9394,20.95
9395,21.24
9396,23.34
9397,21.68
9398,22.06
9399,22.81
9400,23.52
9401,20.03
9402,21.0
9403,21.54
9404,21.92
9405,26.39
9406,23.0
9407,22.86
9408,23.03
9409,19.85
9410,25.63
9411,24.02
9412,23.34
9413,17.24
9414,19.34
9415,19.33
9416,21.32
9417,23.97
9418,21.45
9419,18.49
9420,21.42
9421,22.78
9422,25.4
9423,23.25
9424,21.28
9425,22.42
9426,23.52
9427,20.66
9428,20.38
9429,22.56
9430,21.82
9431,22.26
9432,18.22
9433,23.23
9434,19.55
9435,17.48
9436,21.21
9437,15.69
9438,21.92
9439,23.12
9440,19.91
9441,23.17
9442,18.04
9443,18.63
9444,21.34
9445,21.41
9446,22.39
9447,22.75
9448,21.23
9449,23.35
9450,20.88
9451,21.32
9452,21.97
9453,22.08
9454,23.66
9455,19.45
9456,22.86
9457,21.53
9458,23.47
9459,19.56
9460,23.52
9461,18.45
9462,19.48
9463,22.07
9464,23.88
9465,21.45
9466,17.33
9467,18.05
9468,19.91
9469,19.61
9470,21.18
9471,22.18
9472,22.56
9473,22.56
9474,20.66
9475,21.91
9476,21.11
9477,22.65
9478,22.42
9479,19.64
9480,17.5
9481,20.34
9482,19.56
9483,21.97
9484,22.13
9485,21.3
9486,20.5
9487,21.05
9488,26.02
9489,20.12
9490,22.01
9491,23.34
9492,20.93
9493,26.41
9494,22.97
9495,24.1
9496,21.85
9497,20.51
9498,20.17
9499,22.2
9500,22.36
9501,18.83
9502,21.26
9503,20.62
9504,22.25
9505,19.53
9506,19.12
9507,19.34
9508,22.08
9509,21.45
9510,24.34
9511,21.07
9512,21.9
9513,21.31
9514,20.75
9515,22.95
9516,22.15
9517,21.63
9518,19.97
9519,21.75
9520,20.98
9521,19.53
9522,18.66
9523,22.43
9524,23.44
9525,23.49
9526,22.61
9527,22.16
9528,24.46
9529,17.27
9530,21.95
9531,21.84
9532,19.78
9533,23.36
9534,23.36
9535,22.78
9536,14.75
9537,22.47
9538,18.47
9539,20.23
9540,16.059999999999995
9541,19.2
9542,24.36
9543,21.17
9544,17.12
9545,20.43
9546,18.8
9547,22.68
9548,19.34
9549,20.45
9550,18.54
9551,22.12
9552,22.47
9553,21.03
9554,17.03
9555,19.91
9556,20.86
9557,23.3
9558,19.99
9559,23.44
9560,18.88
9561,20.61
9562,18.85
9563,20.22
9564,18.08
9565,20.56
9566,19.33
9567,18.98
9568,21.33
9569,19.71
9570,21.72
9571,20.78
9572,18.71
9573,18.97
9574,20.95
9575,19.34
9576,17.88
9577,19.35
9578,20.7
9579,22.81
9580,19.99
9581,16.84
9582,21.42
9583,19.52
9584,22.09
9585,16.059999999999995
9586,19.81
9587,20.89
9588,21.65
9589,20.15
9590,20.99
9591,19.74
9592,19.56
9593,21.19
9594,21.29
9595,16.38
9596,17.13
9597,22.7
9598,20.57
9599,18.52
9600,24.62
9601,18.9
9602,21.99
9603,23.68
9604,17.03
9605,19.32
9606,23.31
9607,16.93
9608,16.02
9609,22.75
9610,24.1
9611,20.31
9612,18.05
9613,21.48
9614,21.27
9615,21.58
9616,17.92
9617,18.67
9618,18.4
9619,21.25
9620,22.16
9621,18.99
9622,23.74
9623,26.0
9624,20.95
9625,21.8
9626,17.68
9627,19.47
9628,19.81
9629,21.07
9630,24.47
9631,21.95
9632,22.19
9633,20.44
9634,19.79
9635,22.6
9636,21.69
9637,22.55
9638,24.4
9639,22.08
9640,22.91
9641,20.97
9642,22.66
9643,23.04
9644,20.72
9645,21.04
9646,22.14
9647,19.73
9648,20.79
9649,21.86
9650,25.15
9651,22.9
9652,25.44
9653,27.88
9654,32.58
9655,36.53
9656,38.78
9657,41.87
9658,43.95
9659,46.73
9660,45.56
9661,42.89
9662,43.36
9663,44.66
9664,39.03
9665,37.99
9666,38.07
9667,32.58
9668,31.35
9669,28.99
9670,24.4
9671,24.56
9672,30.14
9673,29.59
9674,26.63
9675,24.45
9676,22.08
9677,26.2
9678,25.8
9679,26.94
9680,40.56
9681,39.04
9682,43.45
9683,47.46
9684,44.76
9685,46.62
9686,48.88
9687,46.51
9688,52.0
9689,48.15
9690,49.65
9691,41.27
9692,51.79
9693,48.68
9694,44.55
9695,44.54
9696,49.36
9697,45.72
9698,47.31
9699,46.2
9700,39.15
9701,42.73
9702,43.4
9703,41.29
9704,52.64
9705,42.26
9706,46.94
9707,51.55
9708,55.91
9709,49.96
9710,48.82
9711,42.47
9712,41.89
9713,44.39
9714,38.29
9715,35.31
9716,35.59
9717,42.76
9718,37.62
9719,31.81
9720,31.83
9721,29.96
9722,24.77
9723,24.72
9724,29.37
9725,25.16
9726,28.96
9727,25.75
9728,27.09
9729,28.06
9730,29.01
9731,27.22
9732,29.59
9733,28.48
9734,26.33
9735,25.98
9736,27.67
9737,24.86
9738,26.82
9739,26.82
9740,26.82
9741,26.82
9742,26.82
9743,26.82
9744,27.31
9745,27.53
9746,20.88
9747,24.13
9748,22.52
9749,22.68
9750,25.5
9751,23.74
9752,22.83
9753,23.57
9754,20.89
9755,25.98
9756,23.84
9757,26.55
9758,18.19
9759,24.05
9760,21.54
9761,26.32
9762,23.3
9763,27.37
9764,25.94
9765,27.81
9766,26.79
9767,30.43
9768,32.31
9769,30.89
9770,30.33
9771,27.56
9772,31.44
9773,32.09
9774,32.46
9775,32.96
9776,30.52
9777,33.67
9778,27.04
9779,35.65
9780,31.43
9781,28.57
9782,30.85
9783,29.78
9784,28.28
9785,32.44
9786,27.16
9787,27.98
9788,30.26
9789,34.6
9790,32.91
9791,32.31
9792,35.23
9793,34.57
9794,34.13
9795,39.46
9796,42.86
9797,45.06
9798,43.3
9799,42.31
9800,34.93
9801,36.22
9802,34.98
9803,32.99
9804,30.52
9805,29.89
9806,30.38
9807,27.59
9808,27.57
9809,31.76
9810,28.68
9811,25.03
9812,28.27
9813,31.16
9814,23.08
9815,26.27
9816,26.99
9817,24.63
9818,21.57
9819,20.39
9820,18.51
9821,30.31
9822,21.92
9823,25.56
9824,26.56
9825,22.35
9826,25.26
9827,24.93
9828,25.03
9829,27.42
9830,22.22
9831,24.07
9832,20.23
9833,21.96
9834,23.05
9835,21.05
9836,22.54
9837,20.22
9838,24.5
9839,21.82
9840,21.67
9841,22.13
9842,23.51
9843,19.71
9844,20.75
9845,23.14
9846,21.63
9847,22.12
9848,18.16
9849,22.8
9850,24.29
9851,22.72
9852,25.01
9853,21.65
9854,22.56
9855,20.96
9856,20.37
9857,20.89
9858,26.08
9859,22.41
9860,24.15
9861,23.99
9862,22.69
9863,20.82
9864,21.34
9865,18.48
9866,23.92
9867,29.18
9868,19.29
9869,22.65
9870,22.04
9871,23.49
9872,22.51
9873,25.79
9874,25.72
9875,22.42
9876,18.63
9877,21.11
9878,26.78
9879,20.54
9880,23.77
9881,28.11
9882,27.88
9883,29.45
9884,29.95
9885,29.65
9886,27.55
9887,24.6
9888,27.01
9889,21.95
9890,21.59
9891,26.23
9892,24.52
9893,20.33
9894,25.13
9895,25.92
9896,23.8
9897,21.57
9898,20.02
9899,27.74
9900,21.54
9901,25.03
9902,24.43
9903,20.32
9904,23.81
9905,23.08
9906,20.14
9907,20.54
9908,20.9
9909,26.09
9910,28.82
9911,27.08
9912,21.79
9913,22.98
9914,23.8
9915,23.86
9916,24.04
9917,25.97
9918,21.51
9919,22.66
9920,24.39
9921,22.54
9922,23.19
9923,22.29
9924,23.15
9925,30.11
9926,29.38
9927,29.67
9928,25.89
9929,28.32
9930,27.96
9931,24.72
9932,25.07
9933,26.0
9934,23.2
9935,23.27
9936,21.95
9937,18.26
9938,20.0
9939,20.08
9940,27.0
9941,22.64
9942,23.42
9943,24.76
9944,20.54
9945,23.94
9946,24.08
9947,22.87
9948,21.66
9949,21.62
9950,24.19
9951,26.3
9952,23.56
9953,21.45
9954,21.53
9955,22.23
9956,28.25
9957,21.57
9958,24.45
9959,22.52
9960,23.86
9961,27.45
9962,22.64
9963,23.2
9964,22.53
9965,23.44
9966,18.36
9967,20.42
9968,26.85
9969,22.31
9970,23.87
9971,22.95
9972,24.66
9973,23.16
9974,23.53
9975,20.92
9976,19.11
9977,25.33
9978,24.56
9979,23.8
9980,22.77
9981,18.14
9982,21.76
9983,23.57
9984,22.27
9985,23.83
9986,21.47
9987,22.53
9988,25.31
9989,21.03
9990,20.55
9991,23.63
9992,22.93
9993,21.8
9994,23.39
9995,23.72
9996,22.49
9997,21.79
9998,22.93
9999,23.79
10000,21.43
10001,21.62
10002,22.42
10003,22.59
10004,26.2
10005,24.88
10006,20.14
10007,21.99
10008,21.25
10009,19.04
10010,17.6
10011,20.47
10012,18.51
10013,21.1
10014,22.6
10015,19.26
10016,18.04
10017,23.15
10018,27.24
10019,19.9
10020,21.25
10021,21.33
10022,25.24
10023,18.69
10024,18.99
10025,21.43
10026,20.78
10027,21.57
10028,24.4
10029,20.38
10030,19.74
10031,21.22
10032,23.04
10033,20.02
10034,22.68
10035,24.72
10036,17.86
10037,23.74
10038,21.34
10039,25.56
10040,21.93
10041,19.32
10042,20.06
10043,21.85
10044,25.47
10045,19.71
10046,20.96
10047,25.35
10048,19.33
10049,21.16
10050,19.34
10051,23.26
10052,19.41
10053,22.53
10054,21.62
10055,23.22
10056,25.67
10057,22.57
10058,20.69
10059,20.66
10060,25.45
10061,19.24
10062,23.28
10063,21.98
10064,21.71
10065,21.54
10066,20.86
10067,22.31
10068,22.71
10069,21.75
10070,22.24
10071,21.7
10072,22.48
10073,22.16
10074,26.63
10075,30.48
10076,27.44
10077,25.73
10078,25.63
10079,25.92
10080,24.66
10081,29.12
10082,25.85
10083,25.72
10084,31.38
10085,28.5
10086,19.6
10087,24.25
10088,20.45
10089,26.33
10090,23.24
10091,24.01
10092,22.28
10093,23.13
10094,23.02
10095,22.36
10096,20.86
10097,18.9
10098,18.78
10099,23.44
10100,22.47
10101,21.1
10102,20.11
10103,22.69
10104,23.5
10105,23.45
10106,22.64
10107,21.35
10108,19.93
10109,25.71
10110,23.22
10111,20.26
10112,23.52
10113,22.84
10114,22.03
10115,20.73
10116,21.68
10117,27.65
10118,26.99
10119,24.7
10120,26.42
10121,29.23
10122,30.97
10123,25.5
10124,31.45
10125,28.91
10126,26.5
10127,27.07
10128,26.71
10129,27.58
10130,27.52
10131,23.94
10132,25.78
10133,24.41
10134,27.08
10135,26.05
10136,20.77
10137,24.93
10138,24.26
10139,25.59
10140,29.06
10141,21.96
10142,25.33
10143,23.41
10144,24.12
10145,20.51
10146,22.69
10147,22.61
10148,21.0
10149,26.87
10150,27.16
10151,26.92
10152,24.83
10153,30.03
10154,25.44
10155,28.07
10156,29.98
10157,31.34
10158,30.32
10159,24.05
10160,25.46
10161,23.75
10162,27.0
10163,22.0
10164,23.21
10165,27.48
10166,33.57
10167,28.11
10168,25.19
10169,26.75
10170,30.34
10171,25.02
10172,25.28
10173,25.35
10174,25.1
10175,25.06
10176,21.69
10177,22.05
10178,23.71
10179,23.0
10180,23.39
10181,20.79
10182,21.1
10183,20.66
10184,20.83
10185,20.19
10186,26.75
10187,20.14
10188,22.57
10189,23.31
10190,23.02
10191,20.32
10192,22.72
10193,24.72
10194,16.059999999999995
10195,21.36
10196,23.08
10197,26.68
10198,32.44
10199,35.33
10200,38.84
10201,43.08
10202,43.44
10203,41.22
10204,42.37
10205,49.03
10206,48.99
10207,48.55
10208,46.86
10209,48.42
10210,53.69
10211,48.4
10212,48.33
10213,55.46
10214,54.16
10215,51.08
10216,50.02
10217,55.15
10218,56.31
10219,51.85
10220,57.15
10221,48.89
10222,52.13
10223,48.15
10224,53.47
10225,43.78
10226,49.84
10227,53.04
10228,46.51
10229,38.18
10230,30.98
10231,35.34
10232,35.31
10233,33.36
10234,30.18
10235,28.98
10236,30.48
10237,29.98
10238,35.16
10239,33.4
10240,37.66
10241,36.93
10242,33.88
10243,29.73
10244,30.46
10245,35.08
10246,33.22
10247,32.46
10248,34.62
10249,38.13
10250,42.27
10251,34.35
10252,38.25
10253,32.7
10254,37.8
10255,43.61
10256,46.42
10257,44.34
10258,52.84
10259,49.72
10260,47.0
10261,48.37
10262,51.23
10263,52.96
10264,46.95
10265,48.23
10266,47.68
10267,52.53
10268,54.16
10269,48.36
10270,55.05
10271,46.94
10272,44.87
10273,44.95
10274,38.4
10275,44.03
10276,34.15
10277,33.09
10278,30.0
10279,29.22
10280,28.85
10281,33.68
10282,32.71
10283,34.26
10284,36.1
10285,33.84
10286,44.97
10287,46.25
10288,47.34
10289,52.96
10290,52.54
10291,56.36
10292,47.2
10293,48.84
10294,51.98
10295,53.95
10296,47.45
10297,49.73
10298,47.66
10299,49.98
10300,53.99
10301,54.3
10302,54.42
10303,52.59
10304,54.9
10305,49.16
10306,50.32
10307,50.62
10308,48.97
10309,48.43
10310,49.74
10311,52.46
10312,45.83
10313,48.79
10314,46.98
10315,55.49
10316,46.2
10317,49.22
10318,52.73
10319,49.66
10320,50.71
10321,48.04
10322,53.54
10323,52.28
10324,55.94
10325,47.22
10326,55.55
10327,46.83
10328,51.85
10329,57.76
10330,53.7
10331,51.78
10332,58.8
10333,60.46
10334,58.12
10335,49.03
10336,49.51
10337,53.11
10338,44.01
10339,47.54
10340,46.21
10341,45.89
10342,45.57
10343,45.26
10344,44.94
10345,44.63
10346,44.31
10347,44.0
10348,43.68
10349,43.36
10350,43.05
10351,42.73
10352,42.42
10353,42.1
10354,41.78
10355,41.47
10356,41.15
10357,40.84
10358,40.52
10359,40.21
10360,39.89
10361,39.57
10362,39.26
10363,38.94
10364,38.63
10365,38.31
10366,38.0
10367,37.68
10368,37.36
10369,37.05
10370,36.73
10371,36.42
10372,36.1
10373,35.79
10374,35.47
10375,35.15
10376,34.84
10377,34.52
10378,34.21
10379,33.89
10380,33.58
10381,33.26
10382,32.94
10383,32.63
10384,32.31
10385,32.0
10386,31.68
10387,31.36
10388,31.05
10389,30.73
10390,30.42
10391,30.1
10392,29.79
10393,29.47
10394,29.15
10395,28.84
10396,28.52
10397,28.21
10398,27.89
10399,27.58
10400,27.26
10401,26.94
10402,26.63
10403,26.31
10404,26.0
10405,25.68
10406,25.37
10407,25.05
10408,24.73
10409,24.42
10410,24.1
10411,23.79
10412,23.47
10413,23.16
10414,22.84
10415,22.52
10416,22.21
10417,21.89
10418,21.58
10419,21.26
10420,20.94
10421,20.63
10422,20.31
10423,20.0
10424,19.68
10425,19.37
10426,19.05
10427,18.73
10428,18.42
10429,18.1
10430,17.79
10431,17.469999999999995
10432,17.16
10433,20.35
10434,21.17
10435,20.49
10436,22.01
10437,21.93
10438,17.67
10439,18.53
10440,17.16
10441,22.2
10442,22.18
10443,19.53
10444,20.71
10445,22.08
10446,17.62
10447,16.44
10448,17.059999999999995
10449,15.3
10450,17.79
10451,27.52
10452,28.01
10453,27.23
10454,26.61
10455,30.3
10456,29.23
10457,31.7
10458,30.55
10459,34.25
10460,33.83
10461,30.13
10462,33.0
10463,36.78
10464,38.56
10465,46.76
10466,61.24
10467,74.26
10468,81.29999999999998
10469,81.82
10470,65.82
10471,66.63
10472,63.88
10473,56.65
10474,55.81
10475,49.49
10476,52.29
10477,46.76
10478,42.7
10479,42.87
10480,44.65
10481,43.37
10482,42.71
10483,43.23
10484,40.14
10485,45.53
10486,43.86
10487,42.21
10488,40.13
10489,44.67
10490,39.17
10491,41.97
10492,41.92
10493,39.02
10494,46.13
10495,44.7
10496,41.35
10497,41.17
10498,43.93
10499,44.03
10500,47.62
10501,36.7
10502,44.66
10503,46.64
10504,44.44
10505,45.18
10506,43.91
10507,40.83
10508,42.79
10509,38.23
10510,40.4
10511,38.1
10512,35.55
10513,33.67
10514,42.14
10515,36.87
10516,35.1
10517,35.43
10518,32.01
10519,33.51
10520,36.89
10521,37.33
10522,39.34
10523,37.39
10524,39.8
10525,44.95
10526,45.24
10527,42.7
10528,34.7
10529,38.03
10530,40.5
10531,38.01
10532,40.47
10533,45.67
10534,42.7
10535,39.55
10536,37.21
10537,41.18
10538,40.2
10539,38.65
10540,34.89
10541,33.38
10542,39.03
10543,38.61
10544,40.74
10545,39.86
10546,32.28
10547,36.21
10548,35.81
10549,40.0
10550,38.97
10551,33.07
10552,32.98
10553,34.2
10554,39.11
10555,33.9
10556,32.2
10557,30.77
10558,30.52
10559,34.82
10560,32.81
10561,37.7
10562,34.02
10563,37.92
10564,35.33
10565,34.41
10566,35.47
10567,33.05
10568,33.08
10569,34.31
10570,36.88
10571,38.38
10572,38.18
10573,38.55
10574,36.27
10575,35.19
10576,34.72
10577,34.72
10578,32.97
10579,34.53
10580,32.29
10581,34.56
10582,29.54
10583,30.97
10584,29.47
10585,32.77
10586,32.6
10587,31.51
10588,33.93
10589,37.15
10590,36.54
10591,33.36
10592,31.73
10593,35.83
10594,37.37
10595,33.38
10596,31.76
10597,31.19
10598,33.99
10599,35.29
10600,35.68
10601,34.55
10602,35.97
10603,36.91
10604,33.14
10605,36.65
10606,35.16
10607,31.67
10608,31.74
10609,33.84
10610,35.72
10611,31.86
10612,36.28
10613,36.94
10614,34.35
10615,32.85
10616,34.64
10617,31.63
10618,33.09
10619,35.7
10620,38.43
10621,37.8
10622,35.94
10623,33.76
10624,37.46
10625,41.05
10626,39.52
10627,42.52
10628,38.88
10629,39.65
10630,37.57
10631,34.54
10632,33.29
10633,30.54
10634,37.0
10635,35.73
10636,35.27
10637,32.82
10638,33.07
10639,35.89
10640,39.6
10641,35.84
10642,35.41
10643,32.7
10644,37.72
10645,34.66
10646,42.28
10647,38.24
10648,41.37
10649,39.16
10650,46.15
10651,45.85
10652,48.08
10653,43.06
10654,39.74
10655,36.66
10656,35.27
10657,36.32
10658,40.9
10659,38.76
10660,45.56
10661,42.84
10662,43.07
10663,45.75
10664,42.86
10665,48.33
10666,47.54
10667,46.72
10668,42.81
10669,38.2
10670,36.93
10671,44.65
10672,44.56
10673,40.34
10674,37.58
10675,37.61
10676,35.89
10677,38.15
10678,38.85
10679,39.57
10680,37.42
10681,36.76
10682,34.21
10683,35.99
10684,31.97
10685,36.96
10686,37.38
10687,33.43
10688,37.46
10689,41.56
10690,42.38
10691,37.57
10692,38.14
10693,34.53
10694,34.84
10695,37.8
10696,32.5
10697,37.0
10698,34.84
10699,33.23
10700,33.99
10701,34.59
10702,35.03
10703,33.04
10704,35.9
10705,37.43
10706,39.6
10707,41.21
10708,41.5
10709,40.17
10710,37.48
10711,38.69
10712,38.1
10713,39.61
10714,38.62
10715,35.8
10716,39.24
10717,35.45
10718,42.76
10719,39.1
10720,41.63
10721,43.81
10722,47.1
10723,40.12
10724,43.29
10725,38.63
10726,42.12
10727,41.03
10728,40.22
10729,44.13
10730,43.96
10731,44.39
10732,43.43
10733,44.56
10734,45.11
10735,37.32
10736,39.29
10737,38.04
10738,40.64
10739,38.03
10740,35.76
10741,42.81
10742,40.38
10743,41.32
10744,33.1
10745,33.82
10746,38.62
10747,35.21
10748,35.9
10749,40.84
10750,38.86
10751,38.2
10752,43.51
10753,37.37
10754,38.67
10755,42.88
10756,40.25
10757,39.27
10758,38.34
10759,39.65
10760,47.52
10761,41.34
10762,41.24
10763,32.54
10764,25.97
10765,22.98
10766,24.18
10767,27.34
10768,32.99
10769,34.68
10770,36.52
10771,37.33
10772,38.97
10773,40.25
10774,33.63
10775,40.63
10776,38.39
10777,44.15
10778,38.92
10779,38.54
10780,34.33
10781,35.28
10782,36.34
10783,38.97
10784,36.73
10785,36.51
10786,34.48
10787,33.97
10788,33.02
10789,32.63
10790,36.26
10791,31.58
10792,37.94
10793,32.55
10794,37.47
10795,41.1
10796,36.52
10797,33.82
10798,32.82
10799,30.6
10800,33.77
10801,34.61
10802,35.25
10803,30.55
10804,35.35
10805,38.24
10806,33.57
10807,37.83
10808,37.45
10809,38.51
10810,33.99
10811,27.07
10812,33.92
10813,34.89
10814,40.7
10815,33.65
10816,41.55
10817,45.78
10818,47.76
10819,49.65
10820,42.79
10821,29.31
10822,33.75
10823,31.49
10824,38.87
10825,42.16
10826,36.0
10827,35.05
10828,35.47
10829,38.67
10830,37.15
10831,41.17
10832,39.51
10833,44.48
10834,39.67
10835,39.13
10836,39.21
10837,35.86
10838,38.46
10839,40.42
10840,35.61
10841,36.82
10842,33.71
10843,33.6
10844,38.11
10845,41.0
10846,38.96
10847,43.37
10848,41.92
10849,43.65
10850,37.65
10851,37.79
10852,40.87
10853,40.98
10854,44.05
10855,45.65
10856,43.25
10857,47.45
10858,53.53
10859,53.94
10860,49.98
10861,48.07
10862,49.08
10863,55.34
10864,56.17
10865,57.83
10866,48.63
10867,48.34
10868,42.87
10869,46.56
10870,44.2
10871,46.38
10872,43.18
10873,43.52
10874,43.88
10875,40.33
10876,42.45
10877,41.51
10878,51.84
10879,44.91
10880,44.78
10881,38.13
10882,42.43
10883,41.56
10884,38.18
10885,28.96
10886,25.1
10887,17.64
10888,22.23
10889,23.28
10890,30.47
10891,38.72
10892,36.17
10893,32.66
10894,31.03
10895,22.04
10896,25.72
10897,24.73
10898,21.91
10899,24.55
10900,24.46
10901,26.85
10902,27.57
10903,23.26
10904,25.38
10905,27.22
10906,35.4
10907,42.17
10908,43.99
10909,48.39
10910,50.81
10911,50.67
10912,45.66
10913,45.05
10914,42.35
10915,42.47
10916,45.24
10917,39.3
10918,32.79
10919,34.15
10920,36.25
10921,39.38
10922,45.11
10923,44.26
10924,43.64
10925,42.22
10926,44.59
10927,45.48
10928,41.76
10929,41.19
10930,41.24
10931,42.98
10932,39.1
10933,38.59
10934,40.21
10935,39.22
10936,39.58
10937,39.25
10938,40.58
10939,40.61
10940,40.85
10941,42.51
10942,42.95
10943,43.28
10944,43.5
10945,40.7
10946,37.23
10947,35.15
10948,39.15
10949,35.59
10950,39.76
10951,37.66
10952,40.44
10953,39.47
10954,34.28
10955,39.45
10956,37.68
10957,42.67
10958,41.9
10959,38.0
10960,32.4
10961,38.4
10962,41.24
10963,39.63
10964,37.61
10965,38.68
10966,35.97
10967,41.09
10968,37.62
10969,35.83
10970,33.43
10971,29.42
10972,27.9
10973,27.12
10974,29.8
10975,33.63
10976,35.01
10977,34.9
10978,37.48
10979,34.51
10980,36.26
10981,33.08
10982,34.01
10983,37.39
10984,32.16
10985,33.84
10986,38.23
10987,33.51
10988,34.88
10989,33.07
10990,37.72
10991,39.16
10992,35.66
10993,39.1
10994,39.59
10995,40.69
10996,34.59
10997,33.3
10998,36.13
10999,35.43
11000,35.99
11001,34.83
11002,36.44
11003,34.02
11004,33.04
11005,29.88
11006,27.46
11007,29.95
11008,27.96
11009,29.35
11010,30.64
11011,32.52
11012,28.71
11013,31.64
11014,33.19
11015,36.09
11016,42.32
11017,40.98
11018,37.83
11019,38.31
11020,40.84
11021,36.84
11022,36.12
11023,40.71
11024,35.31
11025,39.29
11026,38.89
11027,35.79
11028,36.84
11029,32.48
11030,33.65
11031,34.08
11032,31.3
11033,33.22
11034,29.88
11035,32.69
11036,34.49
11037,36.75
11038,35.09
11039,35.05
11040,32.32
11041,34.43
11042,36.33
11043,35.89
11044,30.95
11045,33.21
11046,31.44
11047,32.98
11048,37.5
11049,36.33
11050,36.41
11051,32.7
11052,32.94
11053,33.46
11054,26.33
11055,27.44
11056,30.25
11057,25.79
11058,30.21
11059,26.76
11060,27.58
11061,27.51
11062,31.4
11063,27.92
11064,28.76
11065,26.71
11066,27.55
11067,27.48
11068,29.31
11069,30.05
11070,34.19
11071,29.54
11072,31.26
11073,29.74
11074,30.62
11075,36.43
11076,30.76
11077,27.03
11078,27.9
11079,35.27
11080,30.55
11081,29.49
11082,29.03
11083,27.07
11084,29.2
11085,24.07
11086,26.82
11087,26.58
11088,26.08
11089,28.87
11090,31.0
11091,35.01
11092,28.34
11093,25.11
11094,25.26
11095,31.16
11096,31.84
11097,30.83
11098,33.55
11099,27.2
11100,23.7
11101,29.64
11102,26.92
11103,30.5
11104,29.55
11105,29.11
11106,28.38
11107,28.17
11108,34.0
11109,28.38
11110,28.41
11111,31.5
11112,31.92
11113,31.72
11114,29.78
11115,29.65
11116,33.11
11117,36.45
11118,32.95
11119,29.64
11120,25.98
11121,28.74
11122,29.2
11123,29.88
11124,33.51
11125,34.78
11126,33.33
11127,35.1
11128,32.62
11129,31.92
11130,33.8
11131,29.01
11132,31.45
11133,29.04
11134,31.74
11135,26.83
11136,29.93
11137,30.67
11138,30.84
11139,33.39
11140,30.57
11141,33.85
11142,33.96
11143,34.66
11144,32.68
11145,29.39
11146,33.44
11147,32.49
11148,32.93
11149,29.93
11150,24.48
11151,28.65
11152,27.5
11153,32.27
11154,32.88
11155,29.53
11156,29.86
11157,28.17
11158,30.8
11159,28.97
11160,25.14
11161,24.42
11162,26.73
11163,30.45
11164,35.28
11165,34.38
11166,31.28
11167,32.98
11168,29.48
11169,32.48
11170,24.01
11171,26.01
11172,22.98
11173,25.43
11174,30.58
11175,32.64
11176,26.41
11177,25.26
11178,24.75
11179,28.23
11180,29.56
11181,28.57
11182,27.14
11183,27.34
11184,27.54
11185,29.44
11186,23.52
11187,23.35
11188,24.95
11189,25.52
11190,26.4
11191,22.1
11192,23.06
11193,24.21
11194,20.19
11195,24.19
11196,25.77
11197,23.3
11198,22.84
11199,21.53
11200,20.17
11201,23.47
11202,22.09
11203,25.69
11204,26.48
11205,22.49
11206,23.22
11207,20.22
11208,20.59
11209,20.79
11210,23.73
11211,25.93
11212,26.54
11213,22.44
11214,22.34
11215,21.68
11216,24.06
11217,24.52
11218,23.8
11219,22.11
11220,24.26
11221,24.53
11222,22.65
11223,25.81
11224,26.0
11225,23.49
11226,25.79
11227,27.43
11228,23.52
11229,23.44
11230,20.13
11231,19.77
11232,22.24
11233,23.76
11234,22.79
11235,24.7
11236,27.35
11237,24.16
11238,26.66
11239,24.68
11240,24.07
11241,22.89
11242,22.51
11243,24.05
11244,20.34
11245,20.06
11246,25.41
11247,21.64
11248,22.41
11249,21.63
11250,20.07
11251,21.49
11252,20.93
11253,21.01
11254,18.46
11255,25.05
11256,24.27
11257,25.32
11258,26.08
11259,21.45
11260,22.36
11261,25.28
11262,24.63
11263,25.55
11264,21.84
11265,19.25
11266,19.41
11267,19.72
11268,22.22
11269,24.13
11270,24.67
11271,20.52
11272,20.82
11273,19.38
11274,23.07
11275,20.52
11276,22.74
11277,24.76
11278,22.9
11279,28.42
11280,26.47
11281,26.31
11282,24.96
11283,21.29
11284,22.93
11285,20.47
11286,28.43
11287,26.27
11288,23.93
11289,23.35
11290,27.78
11291,23.51
11292,22.77
11293,24.28
11294,18.65
11295,20.17
11296,22.95
11297,21.63
11298,19.06
11299,20.48
11300,18.49
11301,19.21
11302,18.77
11303,18.1
11304,19.7
11305,21.76
11306,27.69
11307,23.94
11308,24.08
11309,23.19
11310,23.23
11311,28.65
11312,30.62
11313,29.01
11314,26.05
11315,24.93
11316,22.72
11317,31.68
11318,29.44
11319,28.64
11320,26.58
11321,24.55
11322,23.51
11323,23.26
11324,20.96
11325,23.51
11326,24.23
11327,23.33
11328,22.67
11329,22.8
11330,24.92
11331,22.81
11332,25.88
11333,24.53
11334,26.42
11335,26.41
11336,25.85
11337,24.07
11338,24.22
11339,24.91
11340,20.68
11341,22.42
11342,17.74
11343,22.02
11344,23.7
11345,24.5
11346,20.4
11347,23.03
11348,27.85
11349,25.03
11350,23.33
11351,20.79
11352,20.11
11353,22.51
11354,22.09
11355,23.26
11356,23.97
11357,18.2
11358,20.27
11359,20.61
11360,19.6
11361,20.04
11362,21.33
11363,17.33
11364,21.29
11365,22.36
11366,22.89
11367,21.16
11368,17.87
11369,16.75
11370,19.83
11371,22.34
11372,22.62
11373,20.84
11374,19.49
11375,20.24
11376,27.27
11377,28.61
11378,26.84
11379,23.53
11380,23.42
11381,20.98
11382,18.94
11383,22.99
11384,23.21
11385,26.15
11386,24.59
11387,28.41
11388,34.81
11389,31.74
11390,26.1
11391,25.21
11392,26.19
11393,27.5
11394,25.94
11395,20.02
11396,23.08
11397,23.59
11398,22.94
11399,27.82
11400,20.61
11401,21.73
11402,19.59
11403,23.69
11404,24.92
11405,23.68
11406,21.69
11407,21.66
11408,24.87
11409,20.43
11410,20.03
11411,19.39
11412,23.28
11413,29.82
11414,27.86
11415,26.97
11416,30.98
11417,35.17
11418,25.54
11419,25.68
11420,23.38
11421,21.6
11422,24.54
11423,20.33
11424,18.54
11425,21.02
11426,18.05
11427,22.24
11428,23.74
11429,22.88
11430,17.68
11431,17.07
11432,17.2
11433,19.11
11434,21.18
11435,17.94
11436,19.31
11437,25.05
11438,26.75
11439,25.44
11440,27.52
11441,28.47
11442,26.16
11443,21.55
11444,23.34
11445,21.75
11446,19.99
11447,17.96
11448,18.04
11449,17.8
11450,17.149999999999995
11451,19.55
11452,20.66
11453,22.78
11454,18.59
11455,23.12
11456,23.75
11457,21.31
11458,22.41
11459,24.46
11460,24.36
11461,23.64
11462,25.14
11463,26.74
11464,24.98
11465,23.32
11466,22.15
11467,22.53
11468,22.77
11469,25.31
11470,19.43
11471,19.1
11472,18.09
11473,20.93
11474,24.01
11475,20.76
11476,22.48
11477,18.56
11478,15.79
11479,18.91
11480,21.15
11481,25.88
11482,27.68
11483,26.31
11484,29.22
11485,31.15
11486,29.52
11487,25.77
11488,26.47
11489,28.77
11490,29.37
11491,30.42
11492,25.38
11493,30.42
11494,30.43
11495,27.47
11496,30.71
11497,33.66
11498,34.01
11499,27.5
11500,30.79
11501,28.17
11502,24.27
11503,22.41
11504,25.9
11505,21.99
11506,25.45
11507,24.52
11508,25.78
11509,24.96
11510,27.62
11511,23.3
11512,21.96
11513,19.25
11514,16.79
11515,19.22
11516,20.99
11517,25.57
11518,22.63
11519,22.09
11520,23.16
11521,25.01
11522,21.41
11523,23.68
11524,21.13
11525,23.54
11526,23.2
11527,23.07
11528,20.76
11529,22.75
11530,22.86
11531,21.16
11532,21.41
11533,25.01
11534,29.4
11535,26.96
11536,23.37
11537,20.26
11538,21.62
11539,18.56
11540,20.02
11541,21.04
11542,23.33
11543,19.7
11544,24.5
11545,24.12
11546,23.07
11547,22.66
11548,25.04
11549,24.73
11550,25.81
11551,22.42
11552,33.55
11553,31.63
11554,33.58
11555,28.24
11556,24.01
11557,22.91
11558,22.92
11559,22.84
11560,25.23
11561,23.51
11562,24.24
11563,21.95
11564,20.3
11565,21.46
11566,22.3
11567,21.29
11568,20.38
11569,24.86
11570,24.7
11571,22.4
11572,20.74
11573,19.75
11574,18.26
11575,21.62
11576,22.98
11577,19.5
11578,23.18
11579,28.92
11580,31.05
11581,26.9
11582,26.24
11583,29.2
11584,26.49
11585,22.51
11586,21.3
11587,19.88
11588,26.87
11589,23.62
11590,23.23
11591,22.01
11592,24.85
11593,25.3
11594,26.08
11595,25.34
11596,24.1
11597,22.28
11598,25.82
11599,24.81
11600,25.63
11601,26.12
11602,24.09
11603,23.55
11604,27.06
11605,24.78
11606,24.23
11607,27.02
11608,27.44
11609,27.99
11610,27.27
11611,22.48
11612,24.69
11613,23.16
11614,31.88
11615,30.01
11616,27.53
11617,30.43
11618,35.11
11619,34.44
11620,31.41
11621,30.6
11622,31.92
11623,29.11
11624,30.25
11625,34.33
11626,33.04
11627,31.34
11628,34.0
11629,37.64
11630,30.75
11631,31.98
11632,35.93
11633,34.77
11634,33.91
11635,34.51
11636,34.95
11637,34.45
11638,30.01
11639,25.77
11640,31.55
11641,34.23
11642,38.01
11643,35.48
11644,39.97
11645,34.56
11646,36.24
11647,34.61
11648,34.69
11649,32.16
11650,26.55
11651,31.06
11652,30.15
11653,34.96
11654,31.67
11655,31.06
11656,35.97
11657,31.48
11658,30.57
11659,32.13
11660,28.7
11661,32.43
11662,35.25
11663,37.43
11664,33.74
11665,41.24
11666,37.76
11667,35.39
11668,34.32
11669,30.4
11670,34.89
11671,34.74
11672,33.66
11673,38.48
11674,36.25
11675,39.09
11676,36.95
11677,37.05
11678,39.34
11679,36.73
11680,36.78
11681,41.14
11682,42.39
11683,45.27
11684,40.94
11685,43.12
11686,37.17
11687,42.78
11688,37.56
11689,33.96
11690,35.37
11691,38.76
11692,36.74
11693,38.76
11694,34.76
11695,32.49
11696,36.93
11697,37.78
11698,38.5
11699,40.53
11700,40.46
11701,49.78
11702,45.7
11703,44.9
11704,42.5
11705,41.12
11706,37.88
11707,39.22
11708,41.39
11709,38.19
11710,40.45
11711,36.91
11712,35.48
11713,33.99
11714,37.81
11715,38.29
11716,35.5
11717,32.26
11718,34.26
11719,37.43
11720,39.11
11721,44.0
11722,40.26
11723,35.76
11724,34.43
11725,35.55
11726,36.85
11727,30.99
11728,34.04
11729,33.61
11730,36.72
11731,39.25
11732,36.16
11733,43.43
11734,37.98
11735,38.12
11736,33.47
11737,31.28
11738,29.27
11739,27.23
11740,32.31
11741,32.57
11742,32.06
11743,29.94
11744,31.8
11745,32.1
11746,39.9
11747,39.92
11748,36.6
11749,40.31
11750,34.48
11751,36.93
11752,30.39
11753,33.42
11754,31.51
11755,29.71
11756,31.67
11757,28.68
11758,29.93
11759,35.49
11760,34.66
11761,35.5
11762,33.09
11763,31.34
11764,32.91
11765,35.61
11766,35.35
11767,34.66
11768,39.12
11769,39.74
11770,42.46
11771,43.05
11772,45.98
11773,37.26
11774,36.61
11775,40.96
11776,30.79
11777,34.64
11778,29.55
11779,39.47
11780,27.86
11781,30.3
11782,36.49
11783,30.41
11784,29.09
11785,28.32
11786,34.66
11787,32.99
11788,39.24
11789,33.15
11790,33.68
11791,29.42
11792,28.08
11793,27.79
11794,22.98
11795,26.4
11796,24.05
11797,33.99
11798,29.24
11799,28.74
11800,28.35
11801,33.55
11802,31.72
11803,34.0
11804,30.41
11805,32.83
11806,27.27
11807,24.15
11808,28.38
11809,36.24
11810,36.49
11811,33.92
11812,33.39
11813,36.05
11814,31.77
11815,26.49
11816,30.97
11817,29.16
11818,37.15
11819,33.31
11820,34.18
11821,39.84
11822,30.06
11823,38.02
11824,33.41
11825,32.68
11826,33.04
11827,30.27
11828,35.81
11829,42.86
11830,38.82
11831,44.25
11832,41.37
11833,43.46
11834,35.47
11835,30.45
11836,38.33
11837,29.73
11838,31.14
11839,40.47
11840,44.63
11841,40.51
11842,39.28
11843,40.25
11844,33.29
11845,36.92
11846,41.26
11847,45.4
11848,43.03
11849,37.71
11850,40.54
11851,43.48
11852,43.12
11853,46.21
11854,48.61
11855,43.04
11856,44.5
11857,44.46
11858,44.19
11859,47.94
11860,52.13
11861,50.89
11862,55.27
11863,53.82
11864,53.58
11865,54.34
11866,51.06
11867,47.47
11868,53.64
11869,55.9
11870,59.42
11871,59.57
11872,56.61
11873,51.64
11874,45.22
11875,48.67
11876,47.51
11877,50.47
11878,53.25
11879,46.5
11880,46.6
11881,43.42
11882,46.06
11883,46.6
11884,45.34
11885,41.56
11886,41.12
11887,41.13
11888,37.43
11889,37.45
11890,40.15
11891,49.26
11892,49.96
11893,46.96
11894,49.2
11895,50.29
11896,48.66
11897,49.0
11898,43.2
11899,43.12
11900,41.34
11901,42.14
11902,39.14
11903,49.03
11904,47.11
11905,46.46
11906,45.53
11907,47.09
11908,47.98
11909,48.83
11910,48.69
11911,49.6
11912,58.02
11913,63.17
11914,65.93
11915,66.24
11916,56.89
11917,49.13
11918,32.33
11919,34.6
11920,39.29
11921,40.1
11922,33.28
11923,24.94
11924,17.98
11925,15.89
11926,17.33
11927,18.75
11928,17.219999999999995
11929,19.37
11930,24.16
11931,28.31
11932,22.49
11933,21.71
11934,24.94
11935,18.58
11936,20.51
11937,17.42
11938,16.88
11939,20.45
11940,21.0
11941,24.91
11942,28.64
11943,24.5
11944,23.81
11945,15.0
11946,13.66
11947,16.45
11948,14.55
11949,16.899999999999995
11950,14.3
11951,13.95
11952,16.62
11953,16.78
11954,21.29
11955,17.64
11956,16.24
11957,15.51
11958,15.89
11959,15.71
11960,14.62
11961,15.54
11962,14.3
11963,13.62
11964,16.13
11965,13.19
11966,14.83
11967,13.74
11968,13.670000000000003
11969,16.78
11970,15.84
11971,19.64
11972,21.77
11973,23.58
11974,22.61
11975,22.53
11976,23.45
11977,25.68
11978,21.66
11979,22.97
11980,25.45
11981,24.44
11982,30.22
11983,32.68
11984,37.53
11985,36.0
11986,32.89
11987,34.94
11988,35.31
11989,37.03
11990,34.55
11991,31.2
11992,30.8
11993,33.98
11994,30.5
11995,33.07
11996,32.19
11997,32.32
11998,30.23
11999,36.43
12000,32.43
12001,33.43
12002,31.86
12003,27.91
12004,24.98
12005,20.94
12006,20.57
12007,24.64
12008,26.51
12009,25.56
12010,26.63
12011,27.58
12012,25.62
12013,27.44
12014,32.17
12015,30.85
12016,37.08
12017,39.93
12018,35.62
12019,36.45
12020,34.72
12021,28.66
12022,28.78
12023,26.37
12024,22.49
12025,22.8
12026,23.13
12027,22.81
12028,32.08
12029,36.49
12030,41.43
12031,42.18
12032,38.94
12033,35.96
12034,36.8
12035,34.55
12036,33.83
12037,28.75
12038,36.49
12039,28.12
12040,25.84
12041,27.07
12042,24.65
12043,24.68
12044,32.73
12045,35.3
12046,48.57
12047,99.62
12048,159.96
12049,154.38
12050,131.38
12051,100.66
12052,80.58
12053,70.49
12054,61.68
12055,61.17
12056,51.39
12057,41.93
12058,36.98
12059,36.04
12060,33.13
12061,30.73
12062,27.8
12063,24.87
12064,25.43
12065,23.37
12066,24.6
12067,27.02
12068,23.19
12069,30.39
12070,29.84
12071,32.0
12072,28.4
12073,29.17
12074,27.41
12075,25.46
12076,25.5
12077,22.4
12078,30.59
12079,30.69
12080,35.05
12081,35.52
12082,34.68
12083,37.86
12084,38.89
12085,42.73
12086,40.88
12087,36.36
12088,34.3
12089,34.67
12090,36.04
12091,41.15
12092,37.16
12093,36.91
12094,30.92
12095,29.79
12096,27.75
12097,25.78
12098,19.1
12099,16.61
12100,19.82
12101,22.27
12102,23.87
12103,24.73
12104,20.84
12105,22.01
12106,24.77
12107,23.6
12108,22.86
12109,21.64
12110,21.34
12111,19.85
12112,21.32
12113,16.91
12114,15.83
12115,16.61
12116,14.87
12117,12.68
12118,13.89
12119,16.2
12120,12.46
12121,12.01
12122,14.9
12123,13.77
12124,12.05
12125,14.56
12126,15.4
12127,16.41
12128,15.29
12129,14.22
12130,15.5
12131,17.18
12132,16.38
12133,17.41
12134,16.82
12135,15.14
12136,17.08
12137,17.18
12138,17.14
12139,17.309999999999995
12140,17.02
12141,19.41
12142,17.58
12143,18.0
12144,22.1
12145,19.06
12146,19.12
12147,19.01
12148,17.64
12149,18.76
12150,21.93
12151,19.86
12152,20.54
12153,17.74
12154,20.83
12155,22.99
12156,18.88
12157,18.35
12158,20.21
12159,17.32
12160,20.99
12161,16.25
12162,21.04
12163,23.38
12164,23.91
12165,26.05
12166,28.61
12167,25.84
12168,24.73
12169,25.84
12170,22.65
12171,20.13
12172,18.6
12173,22.32
12174,25.46
12175,23.57
12176,24.78
12177,24.25
12178,20.71
12179,17.51
12180,18.25
12181,17.49
12182,16.52
12183,17.82
12184,20.14
12185,18.11
12186,20.38
12187,19.64
12188,22.11
12189,22.84
12190,20.35
12191,23.36
12192,19.16
12193,20.11
12194,23.31
12195,26.44
12196,23.72
12197,26.47
12198,31.12
12199,29.76
12200,25.75
12201,27.92
12202,22.85
12203,23.91
12204,26.09
12205,30.23
12206,36.19
12207,40.28
12208,33.54
12209,31.3
12210,27.81
12211,25.72
12212,23.59
12213,19.39
12214,18.19
12215,19.38
12216,24.87
12217,26.47
12218,26.32
12219,27.0
12220,23.75
12221,25.16
12222,19.0
12223,19.9
12224,19.02
12225,20.88
12226,21.61
12227,24.42
12228,27.77
12229,26.26
12230,24.69
12231,26.02
12232,22.23
12233,21.89
12234,24.94
12235,20.98
12236,23.92
12237,19.93
12238,22.65
12239,25.23
12240,25.11
12241,24.8
12242,24.57
12243,25.35
12244,27.75
12245,23.07
12246,17.39
12247,18.18
12248,16.809999999999995
12249,16.69
12250,17.71
12251,15.55
12252,17.8
12253,14.26
12254,16.76
12255,15.41
12256,15.99
12257,18.95
12258,15.42
12259,18.57
12260,18.72
12261,16.84
12262,18.95
12263,19.55
12264,15.12
12265,14.84
12266,15.9
12267,13.94
12268,14.14
12269,13.72
12270,14.71
12271,11.04
12272,13.31
12273,10.79
12274,13.34
12275,11.49
12276,15.32
12277,13.18
12278,16.18
12279,14.95
12280,15.42
12281,20.96
12282,16.89
12283,19.69
12284,19.61
12285,20.26
12286,17.96
12287,20.07
12288,21.68
12289,22.35
12290,20.2
12291,16.92
12292,16.67
12293,17.52
12294,17.68
12295,20.09
12296,19.71
12297,21.88
12298,21.8
12299,25.26
12300,25.81
12301,25.08
12302,29.99
12303,37.45
12304,41.4
12305,41.53
12306,41.34
12307,43.7
12308,46.47
12309,48.61
12310,40.5
12311,44.82
12312,46.9
12313,38.82
12314,38.12
12315,36.58
12316,32.8
12317,31.95
12318,35.33
12319,36.44
12320,39.44
12321,38.25
12322,44.27
12323,40.54
12324,41.77
12325,39.94
12326,37.04
12327,41.16
12328,39.98
12329,35.13
12330,34.7
12331,32.93
12332,27.26
12333,28.98
12334,35.35
12335,31.17
12336,35.11
12337,36.38
12338,32.41
12339,31.14
12340,25.49
12341,29.03
12342,30.85
12343,32.27
12344,30.28
12345,31.44
12346,33.25
12347,24.15
12348,29.28
12349,24.67
12350,23.29
12351,24.95
12352,17.41
12353,14.43
12354,17.559999999999995
12355,19.88
12356,22.02
12357,21.12
12358,23.47
12359,22.37
12360,21.59
12361,19.31
12362,22.27
12363,18.32
12364,17.0
12365,17.71
12366,19.12
12367,21.35
12368,21.76
12369,20.31
12370,21.95
12371,23.17
12372,22.88
12373,19.92
12374,21.2
12375,20.71
12376,23.17
12377,26.17
12378,27.19
12379,23.25
12380,23.63
12381,34.41
12382,40.17
12383,39.37
12384,31.18
12385,22.98
12386,15.71
12387,14.82
12388,14.42
12389,16.82
12390,15.03
12391,15.38
12392,15.67
12393,13.52
12394,12.83
12395,15.09
12396,16.84
12397,16.45
12398,16.71
12399,16.11
12400,15.1
12401,20.19
12402,19.79
12403,18.33
12404,19.31
12405,18.68
12406,19.73
12407,17.82
12408,19.96
12409,19.14
12410,19.27
12411,20.99
12412,19.25
12413,17.37
12414,17.33
12415,17.14
12416,15.84
12417,18.93
12418,18.27
12419,21.87
12420,23.15
12421,23.57
12422,26.52
12423,22.88
12424,23.54
12425,23.42
12426,21.06
12427,19.21
12428,18.61
12429,19.63
12430,21.63
12431,19.99
12432,22.33
12433,22.02
12434,24.03
12435,25.3
12436,23.47
12437,25.01
12438,25.12
12439,24.09
12440,23.98
12441,25.45
12442,26.95
12443,26.69
12444,28.5
12445,25.4
12446,24.25
12447,24.52
12448,25.21
12449,25.5
12450,26.87
12451,29.89
12452,29.21
12453,29.2
12454,27.03
12455,30.09
12456,24.8
12457,28.77
12458,26.61
12459,27.83
12460,32.71
12461,34.36
12462,31.68
12463,37.19
12464,36.66
12465,39.36
12466,42.82
12467,40.05
12468,38.36
12469,34.64
12470,37.04
12471,30.72
12472,37.95
12473,39.12
12474,41.87
12475,39.34
12476,39.86
12477,37.8
12478,41.92
12479,39.93
12480,34.94
12481,34.38
12482,32.76
12483,30.27
12484,29.96
12485,33.39
12486,33.76
12487,31.86
12488,36.38
12489,37.6
12490,34.43
12491,30.23
12492,25.57
12493,23.37
12494,27.56
12495,24.02
12496,27.29
12497,30.21
12498,29.59
12499,27.49
12500,27.5
12501,26.69
12502,29.65
12503,30.7
12504,30.63
12505,31.67
12506,32.27
12507,33.11
12508,33.17
12509,30.08
12510,29.53
12511,30.02
12512,28.36
12513,23.92
12514,23.43
12515,22.63
12516,24.7
12517,25.35
12518,18.82
12519,19.24
12520,21.15
12521,21.08
12522,18.39
12523,15.8
12524,15.58
12525,18.79
12526,20.62
12527,22.29
12528,25.04
12529,23.56
12530,27.88
12531,34.21
12532,34.76
12533,32.74
12534,29.68
12535,31.39
12536,29.54
12537,26.5
12538,28.04
12539,28.95
12540,32.54
12541,34.02
12542,36.34
12543,37.8
12544,39.53
12545,37.46
12546,35.82
12547,33.51
12548,32.08
12549,32.14
12550,33.7
12551,35.83
12552,34.91
12553,35.82
12554,30.08
12555,31.57
12556,33.5
12557,32.56
12558,35.12
12559,36.51
12560,33.44
12561,26.73
12562,32.81
12563,33.77
12564,33.2
12565,31.48
12566,28.65
12567,30.04
12568,23.61
12569,22.54
12570,22.63
12571,20.18
12572,24.58
12573,20.09
12574,20.51
12575,17.17
12576,16.82
12577,16.03
12578,17.29
12579,18.69
12580,19.21
12581,18.24
12582,18.67
12583,20.55
12584,18.13
12585,22.31
12586,21.7
12587,19.55
12588,20.28
12589,17.18
12590,17.33
12591,20.2
12592,23.73
12593,23.31
12594,22.11
12595,22.41
12596,20.06
12597,21.65
12598,19.59
12599,20.62
12600,20.41
12601,20.27
12602,19.16
12603,20.57
12604,20.48
12605,19.86
12606,18.65
12607,20.64
12608,20.28
12609,21.22
12610,22.52
12611,22.94
12612,26.35
12613,27.32
12614,30.64
12615,32.88
12616,46.97
12617,46.79
12618,44.69
12619,41.73
12620,27.32
12621,28.64
12622,20.78
12623,21.47
12624,15.7
12625,15.81
12626,13.99
12627,15.07
12628,13.35
12629,14.73
12630,13.11
12631,12.51
12632,13.28
12633,12.63
12634,16.16
12635,13.25
12636,17.059999999999995
12637,20.96
12638,19.7
12639,19.24
12640,15.84
12641,15.68
12642,15.59
12643,12.45
12644,12.52
12645,13.56
12646,14.31
12647,13.7
12648,13.07
12649,15.4
12650,16.41
12651,18.52
12652,16.87
12653,18.3
12654,15.38
12655,16.71
12656,16.77
12657,18.79
12658,16.59
12659,17.02
12660,22.52
12661,21.33
12662,17.87
12663,16.28
12664,20.47
12665,26.14
12666,30.44
12667,31.66
12668,33.13
12669,31.24
12670,32.54
12671,24.55
12672,26.27
12673,28.2
12674,28.77
12675,31.87
12676,30.04
12677,31.58
12678,31.23
12679,27.16
12680,27.28
12681,28.31
12682,26.29
12683,28.18
12684,30.11
12685,32.57
12686,32.9
12687,38.79
12688,56.57
12689,62.41
12690,58.67
12691,50.36
12692,35.73
12693,27.55
12694,22.43
12695,21.1
12696,21.15
12697,18.84
12698,20.11
12699,21.23
12700,23.2
12701,24.98
12702,28.04
12703,29.82
12704,29.86
12705,33.75
12706,33.9
12707,34.61
12708,43.31
12709,48.38
12710,55.92
12711,61.01
12712,54.14
12713,45.3
12714,34.49
12715,30.47
12716,23.43
12717,23.36
12718,24.49
12719,24.79
12720,23.48
12721,25.8
12722,22.56
12723,19.23
12724,21.49
12725,22.82
12726,20.53
12727,19.42
12728,20.29
12729,24.35
12730,24.94
12731,24.26
12732,22.13
12733,25.19
12734,28.39
12735,32.13
12736,40.36
12737,36.48
12738,29.57
12739,24.09
12740,21.45
12741,21.97
12742,23.71
12743,28.77
12744,28.9
12745,36.29
12746,35.6
12747,36.4
12748,38.4
12749,31.96
12750,28.34
12751,29.64
12752,27.46
12753,24.4
12754,22.55
12755,21.34
12756,18.18
12757,16.01
12758,15.97
12759,17.46
12760,17.5
12761,19.11
12762,17.21
12763,20.05
12764,21.98
12765,20.54
12766,20.34
12767,20.99
12768,22.4
12769,23.49
12770,20.99
12771,23.9
12772,27.39
12773,28.09
12774,28.52
12775,33.79
12776,34.89
12777,36.0
12778,37.1
12779,31.17
12780,28.41
12781,26.05
12782,20.42
12783,17.46
12784,16.04
12785,17.99
12786,19.92
12787,20.47
12788,23.13
12789,27.04
12790,27.39
12791,24.96
12792,21.86
12793,20.23
12794,22.54
12795,26.33
12796,30.34
12797,25.52
12798,21.6
12799,22.83
12800,27.09
12801,24.39
12802,24.6
12803,29.58
12804,31.37
12805,30.5
12806,28.98
12807,28.93
12808,27.59
12809,24.11
12810,27.16
12811,30.37
12812,23.43
12813,25.78
12814,25.61
12815,28.6
12816,29.88
12817,31.57
12818,34.4
12819,38.43
12820,34.39
12821,30.6
12822,24.01
12823,25.1
12824,23.1
12825,23.76
12826,24.59
12827,23.0
12828,20.8
12829,27.34
12830,26.28
12831,28.8
12832,30.7
12833,35.41
12834,43.42
12835,42.67
12836,34.84
12837,34.85
12838,30.61
12839,29.63
12840,34.03
12841,34.79
12842,31.61
12843,25.04
12844,22.97
12845,21.69
12846,22.87
12847,20.38
12848,18.54
12849,19.37
12850,18.47
12851,21.92
12852,28.38
12853,27.91
12854,27.78
12855,28.31
12856,29.09
12857,30.35
12858,21.66
12859,22.61
12860,24.31
12861,24.68
12862,23.09
12863,26.85
12864,31.98
12865,33.88
12866,33.38
12867,33.91
12868,35.61
12869,41.29
12870,50.07
12871,56.83
12872,61.11
12873,65.85
12874,79.01
12875,81.11
12876,74.78
12877,65.41
12878,45.68
12879,38.28
12880,34.42
12881,31.94
12882,32.67
12883,32.69
12884,28.42
12885,27.42
12886,30.0
12887,34.37
12888,39.82
12889,45.76
12890,39.25
12891,40.87
12892,37.05
12893,33.38
12894,31.63
12895,30.39
12896,28.4
12897,26.2
12898,23.27
12899,22.78
12900,24.34
12901,20.0
12902,22.08
12903,21.35
12904,22.34
12905,23.73
12906,26.98
12907,26.58
12908,23.6
12909,23.02
12910,22.43
12911,24.41
12912,26.22
12913,29.81
12914,34.01
12915,33.25
12916,31.45
12917,33.3
12918,36.88
12919,36.75
12920,38.05
12921,38.87
12922,38.42
12923,37.79
12924,33.81
12925,26.73
12926,26.54
12927,22.64
12928,22.44
12929,20.77
12930,20.17
12931,19.93
12932,19.35
12933,17.87
12934,16.54
12935,16.149999999999995
12936,14.62
12937,16.21
12938,16.48
12939,14.56
12940,15.9
12941,11.58
12942,11.6
12943,14.91
12944,14.42
12945,17.6
12946,17.24
12947,14.01
12948,17.7
12949,17.94
12950,22.09
12951,22.02
12952,24.07
12953,24.52
12954,20.76
12955,20.93
12956,22.42
12957,24.99
12958,23.59
12959,23.11
12960,20.75
12961,25.3
12962,32.85
12963,36.37
12964,48.55
12965,66.25
12966,89.14
12967,67.55
12968,43.15
12969,31.16
12970,28.21
12971,22.84
12972,26.04
12973,31.66
12974,29.74
12975,24.92
12976,23.74
12977,22.38
12978,22.62
12979,26.42
12980,25.69
12981,24.58
12982,24.69
12983,26.87
12984,21.09
12985,21.14
12986,23.99
12987,26.22
12988,18.59
12989,19.92
12990,18.27
12991,18.08
12992,17.8
12993,20.93
12994,18.64
12995,22.01
12996,22.73
12997,26.98
12998,26.2
12999,22.39
13000,24.84
13001,27.08
13002,20.18
13003,20.8
13004,19.17
13005,19.14
13006,18.68
13007,16.26
13008,15.1
13009,17.76
13010,19.63
13011,21.22
13012,16.49
13013,19.24
13014,16.17
13015,15.98
13016,22.24
13017,25.14
13018,25.15
13019,24.89
13020,28.3
13021,33.46
13022,29.63
13023,28.57
13024,25.55
13025,24.18
13026,24.29
13027,25.81
13028,23.44
13029,24.63
13030,23.72
13031,23.28
13032,24.25
13033,25.06
13034,25.54
13035,25.47
13036,25.86
13037,27.17
13038,25.44
13039,29.22
13040,30.5
13041,34.2
13042,38.81
13043,39.53
13044,38.27
13045,38.15
13046,48.17
13047,54.77
13048,46.34
13049,32.58
13050,30.31
13051,29.01
13052,27.85
13053,31.06
13054,43.1
13055,34.58
13056,32.5
13057,32.95
13058,29.79
13059,36.71
13060,39.62
13061,38.19
13062,35.19
13063,32.36
13064,25.1
13065,25.5
13066,27.81
13067,24.96
13068,31.2
13069,31.78
13070,31.39
13071,36.18
13072,35.41
13073,33.11
13074,32.27
13075,27.55
13076,24.43
13077,24.68
13078,21.42
13079,19.43
13080,20.01
13081,20.89
13082,18.33
13083,22.6
13084,17.41
13085,20.28
13086,19.16
13087,19.73
13088,18.41
13089,22.84
13090,21.43
13091,19.76
13092,18.3
13093,20.61
13094,20.62
13095,21.33
13096,24.11
13097,22.53
13098,22.5
13099,24.36
13100,22.09
13101,22.67
13102,22.94
13103,21.72
13104,21.49
13105,24.33
13106,19.91
13107,23.98
13108,18.56
13109,18.09
13110,18.43
13111,20.54
13112,22.36
13113,17.79
13114,16.11
13115,18.69
13116,18.2
13117,18.67
13118,18.88
13119,18.77
13120,22.99
13121,23.4
13122,20.73
13123,19.41
13124,17.3
13125,17.23
13126,15.39
13127,18.78
13128,17.79
13129,18.05
13130,19.27
13131,19.56
13132,22.56
13133,20.01
13134,20.29
13135,23.91
13136,22.27
13137,24.93
13138,27.56
13139,32.45
13140,37.19
13141,42.32
13142,43.07
13143,39.48
13144,33.2
13145,29.63
13146,30.46
13147,28.81
13148,31.23
13149,30.21
13150,27.63
13151,29.43
13152,28.32
13153,26.12
13154,26.73
13155,24.4
13156,27.06
13157,29.03
13158,27.95
13159,25.54
13160,22.33
13161,22.92
13162,21.27
13163,21.47
13164,21.87
13165,21.52
13166,22.77
13167,22.32
13168,22.75
13169,21.75
13170,26.1
13171,25.3
13172,29.54
13173,31.45
13174,43.88
13175,61.57
13176,68.15000000000002
13177,57.67
13178,48.92
13179,44.91
13180,37.95
13181,33.39
13182,34.35
13183,28.64
13184,24.84
13185,20.63
13186,18.64
13187,18.07
13188,19.27
13189,17.76
13190,19.65
13191,17.29
13192,17.79
13193,20.76
13194,23.24
13195,24.03
13196,25.84
13197,27.69
13198,29.75
13199,34.47
13200,41.84
13201,44.94
13202,44.82
13203,38.25
13204,40.91
13205,39.29
13206,37.34
13207,40.04
13208,40.34
13209,47.07
13210,55.86
13211,54.01
13212,44.75
13213,34.57
13214,30.13
13215,28.43
13216,37.24
13217,42.56
13218,35.36
13219,32.57
13220,30.69
13221,24.9
13222,22.25
13223,25.98
13224,24.3
13225,23.86
13226,24.25
13227,26.44
13228,32.5
13229,28.86
13230,26.36
13231,29.4
13232,24.12
13233,25.31
13234,25.57
13235,27.18
13236,27.7
13237,26.05
13238,27.9
13239,22.94
13240,18.85
13241,18.99
13242,19.84
13243,19.3
13244,21.6
13245,21.76
13246,20.21
13247,22.94
13248,22.75
13249,25.46
13250,22.76
13251,20.53
13252,19.27
13253,16.68
13254,16.82
13255,15.69
13256,16.18
13257,15.06
13258,16.21
13259,17.86
13260,21.63
13261,21.7
13262,21.61
13263,29.88
13264,33.0
13265,29.77
13266,28.9
13267,24.62
13268,20.72
13269,20.1
13270,15.5
13271,14.96
13272,14.66
13273,12.920000000000003
13274,15.76
13275,15.58
13276,16.54
13277,11.81
13278,12.82
13279,13.37
13280,13.75
13281,15.45
13282,19.92
13283,20.26
13284,18.88
13285,21.97
13286,20.26
13287,20.8
13288,23.95
13289,21.21
13290,19.93
13291,21.97
13292,24.04
13293,27.7
13294,27.96
13295,28.22
13296,30.66
13297,23.07
13298,20.01
13299,25.11
13300,26.33
13301,26.89
13302,22.5
13303,23.34
13304,23.59
13305,23.72
13306,22.05
13307,22.53
13308,22.82
13309,26.21
13310,27.11
13311,26.74
13312,34.19
13313,40.17
13314,35.99
13315,44.78
13316,46.18
13317,55.71
13318,70.37
13319,68.68
13320,58.57
13321,45.67
13322,44.93
13323,42.79
13324,48.76
13325,47.2
13326,45.25
13327,45.99
13328,44.53
13329,44.61
13330,52.11
13331,56.15
13332,61.24
13333,55.19
13334,56.22
13335,57.59
13336,60.2
13337,70.87
13338,87.18999999999998
13339,84.04999999999998
13340,89.48
13341,88.62
13342,84.11
13343,82.31
13344,80.51
13345,53.01
13346,29.48
13347,21.88
13348,20.51
13349,19.97
13350,18.62
13351,23.04
13352,22.03
13353,25.97
13354,29.0
13355,28.57
13356,32.9
13357,43.86
13358,38.66
13359,44.72
13360,47.74
13361,42.73
13362,40.31
13363,39.69
13364,39.33
13365,35.23
13366,33.9
13367,34.06
13368,37.19
13369,37.29
13370,31.62
13371,28.63
13372,28.72
13373,26.23
13374,25.35
13375,23.87
13376,22.53
13377,23.52
13378,21.91
13379,27.4
13380,23.52
13381,24.95
13382,26.63
13383,26.37
13384,26.65
13385,25.35
13386,24.52
13387,20.38
13388,21.89
13389,20.44
13390,22.87
13391,23.05
13392,25.89
13393,22.62
13394,25.67
13395,23.96
13396,28.92
13397,27.19
13398,25.95
13399,27.17
13400,29.02
13401,30.97
13402,27.29
13403,27.64
13404,26.8
13405,24.96
13406,25.52
13407,29.91
13408,30.43
13409,31.2
13410,39.94
13411,37.86
13412,44.34
13413,41.37
13414,32.47
13415,33.91
13416,32.24
13417,27.5
13418,27.3
13419,26.23
13420,26.32
13421,26.6
13422,24.41
13423,24.27
13424,24.04
13425,22.58
13426,20.81
13427,21.9
13428,20.3
13429,23.5
13430,22.54
13431,20.86
13432,16.12
13433,17.98
13434,20.35
13435,22.2
13436,21.01
13437,20.48
13438,19.35
13439,19.35
13440,21.16
13441,19.12
13442,23.67
13443,22.02
13444,21.41
13445,17.67
13446,19.77
13447,18.8
13448,15.64
13449,18.47
13450,19.11
13451,18.56
13452,18.69
13453,18.64
13454,20.73
13455,26.25
13456,32.0
13457,33.46
13458,29.31
13459,24.17
13460,25.44
13461,23.6
13462,22.08
13463,23.61
13464,25.55
13465,26.01
13466,26.74
13467,24.7
13468,25.57
13469,22.92
13470,23.11
13471,22.3
13472,24.91
13473,22.83
13474,26.16
13475,26.48
13476,31.72
13477,33.06
13478,35.29
13479,36.68
13480,34.99
13481,31.03
13482,35.76
13483,30.39
13484,27.1
13485,23.65
13486,24.22
13487,24.64
13488,27.46
13489,26.13
13490,27.6
13491,26.72
13492,24.53
13493,22.22
13494,20.14
13495,20.15
13496,18.81
13497,20.68
13498,19.3
13499,16.66
13500,19.28
13501,17.82
13502,16.44
13503,18.59
13504,17.25
13505,17.2
13506,14.26
13507,15.29
13508,15.77
13509,13.24
13510,12.69
13511,11.55
13512,12.29
13513,11.77
13514,12.98
13515,11.79
13516,16.37
13517,13.04
13518,14.96
13519,15.16
13520,14.7
13521,14.47
13522,17.39
13523,17.18
13524,18.36
13525,16.93
13526,17.649999999999995
13527,17.86
13528,17.36
13529,16.2
13530,16.74
13531,17.29
13532,16.51
13533,16.24
13534,14.39
13535,16.17
13536,17.38
13537,14.29
13538,13.83
13539,15.77
13540,16.74
13541,14.76
13542,15.05
13543,16.29
13544,11.91
13545,15.48
13546,13.38
13547,13.56
13548,16.39
13549,15.91
13550,13.920000000000003
13551,14.53
13552,15.93
13553,17.7
13554,15.95
13555,17.95
13556,18.87
13557,16.79
13558,17.12
13559,14.47
13560,16.649999999999995
13561,16.32
13562,16.25
13563,17.28
13564,14.37
13565,17.27
13566,15.35
13567,12.88
13568,15.15
13569,15.05
13570,12.49
13571,12.41
13572,11.83
13573,13.37
13574,14.45
13575,13.96
13576,13.82
13577,18.97
13578,17.38
13579,17.83
13580,22.66
13581,23.2
13582,28.33
13583,30.98
13584,33.95
13585,33.95
13586,30.6
13587,28.61
13588,24.48
13589,22.55
13590,21.11
13591,21.8
13592,19.86
13593,22.13
13594,22.52
13595,21.48
13596,20.9
13597,15.72
13598,19.06
13599,15.14
13600,15.1
13601,12.4
13602,17.75
13603,20.19
13604,24.18
13605,23.65
13606,26.57
13607,21.07
13608,22.94
13609,20.83
13610,20.02
13611,21.17
13612,21.31
13613,25.52
13614,27.51
13615,34.94
13616,29.04
13617,26.77
13618,23.73
13619,20.03
13620,21.16
13621,20.77
13622,21.19
13623,25.44
13624,27.78
13625,27.3
13626,33.42
13627,40.27
13628,45.38
13629,42.44
13630,34.71
13631,36.13
13632,37.74
13633,39.35
13634,42.43
13635,35.67
13636,36.51
13637,36.14
13638,40.59
13639,41.61
13640,43.87
13641,53.8
13642,52.63
13643,46.36
13644,40.63
13645,40.47
13646,39.3
13647,34.48
13648,27.06
13649,21.94
13650,22.25
13651,25.15
13652,25.44
13653,21.88
13654,25.05
13655,29.76
13656,30.91
13657,23.81
13658,20.95
13659,20.26
13660,19.62
13661,19.6
13662,16.96
13663,18.96
13664,18.47
13665,15.77
13666,14.95
13667,15.96
13668,16.09
13669,15.94
13670,15.83
13671,16.87
13672,18.55
13673,19.18
13674,17.92
13675,19.1
13676,18.45
13677,16.399999999999995
13678,17.11
13679,17.37
13680,21.32
13681,26.5
13682,24.07
13683,24.49
13684,19.71
13685,21.37
13686,20.75
13687,25.47
13688,32.98
13689,36.83
13690,34.45
13691,25.89
13692,22.3
13693,17.38
13694,20.23
13695,22.28
13696,22.9
13697,23.07
13698,22.27
13699,23.5
13700,25.44
13701,22.17
13702,22.96
13703,21.18
13704,22.64
13705,21.11
13706,20.48
13707,20.96
13708,19.24
13709,22.77
13710,27.83
13711,30.13
13712,30.36
13713,26.36
13714,26.52
13715,22.23
13716,23.3
13717,27.94
13718,24.19
13719,32.04
13720,41.48
13721,39.3
13722,41.35
13723,39.1
13724,38.52
13725,36.19
13726,36.1
13727,32.96
13728,34.73
13729,31.68
13730,27.03
13731,29.11
13732,29.24
13733,29.16
13734,33.31
13735,37.04
13736,44.42
13737,57.21
13738,56.41
13739,44.18
13740,34.4
13741,23.8
13742,21.48
13743,20.4
13744,21.24
13745,20.59
13746,26.17
13747,21.6
13748,26.25
13749,29.32
13750,31.94
13751,32.23
13752,34.18
13753,34.2
13754,33.25
13755,33.6
13756,32.65
13757,30.59
13758,30.99
13759,33.48
13760,30.24
13761,27.81
13762,30.13
13763,26.25
13764,28.68
13765,29.94
13766,33.21
13767,36.25
13768,43.69
13769,50.76
13770,64.94
13771,81.62
13772,103.06
13773,104.72
13774,117.66
13775,124.6
13776,125.13
13777,122.68
13778,104.94
13779,90.37
13780,79.29
13781,78.0
13782,88.01
13783,120.67
13784,125.73
13785,117.17
13786,96.03
13787,80.46
13788,72.54999999999998
13789,67.51000000000002
13790,66.84
13791,59.03
13792,62.14
13793,60.94
13794,61.33
13795,66.73
13796,57.24
13797,63.38
13798,63.54
13799,63.79
13800,60.88
13801,58.87
13802,49.88
13803,39.54
13804,33.68
13805,33.72
13806,31.23
13807,35.16
13808,36.33
13809,41.13
13810,49.77
13811,57.47
13812,56.12
13813,56.87
13814,51.94
13815,52.31
13816,47.17
13817,43.71
13818,47.65
13819,59.13
13820,71.62
13821,73.5
13822,69.09
13823,62.62
13824,62.43
13825,59.88
13826,60.48
13827,54.53
13828,53.79
13829,56.93
13830,55.59
13831,55.88
13832,51.99
13833,44.32
13834,47.2
13835,49.93
13836,42.94
13837,37.98
13838,31.17
13839,28.32
13840,29.82
13841,26.94
13842,27.31
13843,32.69
13844,34.37
13845,35.97
13846,30.65
13847,30.12
13848,24.53
13849,25.63
13850,24.84
13851,23.72
13852,27.1
13853,27.4
13854,25.24
13855,27.73
13856,28.86
13857,25.31
13858,24.63
13859,25.46
13860,27.35
13861,29.74
13862,29.98
13863,35.9
13864,31.03
13865,34.98
13866,30.43
13867,29.13
13868,27.54
13869,25.08
13870,25.5
13871,21.88
13872,23.37
13873,22.83
13874,20.54
13875,19.6
13876,19.68
13877,21.63
13878,25.3
13879,27.68
13880,29.32
13881,30.44
13882,25.36
13883,29.55
13884,24.14
13885,28.6
13886,32.02
13887,31.64
13888,32.87
13889,37.66
13890,35.79
13891,38.1
13892,44.45
13893,41.33
13894,45.67
13895,42.72
13896,43.78
13897,42.04
13898,50.75
13899,47.62
13900,42.59
13901,44.44
13902,37.08
13903,32.33
13904,28.23
13905,33.34
13906,33.16
13907,30.6
13908,29.27
13909,31.28
13910,33.56
13911,36.07
13912,33.87
13913,34.15
13914,38.32
13915,46.38
13916,44.98
13917,43.22
13918,49.7
13919,46.49
13920,45.51
13921,40.08
13922,30.6
13923,32.93
13924,32.17
13925,36.71
13926,37.92
13927,42.25
13928,41.86
13929,41.09
13930,34.14
13931,35.74
13932,30.91
13933,29.35
13934,28.1
13935,32.14
13936,35.22
13937,32.0
13938,35.12
13939,36.87
13940,40.05
13941,42.27
13942,38.82
13943,42.72
13944,38.95
13945,37.76
13946,41.53
13947,39.13
13948,43.07
13949,38.04
13950,43.4
13951,39.61
13952,41.12
13953,39.18
13954,36.84
13955,37.23
13956,34.55
13957,36.32
13958,41.64
13959,36.57
13960,38.91
13961,38.44
13962,44.75
13963,45.14
13964,49.41
13965,49.16
13966,47.26
13967,49.61
13968,47.69
13969,43.51
13970,38.93
13971,38.77
13972,39.82
13973,37.68
13974,38.87
13975,44.75
13976,51.38
13977,47.51
13978,57.72
13979,56.24
13980,63.28
13981,73.76
13982,78.26999999999998
13983,78.36
13984,78.59999999999998
13985,81.08
13986,76.43999999999998
13987,69.65000000000002
13988,55.15
13989,49.59
13990,48.57
13991,52.15
13992,52.9
13993,54.89
13994,52.1
13995,49.53
13996,47.49
13997,52.44
13998,60.54
13999,64.65000000000002
14000,65.33
14001,68.33
14002,71.78
14003,72.59
14004,72.68999999999998
14005,65.65000000000002
14006,55.22
14007,42.28
14008,43.25
14009,36.61
14010,34.51
14011,30.76
14012,31.09
14013,32.01
14014,28.47
14015,29.21
14016,32.89
14017,32.67
14018,29.08
14019,28.16
14020,27.43
14021,31.24
14022,29.91
14023,33.21
14024,36.94
14025,42.36
14026,43.33
14027,45.19
14028,42.45
14029,38.66
14030,36.78
14031,30.53
14032,27.37
14033,28.61
14034,28.39
14035,29.48
14036,33.91
14037,34.23
14038,36.94
14039,41.23
14040,42.66
14041,44.66
14042,44.8
14043,40.82
14044,50.65
14045,61.4
14046,74.47
14047,79.40999999999998
14048,78.73999999999998
14049,78.75
14050,63.64
14051,55.02
14052,47.39
14053,43.47
14054,43.12
14055,47.46
14056,51.0
14057,51.79
14058,53.85
14059,50.71
14060,52.69
14061,49.3
14062,47.74
14063,46.18
14064,44.62
14065,43.06
14066,41.5
14067,39.54
14068,38.24
14069,40.51
14070,42.79
14071,45.07
14072,47.34
14073,49.62
14074,51.89
14075,54.17
14076,55.5
14077,56.18
14078,56.85
14079,57.53
14080,58.21
14081,58.88
14082,59.56
14083,60.23
14084,60.91
14085,61.59
14086,62.26
14087,62.94
14088,
14089,
14090,
14091,
14092,
14093,
14094,
14095,
14096,
14097,
14098,
14099,
14100,
14101,
14102,
14103,
14104,
14105,
14106,
14107,
14108,
14109,
14110,
14111,
14112,
14113,
14114,
14115,
14116,
14117,
14118,
14119,
14120,
14121,
14122,
14123,
14124,
14125,
14126,
14127,
14128,
14129,
14130,
14131,
14132,
14133,
14134,
14135,
14136,
14137,
14138,
14139,
14140,
14141,
14142,
14143,
14144,
14145,
14146,
14147,
14148,
14149,
14150,
14151,
14152,
14153,
14154,
14155,
14156,
14157,
14158,
14159,
14160,
14161,
14162,
14163,
14164,
14165,
14166,
14167,
14168,
14169,
14170,
14171,
14172,
14173,
14174,
14175,
14176,
14177,
14178,
14179,
14180,
14181,
14182,
14183,
14184,
14185,
14186,
14187,
14188,
14189,
14190,
14191,
14192,
14193,
14194,
14195,
14196,
14197,
14198,
14199,
14200,
14201,
14202,
14203,
14204,
14205,
14206,
14207,
14208,
14209,
14210,
14211,
14212,
14213,
14214,
14215,
14216,
14217,
14218,
14219,
14220,
14221,
14222,
14223,
14224,
14225,
14226,
14227,
14228,
14229,
14230,
14231,
14232,
14233,
14234,
14235,
14236,
14237,
14238,
14239,
14240,
14241,
14242,
14243,
14244,
14245,
14246,
14247,
14248,
14249,
14250,
14251,
14252,
14253,
14254,
14255,
14256,
14257,
14258,
14259,
14260,
14261,
14262,
14263,
14264,
14265,
14266,
14267,
