7133,1.65
7134,1.65
7135,1.64
7136,1.67
7137,1.71
7138,1.7
7139,1.74
7140,1.72
7141,1.75
7142,1.78
7143,1.84
7144,1.88
7145,1.89
7146,1.91
7147,1.9
7148,1.86
7149,1.88
7150,1.89
7151,1.85
7152,1.8
7153,1.8
7154,1.8
7155,1.75
7156,1.74
7157,1.74
7158,1.74
7159,1.72
7160,1.7
7161,1.71
7162,1.72
7163,1.75
7164,1.74
7165,1.71
7166,1.72
7167,1.73
7168,1.73
7169,1.77
7170,1.83
7171,1.87
7172,1.85
7173,1.81
7174,1.76
7175,1.7
7176,1.67
7177,1.65
7178,1.61
7179,1.59
7180,1.61
7181,1.64
7182,1.68
7183,1.7
7184,1.7
7185,1.7
7186,1.73
7187,1.72
7188,1.69
7189,1.65
7190,1.65
7191,1.64
7192,1.65
7193,1.62
7194,1.6
7195,1.58
7196,1.6
7197,1.6
7198,1.59
7199,1.62
7200,1.62
7201,1.64
7202,1.63
7203,1.69
7204,1.72
7205,1.78
7206,2.05
7207,2.3
7208,2.61
7209,2.87
7210,3.12
7211,3.25
7212,3.21
7213,3.11
7214,2.86
7215,2.56
7216,2.26
7217,2.07
7218,2.06
7219,2.03
7220,2.01
7221,1.92
7222,1.8
7223,1.72
7224,1.74
7225,1.85
7226,1.96
7227,2.13
7228,2.14
7229,2.06
7230,2.02
7231,1.93
7232,1.88
7233,1.87
7234,1.88
7235,1.85
7236,1.87
7237,1.86
7238,1.85
7239,1.84
7240,1.86
7241,1.93
7242,2.02
7243,2.2
7244,2.35
7245,2.58
7246,2.82
7247,2.94
7248,3.06
7249,3.14
7250,3.18
7251,3.12
7252,3.15
7253,3.14
7254,3.24
7255,3.51
7256,3.78
7257,3.86
7258,3.81
7259,3.69
7260,3.55
7261,3.41
7262,3.34
7263,3.29
7264,2.92
7265,2.46
7266,2.3
7267,2.07
7268,1.88
7269,1.82
7270,1.79
7271,1.76
7272,1.7
7273,1.69
7274,1.67
7275,1.66
7276,1.66
7277,1.68
7278,1.68
7279,1.65
7280,1.65
7281,1.65
7282,1.66
7283,1.67
7284,1.68
7285,1.69
7286,1.68
7287,1.68
7288,1.74
7289,1.78
7290,1.82
7291,1.84
7292,1.87
7293,1.9
7294,1.93
7295,1.95
7296,1.97
7297,2.0
7298,2.05
7299,2.18
7300,2.38
7301,2.61
7302,2.79
7303,2.87
7304,2.87
7305,2.91
7306,2.91
7307,2.93
7308,2.95
7309,2.87
7310,2.66
7311,2.51
7312,2.38
7313,2.34
7314,2.32
7315,2.37
7316,2.5
7317,2.66
7318,2.66
7319,2.53
7320,2.27
7321,2.07
7322,1.95
7323,1.93
7324,1.89
7325,1.85
7326,1.86
7327,1.87
7328,1.9
7329,2.02
7330,2.15
7331,2.32
7332,2.58
7333,2.75
7334,2.85
7335,2.73
7336,2.5
7337,2.26
7338,2.08
7339,2.0
7340,1.88
7341,1.85
7342,1.89
7343,1.97
7344,2.02
7345,2.13
7346,2.36
7347,2.72
7348,3.26
7349,3.69
7350,4.07
7351,4.03
7352,3.94
7353,3.87
7354,3.66
7355,3.29
7356,2.82
7357,2.48
7358,2.26
7359,2.16
7360,2.05
7361,2.01
7362,2.02
7363,2.04
7364,2.15
7365,2.24
7366,2.35
7367,2.44
7368,2.45
7369,2.46
7370,2.44
7371,2.36
7372,2.31
7373,2.28
7374,2.27
7375,2.23
7376,2.22
7377,2.19
7378,2.13
7379,2.13
7380,2.14
7381,2.15
7382,2.19
7383,2.21
7384,2.22
7385,2.3
7386,2.36
7387,2.46
7388,2.48
7389,2.53
7390,2.61
7391,2.61
7392,2.41
7393,2.34
7394,2.25
7395,2.13
7396,2.02
7397,1.9
7398,1.85
7399,1.81
7400,1.86
7401,1.97
7402,2.09
7403,2.1
7404,2.12
7405,2.2
7406,2.3
7407,2.42
7408,2.44
7409,2.38
7410,2.36
7411,2.33
7412,2.26
7413,2.28
7414,2.36
7415,2.4
7416,2.48
7417,2.59
7418,2.65
7419,2.65
7420,2.63
7421,2.55
7422,2.32
7423,2.04
7424,1.88
7425,1.69
7426,1.58
7427,1.53
7428,1.53
7429,1.56
7430,1.61
7431,1.69
7432,1.75
7433,1.76
7434,1.74
7435,1.71
7436,1.67
7437,1.63
7438,1.57
7439,1.54
7440,1.53
7441,1.54
7442,1.55
7443,1.53
7444,1.49
7445,1.5
7446,1.56
7447,1.65
7448,1.77
7449,1.93
7450,2.08
7451,2.23
7452,2.37
7453,2.49
7454,2.53
7455,2.47
7456,2.34
7457,2.23
7458,2.24
7459,2.36
7460,2.49
7461,2.71
7462,3.03
7463,3.28
7464,3.52
7465,3.69
7466,3.8
7467,3.82
7468,3.78
7469,3.66
7470,3.47
7471,3.24
7472,3.04
7473,2.94
7474,2.91
7475,2.91
7476,2.59
7477,2.46
7478,2.29
7479,2.06
7480,1.91
7481,1.88
7482,1.86
7483,1.88
7484,1.9
7485,1.93
7486,2.0
7487,2.02
7488,2.08
7489,2.17
7490,2.2
7491,2.2
7492,2.15
7493,2.08
7494,1.96
7495,1.76
7496,1.61
7497,1.49
7498,1.39
7499,1.34
7500,1.37
7501,1.4
7502,1.47
7503,1.59
7504,1.59
7505,1.53
7506,1.39
7507,1.28
7508,1.21
7509,1.17
7510,1.16
7511,1.15
7512,1.16
7513,1.18
7514,1.22
7515,1.28
7516,1.37
7517,1.42
7518,1.38
7519,1.35
7520,1.34
7521,1.34
7522,1.35
7523,1.39
7524,1.46
7525,1.57
7526,1.77
7527,2.03
7528,2.23
7529,2.37
7530,2.39
7531,2.33
7532,2.25
7533,2.17
7534,2.1
7535,2.04
7536,1.98
7537,1.93
7538,1.89
7539,1.86
7540,1.85
7541,1.88
7542,1.91
7543,1.91
7544,1.94
7545,1.98
7546,2.01
7547,2.05
7548,2.09
7549,2.11
7550,2.18
7551,2.19
7552,2.26
7553,2.33
7554,2.38
7555,2.4
7556,2.4
7557,2.46
7558,2.63
7559,2.73
7560,2.81
7561,2.94
7562,3.04
7563,3.05
7564,2.94
7565,2.77
7566,2.52
7567,2.34
7568,2.22
7569,2.12
7570,2.05
7571,2.13
7572,2.24
7573,2.25
7574,2.24
7575,2.15
7576,2.07
7577,2.26
7578,2.27
7579,2.21
7580,2.1
7581,1.98
7582,1.9
7583,1.83
7584,1.87
7585,1.86
7586,1.85
7587,2.07
7588,2.27
7589,2.29
7590,2.33
7591,2.34
7592,2.36
7593,2.41
7594,2.37
7595,2.22
7596,1.99
7597,1.89
7598,1.82
7599,1.77
7600,1.81
7601,1.8
7602,1.79
7603,1.85
7604,1.93
7605,2.1
7606,2.26
7607,2.38
7608,2.34
7609,2.05
7610,1.86
7611,1.77
7612,1.72
7613,1.63
7614,1.53
7615,1.45
7616,1.45
7617,1.49
7618,1.57
7619,1.73
7620,1.92
7621,2.09
7622,2.28
7623,2.41
7624,2.65
7625,2.87
7626,3.01
7627,3.1
7628,2.98
7629,2.75
7630,2.44
7631,2.17
7632,1.99
7633,1.85
7634,1.76
7635,1.7
7636,1.67
7637,1.67
7638,1.66
7639,1.68
7640,1.71
7641,1.73
7642,1.73
7643,1.73
7644,1.75
7645,1.79
7646,1.86
7647,2.0
7648,2.15
7649,2.26
7650,2.38
7651,2.39
7652,2.47
7653,2.54
7654,2.63
7655,2.67
7656,2.68
7657,2.64
7658,2.54
7659,2.39
7660,2.17
7661,2.02
7662,1.89
7663,1.81
7664,1.74
7665,1.71
7666,1.68
7667,1.69
7668,1.71
7669,1.74
7670,1.8
7671,1.86
7672,1.92
7673,2.02
7674,2.14
7675,2.14
7676,2.11
7677,2.11
7678,2.1
7679,2.08
7680,2.08
7681,2.14
7682,2.15
7683,2.28
7684,2.48
7685,2.82
7686,3.04
7687,3.11
7688,2.94
7689,2.86
7690,2.53
7691,2.3
7692,2.11
7693,1.97
7694,1.88
7695,1.81
7696,1.75
7697,1.75
7698,1.75
7699,1.77
7700,1.82
7701,1.94
7702,1.97
7703,2.04
7704,2.24
7705,2.58
7706,3.04
7707,3.55
7708,4.13
7709,4.56
7710,4.64
7711,4.57
7712,4.46
7713,4.41
7714,4.44
7715,4.3
7716,4.07
7717,3.89
7718,3.67
7719,3.62
7720,3.61
7721,3.62
7722,3.61
7723,3.55
7724,3.5
7725,3.52
7726,3.57
7727,3.61
7728,3.6
7729,3.5
7730,3.42
7731,3.39
7732,3.36
7733,3.35
7734,3.35
7735,3.34
7736,3.33
7737,3.34
7738,3.35
7739,3.37
7740,3.39
7741,3.37
7742,3.37
7743,3.39
7744,3.45
7745,3.44
7746,3.37
7747,3.22
7748,3.02
7749,2.87
7750,2.68
7751,2.49
7752,2.31
7753,2.17
7754,2.01
7755,1.89
7756,1.83
7757,1.84
7758,1.88
7759,1.93
7760,2.01
7761,2.1
7762,2.24
7763,2.47
7764,2.61
7765,2.68
7766,2.71
7767,2.78
7768,2.84
7769,2.85
7770,2.83
7771,2.83
7772,2.86
7773,2.89
7774,2.92
7775,2.94
7776,2.94
7777,2.9
7778,2.61
7779,2.48
7780,2.37
7781,2.36
7782,2.31
7783,2.24
7784,2.15
7785,2.01
7786,1.92
7787,1.83
7788,1.73
7789,1.55
7790,1.47
7791,1.52
7792,1.65
7793,2.12
7794,2.48
7795,2.92
7796,3.14
7797,3.38
7798,3.39
7799,3.38
7800,3.32
7801,3.36
7802,3.41
7803,3.2
7804,3.15
7805,3.09
7806,2.94
7807,2.85
7808,2.68
7809,2.43
7810,2.34
7811,2.27
7812,2.24
7813,2.17
7814,2.07
7815,2.08
7816,2.1
7817,2.18
7818,2.32
7819,2.47
7820,2.62
7821,2.65
7822,2.8
7823,2.9
7824,2.98
7825,3.08
7826,3.25
7827,3.31
7828,3.43
7829,3.62
7830,3.81
7831,3.93
7832,3.99
7833,3.94
7834,3.91
7835,3.97
7836,3.67
7837,3.18
7838,2.79
7839,2.54
7840,2.36
7841,2.22
7842,2.16
7843,2.1
7844,2.14
7845,2.49
7846,2.98
7847,3.38
7848,3.99
7849,4.26
7850,4.32
7851,4.24
7852,4.19
7853,4.25
7854,4.38
7855,4.54
7856,4.75
7857,4.86
7858,4.52
7859,4.05
7860,3.65
7861,3.17
7862,2.87
7863,2.72
7864,2.51
7865,2.27
7866,2.25
7867,2.42
7868,2.54
7869,2.63
7870,2.68
7871,2.8
7872,2.99
7873,3.25
7874,3.4
7875,3.57
7876,3.78
7877,4.1
7878,4.4
7879,4.39
7880,4.36
7881,4.19
7882,4.01
7883,3.78
7884,3.59
7885,3.39
7886,3.23
7887,3.0
7888,2.91
7889,2.83
7890,2.74
7891,2.74
7892,2.7
7893,2.74
7894,2.74
7895,2.75
7896,2.69
7897,2.65
7898,2.62
7899,2.55
7900,2.42
7901,2.32
7902,2.22
7903,2.16
7904,2.09
7905,2.06
7906,1.99
7907,1.98
7908,1.95
7909,1.96
7910,1.97
7911,1.99
7912,1.97
7913,1.81
7914,1.67
7915,1.58
7916,1.53
7917,1.55
7918,1.62
7919,1.7
7920,1.74
7921,1.71
7922,1.65
7923,1.67
7924,1.69
7925,1.77
7926,1.85
7927,1.92
7928,1.95
7929,1.96
7930,2.01
7931,2.09
7932,2.14
7933,2.3
7934,2.45
7935,2.62
7936,2.72
7937,2.79
7938,2.79
7939,2.69
7940,2.45
7941,2.18
7942,1.99
7943,1.85
7944,1.75
7945,1.7
7946,1.66
7947,1.66
7948,1.65
7949,1.65
7950,1.68
7951,1.68
7952,1.7
7953,1.73
7954,1.74
7955,1.73
7956,1.68
7957,1.64
7958,1.62
7959,1.62
7960,1.66
7961,1.69
7962,1.73
7963,1.73
7964,1.77
7965,1.78
7966,1.85
7967,1.86
7968,1.88
7969,1.89
7970,1.91
7971,1.95
7972,2.02
7973,2.2
7974,2.33
7975,2.43
7976,2.47
7977,2.45
7978,2.42
7979,2.27
7980,2.09
7981,1.92
7982,1.83
7983,1.77
7984,1.73
7985,1.71
7986,1.71
7987,1.68
7988,1.69
7989,1.7
7990,1.72
7991,1.67
7992,1.57
7993,1.5
7994,1.46
7995,1.51
7996,1.6
7997,1.77
7998,1.94
7999,2.11
8000,2.15
8001,2.26
8002,2.46
8003,2.61
8004,2.75
8005,2.78
8006,2.71
8007,2.49
8008,2.44
8009,2.41
8010,2.28
8011,2.2
8012,2.19
8013,2.23
8014,2.29
8015,2.34
8016,2.43
8017,2.46
8018,2.49
8019,2.54
8020,2.59
8021,2.69
8022,2.99
8023,3.44
8024,3.83
8025,3.94
8026,3.74
8027,3.45
8028,3.16
8029,3.05
8030,3.01
8031,3.04
8032,3.03
8033,2.99
8034,2.92
8035,2.86
8036,2.83
8037,2.81
8038,2.8
8039,2.77
8040,2.72
8041,2.61
8042,2.54
8043,2.48
8044,2.39
8045,2.26
8046,2.16
8047,2.1
8048,2.09
8049,2.14
8050,2.2
8051,2.26
8052,2.28
8053,2.27
8054,2.24
8055,2.21
8056,2.17
8057,2.11
8058,2.1
8059,2.13
8060,2.17
8061,2.28
8062,2.43
8063,2.52
8064,2.44
8065,2.31
8066,2.06
8067,1.9
8068,1.84
8069,1.8
8070,1.75
8071,1.72
8072,1.7
8073,1.69
8074,1.68
8075,1.67
8076,1.62
8077,1.62
8078,1.63
8079,1.65
8080,1.64
8081,1.63
8082,1.63
8083,1.66
8084,1.61
8085,1.61
8086,1.6
8087,1.59
8088,1.6
8089,1.63
8090,1.64
8091,1.68
8092,1.7
8093,1.68
8094,1.68
8095,1.68
8096,1.65
8097,1.65
8098,1.62
8099,1.6
8100,1.61
8101,1.6
8102,1.62
8103,1.62
8104,1.65
8105,1.68
8106,1.68
8107,1.73
8108,1.75
8109,1.79
8110,1.83
8111,1.89
8112,1.95
8113,2.06
8114,2.22
8115,2.3
8116,2.19
8117,2.06
8118,1.87
8119,1.77
8120,1.71
8121,1.65
8122,1.64
8123,1.61
8124,1.61
8125,1.61
8126,1.62
8127,1.62
8128,1.66
8129,1.65
8130,1.66
8131,1.62
8132,1.66
8133,1.77
8134,1.88
8135,1.97
8136,2.04
8137,2.09
8138,2.06
8139,2.08
8140,2.05
8141,2.04
8142,2.07
8143,2.11
8144,2.17
8145,2.23
8146,2.19
8147,2.09
8148,2.02
8149,1.89
8150,1.83
8151,1.8
8152,1.76
8153,1.7
8154,1.69
8155,1.66
8156,1.59
8157,1.46
8158,1.3
8159,1.86
8160,1.21
8161,1.2
8162,1.14
8163,1.12
8164,1.11
8165,1.1
8166,1.1
8167,1.11
8168,1.14
8169,1.21
8170,1.34
8171,1.49
8172,1.81
8173,2.09
8174,2.27
8175,2.41
8176,2.58
8177,2.69
8178,2.8
8179,2.91
8180,2.96
8181,2.95
8182,2.9
8183,2.84
8184,2.75
8185,2.66
8186,2.5
8187,2.39
8188,2.28
8189,2.22
8190,2.14
8191,2.0
8192,1.95
8193,1.93
8194,2.01
8195,2.14
8196,2.28
8197,2.33
8198,2.27
8199,2.14
8200,2.02
8201,1.93
8202,1.87
8203,1.77
8204,1.71
8205,1.66
8206,1.66
8207,1.66
8208,1.67
8209,1.72
8210,1.72
8211,1.73
8212,1.8
8213,1.82
8214,1.8
8215,1.83
8216,1.86
8217,1.87
8218,1.98
8219,2.15
8220,2.31
8221,2.65
8222,2.83
8223,2.99
8224,3.3
8225,3.59
8226,3.93
8227,4.43
8228,4.86
8229,5.0
8230,5.07
8231,5.37
8232,5.8
8233,6.47
8234,7.02
8235,6.96
8236,6.47
8237,5.86
8238,5.37
8239,5.09
8240,4.78
8241,4.62
8242,4.29
8243,3.84
8244,3.34
8245,3.33
8246,3.28
8247,3.27
8248,3.22
8249,3.19
8250,3.21
8251,3.34
8252,3.35
8253,3.33
8254,3.33
8255,3.46
8256,3.58
8257,3.64
8258,3.68
8259,3.8
8260,4.19
8261,4.54
8262,4.94
8263,5.17
8264,5.11
8265,4.92
8266,4.76
8267,4.6
8268,4.39
8269,4.16
8270,3.72
8271,3.35
8272,2.96
8273,2.56
8274,2.25
8275,2.09
8276,2.01
8277,1.98
8278,1.98
8279,2.0
8280,1.95
8281,1.95
8282,1.92
8283,1.92
8284,1.94
8285,1.98
8286,2.0
8287,2.02
8288,2.0
8289,1.99
8290,2.02
8291,2.0
8292,1.91
8293,1.8
8294,1.71
8295,1.64
8296,1.59
8297,1.58
8298,1.55
8299,1.55
8300,1.58
8301,1.6
8302,1.61
8303,1.61
8304,1.61
8305,1.62
8306,1.66
8307,1.75
8308,1.82
8309,1.88
8310,1.91
8311,1.91
8312,1.88
8313,1.86
8314,1.86
8315,1.96
8316,2.07
8317,2.23
8318,2.4
8319,2.53
8320,2.56
8321,2.47
8322,2.36
8323,2.2
8324,1.99
8325,1.71
8326,1.43
8327,1.2400000000000002
8328,1.12
8329,1.05
8330,1.01
8331,0.9900000000000002
8332,0.98
8333,0.97
8334,0.97
8335,0.98
8336,1.0
8337,1.01
8338,1.02
8339,1.02
8340,1.02
8341,1.02
8342,1.04
8343,1.06
8344,1.09
8345,1.13
8346,1.2
8347,1.32
8348,1.51
8349,1.75
8350,1.91
8351,1.92
8352,1.89
8353,1.8
8354,1.74
8355,1.73
8356,1.73
8357,1.72
8358,1.73
8359,1.78
8360,1.82
8361,1.79
8362,1.74
8363,1.68
8364,1.63
8365,1.62
8366,1.57
8367,1.53
8368,1.49
8369,1.5
8370,1.54
8371,1.52
8372,1.49
8373,1.49
8374,1.56
8375,1.57
8376,1.64
8377,1.7
8378,1.74
8379,1.8
8380,1.83
8381,1.82
8382,1.77
8383,1.69
8384,1.65
8385,1.6
8386,1.6
8387,1.56
8388,1.56
8389,1.56
8390,1.54
8391,1.57
8392,1.59
8393,1.62
8394,1.61
8395,1.64
8396,1.68
8397,1.7
8398,1.73
8399,1.73
8400,1.71
8401,1.69
8402,1.73
8403,1.74
8404,1.8
8405,1.85
8406,1.88
8407,1.93
8408,1.92
8409,1.9
8410,1.84
8411,1.73
8412,1.72
8413,1.85
8414,1.81
8415,1.77
8416,1.77
8417,1.8
8418,1.85
8419,1.97
8420,2.1
8421,2.34
8422,2.45
8423,2.5
8424,2.46
8425,2.35
8426,2.24
8427,2.22
8428,2.28
8429,2.46
8430,2.61
8431,2.43
8432,2.09
8433,1.65
8434,1.31
8435,1.29
8436,1.34
8437,1.47
8438,1.6
8439,1.82
8440,2.01
8441,2.06
8442,1.96
8443,1.81
8444,1.58
8445,1.49
8446,1.32
8447,1.2
8448,1.14
8449,1.13
8450,1.11
8451,1.1
8452,1.09
8453,1.08
8454,1.09
8455,1.1
8456,1.1
8457,1.09
8458,1.08
8459,1.11
8460,1.14
8461,1.17
8462,1.2
8463,1.22
8464,1.26
8465,1.29
8466,1.32
8467,1.39
8468,1.5
8469,1.68
8470,1.77
8471,1.87
8472,1.85
8473,1.84
8474,1.81
8475,1.79
8476,1.71
8477,1.59
8478,1.43
8479,1.33
8480,1.26
8481,1.22
8482,1.15
8483,1.14
8484,1.13
8485,1.12
8486,1.1
8487,1.11
8488,1.13
8489,1.15
8490,1.16
8491,1.21
8492,1.2400000000000002
8493,1.32
8494,1.5
8495,1.6
8496,1.77
8497,1.88
8498,1.99
8499,2.18
8500,2.33
8501,2.43
8502,2.48
8503,2.41
8504,2.21
8505,1.78
8506,1.43
8507,1.22
8508,1.14
8509,1.09
8510,1.04
8511,0.96
8512,0.91
8513,0.88
8514,0.88
8515,0.91
8516,0.95
8517,1.01
8518,1.18
8519,1.38
8520,1.48
8521,1.45
8522,1.36
8523,1.18
8524,1.09
8525,1.02
8526,0.9900000000000002
8527,0.94
8528,0.92
8529,0.89
8530,0.88
8531,0.8499999999999999
8532,0.8399999999999999
8533,0.8299999999999998
8534,0.8299999999999998
8535,0.8499999999999999
8536,0.88
8537,0.9
8538,0.89
8539,0.87
8540,0.88
8541,0.88
8542,0.91
8543,1.02
8544,1.08
8545,1.11
8546,0.97
8547,0.8499999999999999
8548,0.8399999999999999
8549,0.8299999999999998
8550,0.8299999999999998
8551,0.8399999999999999
8552,0.86
8553,0.93
8554,1.05
8555,1.25
8556,1.45
8557,1.57
8558,1.63
8559,1.65
8560,1.65
8561,1.58
8562,1.47
8563,1.34
8564,1.29
8565,1.2400000000000002
8566,1.2
8567,1.17
8568,1.15
8569,1.07
8570,0.9900000000000002
8571,0.95
8572,0.95
8573,0.96
8574,0.9900000000000002
8575,1.05
8576,1.1
8577,1.19
8578,1.29
8579,1.32
8580,1.33
8581,1.35
8582,1.33
8583,1.31
8584,1.33
8585,1.36
8586,1.34
8587,1.28
8588,1.25
8589,1.23
8590,1.19
8591,1.11
8592,1.07
8593,1.06
8594,1.09
8595,1.12
8596,1.15
8597,1.16
8598,1.17
8599,1.18
8600,1.19
8601,1.19
8602,1.17
8603,1.15
8604,1.11
8605,1.08
8606,1.06
8607,1.05
8608,1.04
8609,1.02
8610,1.06
8611,1.1
8612,1.12
8613,1.13
8614,1.12
8615,1.09
8616,1.03
8617,1.0
8618,0.96
8619,0.91
8620,0.86
8621,0.81
8622,0.77
8623,0.73
8624,0.72
8625,0.72
8626,0.72
8627,0.74
8628,0.77
8629,0.8
8630,0.8299999999999998
8631,0.86
8632,0.9
8633,0.95
8634,0.9900000000000002
8635,1.02
8636,1.01
8637,0.97
8638,0.91
8639,0.88
8640,0.88
8641,0.89
8642,0.9
8643,0.91
8644,0.9
8645,0.9
8646,0.91
8647,0.92
8648,0.87
8649,0.9
8650,1.0
8651,1.04
8652,1.04
8653,1.03
8654,1.04
8655,1.03
8656,1.03
8657,1.03
8658,1.03
8659,1.07
8660,1.12
8661,1.26
8662,1.46
8663,1.63
8664,1.86
8665,2.0
8666,1.96
8667,1.81
8668,1.7
8669,1.66
8670,1.53
8671,1.45
8672,1.3
8673,1.13
8674,1.08
8675,1.06
8676,1.02
8677,0.94
8678,0.91
8679,0.92
8680,0.91
8681,0.91
8682,0.89
8683,0.8499999999999999
8684,0.82
8685,0.77
8686,0.75
8687,0.73
8688,0.75
8689,0.77
8690,0.8
8691,0.81
8692,0.8399999999999999
8693,0.8399999999999999
8694,0.8299999999999998
8695,0.8299999999999998
8696,0.8399999999999999
8697,0.86
8698,0.87
8699,0.88
8700,0.89
8701,0.91
8702,0.95
8703,0.98
8704,1.0
8705,0.98
8706,0.97
8707,0.97
8708,1.0
8709,1.03
8710,1.05
8711,1.04
8712,0.9900000000000002
8713,0.92
8714,0.88
8715,0.88
8716,0.91
8717,0.94
8718,0.95
8719,0.91
8720,0.86
8721,0.8399999999999999
8722,0.8299999999999998
8723,0.86
8724,0.89
8725,0.91
8726,0.91
8727,0.88
8728,0.82
8729,0.8
8730,0.8
8731,0.81
8732,0.81
8733,0.81
8734,0.79
8735,0.78
8736,0.79
8737,0.82
8738,0.8399999999999999
8739,0.8499999999999999
8740,0.8499999999999999
8741,0.8499999999999999
8742,0.8499999999999999
8743,0.8499999999999999
8744,0.8299999999999998
8745,0.8
8746,0.8
8747,0.79
8748,0.78
8749,0.77
8750,0.79
8751,0.81
8752,0.86
8753,0.89
8754,0.91
8755,0.92
8756,0.93
8757,0.95
8758,1.0
8759,1.03
8760,1.01
8761,0.97
8762,0.9
8763,0.8299999999999998
8764,0.81
8765,0.79
8766,0.79
8767,0.81
8768,0.82
8769,0.8399999999999999
8770,0.8499999999999999
8771,0.87
8772,0.87
8773,0.88
8774,0.89
8775,0.9
8776,0.93
8777,0.96
8778,1.03
8779,1.04
8780,1.05
8781,1.06
8782,1.11
8783,1.15
8784,1.16
8785,1.16
8786,1.14
8787,1.07
8788,1.01
8789,0.98
8790,0.98
8791,1.01
8792,1.02
8793,1.01
8794,0.98
8795,0.97
8796,0.95
8797,0.95
8798,0.95
8799,0.92
8800,0.9
8801,0.86
8802,0.87
8803,0.92
8804,0.95
8805,0.96
8806,0.95
8807,0.94
8808,0.93
8809,0.96
8810,1.0
8811,1.06
8812,1.09
8813,1.11
8814,1.13
8815,1.13
8816,1.13
8817,1.14
8818,1.13
8819,1.15
8820,1.15
8821,1.12
8822,1.09
8823,1.04
8824,0.96
8825,0.93
8826,0.93
8827,0.95
8828,0.98
8829,1.02
8830,1.03
8831,1.04
8832,1.05
8833,1.1
8834,1.21
8835,1.28
8836,1.31
8837,1.2
8838,1.13
8839,1.1
8840,1.13
8841,1.16
8842,1.15
8843,1.16
8844,1.16
8845,1.19
8846,1.3
8847,1.4
8848,1.44
8849,1.42
8850,1.37
8851,1.27
8852,1.31
8853,1.44
8854,1.57
8855,1.58
8856,1.61
8857,1.6
8858,1.73
8859,1.77
8860,1.85
8861,1.92
8862,2.01
8863,2.11
8864,2.15
8865,2.03
8866,1.75
8867,1.58
8868,1.39
8869,1.2
8870,1.1
8871,1.06
8872,1.04
8873,1.03
8874,0.9900000000000002
8875,0.98
8876,0.96
8877,0.97
8878,0.9900000000000002
8879,1.01
8880,1.05
8881,1.16
8882,1.31
8883,1.61
8884,1.87
8885,2.16
8886,2.28
8887,2.26
8888,1.98
8889,1.83
8890,1.66
8891,1.72
8892,1.96
8893,2.56
8894,2.95
8895,3.26
8896,3.6
8897,3.73
8898,3.27
8899,3.24
8900,2.8
8901,2.64
8902,2.61
8903,2.92
8904,3.2
8905,3.5
8906,3.59
8907,3.6
8908,3.46
8909,3.4
8910,3.56
8911,3.75
8912,4.22
8913,4.63
8914,5.36
8915,5.68
8916,6.04
8917,6.49
8918,6.72
8919,6.7
8920,6.73
8921,6.43
8922,6.1
8923,5.69
8924,5.35
8925,4.8
8926,4.01
8927,3.8
8928,3.52
8929,3.35
8930,3.02
8931,2.63
8932,2.48
8933,2.53
8934,2.78
8935,2.86
8936,2.77
8937,2.73
8938,2.44
8939,2.17
8940,2.01
8941,1.92
8942,1.89
8943,1.86
8944,1.82
8945,1.83
8946,1.96
8947,2.19
8948,2.48
8949,2.73
8950,2.98
8951,3.08
8952,3.04
8953,2.75
8954,2.61
8955,2.53
8956,2.64
8957,2.77
8958,2.82
8959,2.86
8960,2.82
8961,2.79
8962,2.78
8963,2.68
8964,2.62
8965,2.45
8966,2.31
8967,2.16
8968,1.99
8969,1.83
8970,1.73
8971,1.62
8972,1.49
8973,1.34
8974,1.23
8975,1.21
8976,1.2400000000000002
8977,1.34
8978,1.33
8979,1.23
8980,1.11
8981,1.11
8982,1.19
8983,1.34
8984,1.52
8985,1.66
8986,1.83
8987,2.04
8988,2.27
8989,2.42
8990,2.55
8991,2.65
8992,2.8
8993,2.89
8994,3.08
8995,3.06
8996,2.96
8997,2.61
8998,2.36
8999,2.0
9000,1.75
9001,1.61
9002,1.55
9003,1.6
9004,1.66
9005,1.72
9006,1.96
9007,2.24
9008,2.4
9009,2.64
9010,2.78
9011,2.96
9012,3.0
9013,3.11
9014,3.25
9015,3.26
9016,3.39
9017,3.37
9018,3.4
9019,3.36
9020,3.22
9021,3.02
9022,2.87
9023,2.85
9024,2.89
9025,2.84
9026,2.73
9027,2.64
9028,2.6
9029,2.66
9030,2.64
9031,2.44
9032,2.23
9033,1.99
9034,1.81
9035,1.66
9036,1.54
9037,1.47
9038,1.53
9039,1.64
9040,1.71
9041,1.73
9042,1.72
9043,1.74
9044,1.73
9045,1.7
9046,1.65
9047,1.68
9048,1.76
9049,1.86
9050,2.09
9051,2.26
9052,2.31
9053,2.28
9054,2.32
9055,2.32
9056,2.42
9057,2.6
9058,2.94
9059,3.18
9060,3.28
9061,3.34
9062,3.48
9063,3.53
9064,3.57
9065,3.47
9066,3.29
9067,3.11
9068,2.99
9069,2.93
9070,2.78
9071,2.79
9072,2.66
9073,2.58
9074,2.54
9075,2.47
9076,2.39
9077,2.28
9078,2.11
9079,2.05
9080,2.06
9081,2.22
9082,2.42
9083,2.57
9084,2.77
9085,2.88
9086,2.97
9087,2.92
9088,3.05
9089,3.12
9090,3.29
9091,3.35
9092,3.45
9093,3.42
9094,3.14
9095,2.92
9096,2.66
9097,2.44
9098,2.24
9099,2.1
9100,2.01
9101,1.9
9102,2.01
9103,2.02
9104,2.04
9105,2.06
9106,1.96
9107,1.68
9108,1.64
9109,1.56
9110,1.5
9111,1.54
9112,1.55
9113,1.54
9114,1.55
9115,1.62
9116,1.68
9117,1.66
9118,1.7
9119,1.8
9120,1.89
9121,1.99
9122,2.04
9123,2.02
9124,1.95
9125,1.94
9126,2.02
9127,2.2
9128,2.5
9129,2.82
9130,3.25
9131,3.69
9132,3.84
9133,3.98
9134,3.87
9135,3.67
9136,3.43
9137,3.12
9138,2.85
9139,2.6
9140,2.27
9141,2.1
9142,2.04
9143,2.05
9144,2.14
9145,2.28
9146,2.44
9147,2.43
9148,2.33
9149,2.09
9150,1.88
9151,1.84
9152,1.93
9153,2.03
9154,2.29
9155,2.64
9156,3.02
9157,3.4
9158,3.88
9159,4.04
9160,4.1
9161,4.04
9162,3.91
9163,3.89
9164,3.85
9165,3.85
9166,4.0
9167,3.94
9168,3.85
9169,3.84
9170,3.99
9171,4.14
9172,4.1
9173,4.07
9174,3.97
9175,3.77
9176,3.54
9177,3.16
9178,3.06
9179,2.95
9180,2.87
9181,2.8
9182,2.69
9183,2.67
9184,2.59
9185,2.43
9186,2.11
9187,1.8
9188,1.41
9189,1.28
9190,1.26
9191,1.32
9192,1.36
9193,1.41
9194,1.53
9195,1.51
9196,1.46
9197,1.46
9198,1.39
9199,1.28
9200,1.22
9201,1.23
9202,1.28
9203,1.46
9204,1.57
9205,1.63
9206,1.63
9207,1.56
9208,1.43
9209,1.37
9210,1.35
9211,1.27
9212,1.17
9213,1.14
9214,1.18
9215,1.21
9216,1.18
9217,1.08
9218,0.98
9219,0.96
9220,0.96
9221,0.9900000000000002
9222,0.96
9223,0.95
9224,0.96
9225,0.97
9226,0.9900000000000002
9227,1.04
9228,1.13
9229,1.29
9230,1.39
9231,1.38
9232,1.29
9233,1.2400000000000002
9234,1.14
9235,1.07
9236,1.04
9237,1.06
9238,1.02
9239,0.94
9240,0.87
9241,0.8299999999999998
9242,0.8399999999999999
9243,0.87
9244,0.95
9245,1.01
9246,1.01
9247,0.98
9248,1.0
9249,1.03
9250,1.03
9251,1.02
9252,0.98
9253,0.93
9254,0.89
9255,0.86
9256,0.86
9257,0.8499999999999999
9258,0.8499999999999999
9259,0.82
9260,0.77
9261,0.73
9262,0.72
9263,0.71
9264,0.71
9265,0.71
9266,0.71
9267,0.7
9268,0.72
9269,0.72
9270,0.74
9271,0.77
9272,0.8299999999999998
9273,0.9
9274,1.02
9275,1.07
9276,1.05
9277,1.01
9278,0.97
9279,0.9
9280,0.86
9281,0.8399999999999999
9282,0.8499999999999999
9283,0.89
9284,0.95
9285,1.01
9286,1.05
9287,1.06
9288,1.05
9289,1.07
9290,1.02
9291,0.94
9292,0.86
9293,0.76
9294,0.68
9295,0.63
9296,0.6
9297,0.59
9298,0.59
9299,0.6
9300,0.61
9301,0.61
9302,0.62
9303,0.62
9304,0.62
9305,0.62
9306,0.63
9307,0.63
9308,0.65
9309,0.68
9310,0.72
9311,0.71
9312,0.7
9313,0.68
9314,0.68
9315,0.72
9316,0.77
9317,0.8
9318,0.8299999999999998
9319,0.8499999999999999
9320,0.87
9321,0.89
9322,0.88
9323,0.88
9324,0.88
9325,0.87
9326,0.86
9327,0.8499999999999999
9328,0.87
9329,0.87
9330,0.87
9331,0.88
9332,0.88
9333,0.89
9334,0.87
9335,0.87
9336,0.87
9337,0.86
9338,0.87
9339,0.89
9340,0.91
9341,0.91
9342,0.86
9343,0.81
9344,0.8
9345,0.78
9346,0.77
9347,0.75
9348,0.75
9349,0.76
9350,0.77
9351,0.8299999999999998
9352,0.8499999999999999
9353,0.8399999999999999
9354,0.78
9355,0.75
9356,0.73
9357,0.74
9358,0.76
9359,0.8
9360,0.8299999999999998
9361,0.82
9362,0.82
9363,0.8299999999999998
9364,0.8399999999999999
9365,0.8299999999999998
9366,0.8299999999999998
9367,0.8
9368,0.8
9369,0.78
9370,0.76
9371,0.75
9372,0.74
9373,0.75
9374,0.76
9375,0.78
9376,0.81
9377,0.8399999999999999
9378,0.8399999999999999
9379,0.8499999999999999
9380,0.86
9381,0.88
9382,0.89
9383,0.88
9384,0.87
9385,0.8399999999999999
9386,0.81
9387,0.79
9388,0.76
9389,0.75
9390,0.79
9391,0.8299999999999998
9392,0.8499999999999999
9393,0.86
9394,0.87
9395,0.87
9396,0.88
9397,0.88
9398,0.88
9399,0.87
9400,0.8499999999999999
9401,0.8299999999999998
9402,0.8299999999999998
9403,0.81
9404,0.77
9405,0.71
9406,0.63
9407,0.58
9408,0.56
9409,0.56
9410,0.59
9411,0.64
9412,0.69
9413,0.74
9414,0.77
9415,0.81
9416,0.8399999999999999
9417,0.8499999999999999
9418,0.86
9419,0.86
9420,0.86
9421,0.8399999999999999
9422,0.81
9423,0.77
9424,0.76
9425,0.77
9426,0.79
9427,0.79
9428,0.79
9429,0.82
9430,0.86
9431,0.87
9432,0.86
9433,0.8399999999999999
9434,0.8299999999999998
9435,0.82
9436,0.8
9437,0.8
9438,0.77
9439,0.73
9440,0.68
9441,0.66
9442,0.65
9443,0.65
9444,0.64
9445,0.63
9446,0.62
9447,0.64
9448,0.67
9449,0.7
9450,0.73
9451,0.74
9452,0.7
9453,0.62
9454,0.59
9455,0.57
9456,0.59
9457,0.63
9458,0.68
9459,0.74
9460,0.8
9461,0.8399999999999999
9462,0.8399999999999999
9463,0.8299999999999998
9464,0.82
9465,0.79
9466,0.79
9467,0.8
9468,0.79
9469,0.76
9470,0.73
9471,0.7
9472,0.69
9473,0.7
9474,0.72
9475,0.74
9476,0.73
9477,0.72
9478,0.71
9479,0.71
9480,0.73
9481,0.74
9482,0.75
9483,0.73
9484,0.66
9485,0.61
9486,0.56
9487,0.53
9488,0.53
9489,0.53
9490,0.55
9491,0.59
9492,0.64
9493,0.66
9494,0.67
9495,0.68
9496,0.7
9497,0.72
9498,0.75
9499,0.78
9500,0.82
9501,0.86
9502,0.91
9503,0.92
9504,0.89
9505,0.86
9506,0.8299999999999998
9507,0.77
9508,0.73
9509,0.73
9510,0.74
9511,0.75
9512,0.78
9513,0.8
9514,0.8299999999999998
9515,0.8499999999999999
9516,0.8299999999999998
9517,0.77
9518,0.72
9519,0.67
9520,0.64
9521,0.65
9522,0.68
9523,0.69
9524,0.68
9525,0.67
9526,0.68
9527,0.71
9528,0.74
9529,0.75
9530,0.74
9531,0.74
9532,0.75
9533,0.78
9534,0.82
9535,0.86
9536,0.88
9537,0.89
9538,0.88
9539,0.8299999999999998
9540,0.78
9541,0.71
9542,0.68
9543,0.68
9544,0.69
9545,0.71
9546,0.74
9547,0.75
9548,0.77
9549,0.78
9550,0.8
9551,0.82
9552,0.8299999999999998
9553,0.8
9554,0.78
9555,0.76
9556,0.74
9557,0.74
9558,0.76
9559,0.79
9560,0.81
9561,0.82
9562,0.8399999999999999
9563,0.8499999999999999
9564,0.8499999999999999
9565,0.8399999999999999
9566,0.86
9567,0.88
9568,0.9
9569,0.9
9570,0.87
9571,0.8499999999999999
9572,0.8399999999999999
9573,0.8399999999999999
9574,0.8499999999999999
9575,0.87
9576,0.87
9577,0.8499999999999999
9578,0.8299999999999998
9579,0.8
9580,0.81
9581,0.8399999999999999
9582,0.87
9583,0.9
9584,0.93
9585,0.94
9586,0.94
9587,0.96
9588,0.9900000000000002
9589,1.01
9590,1.02
9591,0.9900000000000002
9592,0.96
9593,0.94
9594,0.94
9595,0.95
9596,0.95
9597,0.94
9598,0.93
9599,0.93
9600,0.93
9601,0.93
9602,0.95
9603,0.97
9604,0.93
9605,0.86
9606,0.81
9607,0.75
9608,0.71
9609,0.69
9610,0.68
9611,0.69
9612,0.71
9613,0.74
9614,0.78
9615,0.8
9616,0.79
9617,0.77
9618,0.76
9619,0.77
9620,0.8
9621,0.81
9622,0.82
9623,0.8399999999999999
9624,0.8399999999999999
9625,0.8499999999999999
9626,0.8299999999999998
9627,0.79
9628,0.74
9629,0.68
9630,0.64
9631,0.61
9632,0.61
9633,0.62
9634,0.62
9635,0.6
9636,0.63
9637,0.69
9638,0.76
9639,0.82
9640,0.91
9641,0.9
9642,0.8299999999999998
9643,0.8
9644,0.81
9645,0.8399999999999999
9646,0.92
9647,0.98
9648,1.0
9649,0.9900000000000002
9650,0.98
9651,0.9
9652,0.8
9653,0.71
9654,0.67
9655,0.68
9656,0.71
9657,0.76
9658,0.82
9659,0.79
9660,0.74
9661,0.71
9662,0.71
9663,0.72
9664,0.76
9665,0.8299999999999998
9666,0.94
9667,1.08
9668,1.2400000000000002
9669,1.3
9670,1.31
9671,1.18
9672,1.08
9673,1.07
9674,1.04
9675,1.04
9676,1.02
9677,1.02
9678,0.98
9679,0.96
9680,1.01
9681,1.08
9682,1.03
9683,1.01
9684,1.02
9685,1.04
9686,1.04
9687,1.05
9688,1.04
9689,1.02
9690,1.03
9691,1.05
9692,1.07
9693,1.05
9694,1.02
9695,0.9900000000000002
9696,0.96
9697,0.94
9698,0.92
9699,0.91
9700,0.93
9701,0.97
9702,1.02
9703,1.14
9704,1.17
9705,1.11
9706,1.03
9707,0.98
9708,0.97
9709,1.0
9710,1.02
9711,1.04
9712,0.97
9713,0.92
9714,0.87
9715,0.87
9716,0.88
9717,0.91
9718,0.88
9719,0.82
9720,0.75
9721,0.73
9722,0.72
9723,0.71
9724,0.73
9725,0.76
9726,0.77
9727,0.75
9728,0.68
9729,0.65
9730,0.65
9731,0.66
9732,0.66
9733,0.67
9734,0.7
9735,0.72
9736,0.75
9737,0.79
9738,0.8499999999999999
9739,0.89
9740,0.92
9741,0.95
9742,0.98
9743,1.06
9744,1.15
9745,1.18
9746,1.16
9747,1.12
9748,1.02
9749,0.92
9750,0.8499999999999999
9751,0.82
9752,0.8299999999999998
9753,0.8399999999999999
9754,0.8299999999999998
9755,0.81
9756,0.79
9757,0.79
9758,0.79
9759,0.79
9760,0.79
9761,0.79
9762,0.79
9763,0.79
9764,0.81
9765,0.8299999999999998
9766,0.81
9767,0.78
9768,0.72
9769,0.69
9770,0.68
9771,0.69
9772,0.7
9773,0.69
9774,0.69
9775,0.68
9776,0.67
9777,0.67
9778,0.68
9779,0.67
9780,0.67
9781,0.67
9782,0.66
9783,0.67
9784,0.69
9785,0.71
9786,0.73
9787,0.74
9788,0.75
9789,0.77
9790,0.82
9791,0.86
9792,0.98
9793,1.0
9794,1.0
9795,0.97
9796,0.89
9797,0.8399999999999999
9798,0.81
9799,0.8
9800,0.79
9801,0.79
9802,0.77
9803,0.72
9804,0.7
9805,0.7
9806,0.69
9807,0.68
9808,0.7
9809,0.74
9810,0.77
9811,0.82
9812,0.8499999999999999
9813,0.87
9814,0.92
9815,0.94
9816,0.88
9817,0.8
9818,0.69
9819,0.62
9820,0.59
9821,0.59
9822,0.59
9823,0.6
9824,0.61
9825,0.62
9826,0.64
9827,0.68
9828,0.76
9829,0.82
9830,0.86
9831,0.86
9832,0.8399999999999999
9833,0.8299999999999998
9834,0.82
9835,0.8299999999999998
9836,0.8399999999999999
9837,0.8299999999999998
9838,0.8299999999999998
9839,0.8299999999999998
9840,0.8299999999999998
9841,0.81
9842,0.78
9843,0.77
9844,0.78
9845,0.79
9846,0.79
9847,0.79
9848,0.77
9849,0.76
9850,0.75
9851,0.75
9852,0.76
9853,0.78
9854,0.8
9855,0.8299999999999998
9856,0.8299999999999998
9857,0.81
9858,0.78
9859,0.73
9860,0.72
9861,0.72
9862,0.73
9863,0.77
9864,0.8
9865,0.79
9866,0.8
9867,0.8
9868,0.81
9869,0.88
9870,1.0
9871,1.07
9872,1.06
9873,1.0
9874,0.94
9875,0.91
9876,0.87
9877,0.82
9878,0.75
9879,0.71
9880,0.68
9881,0.67
9882,0.65
9883,0.64
9884,0.65
9885,0.66
9886,0.69
9887,0.73
9888,0.77
9889,0.82
9890,0.8499999999999999
9891,0.86
9892,0.87
9893,0.8499999999999999
9894,0.82
9895,0.78
9896,0.75
9897,0.73
9898,0.73
9899,0.73
9900,0.76
9901,0.8
9902,0.86
9903,0.9
9904,0.88
9905,0.8499999999999999
9906,0.8499999999999999
9907,0.8399999999999999
9908,0.86
9909,0.9
9910,0.92
9911,0.9
9912,0.87
9913,0.8299999999999998
9914,0.8
9915,0.8
9916,0.81
9917,0.81
9918,0.8
9919,0.76
9920,0.71
9921,0.68
9922,0.66
9923,0.64
9924,0.61
9925,0.6
9926,0.61
9927,0.62
9928,0.63
9929,0.63
9930,0.64
9931,0.66
9932,0.7
9933,0.76
9934,0.8
9935,0.86
9936,0.89
9937,0.91
9938,0.93
9939,0.9
9940,0.82
9941,0.76
9942,0.71
9943,0.68
9944,0.66
9945,0.65
9946,0.64
9947,0.65
9948,0.65
9949,0.68
9950,0.71
9951,0.77
9952,0.8399999999999999
9953,0.89
9954,0.89
9955,0.8399999999999999
9956,0.8
9957,0.77
9958,0.82
9959,0.8299999999999998
9960,0.82
9961,0.79
9962,0.75
9963,0.72
9964,0.69
9965,0.69
9966,0.68
9967,0.68
9968,0.67
9969,0.68
9970,0.71
9971,0.73
9972,0.75
9973,0.78
9974,0.78
9975,0.79
9976,0.77
9977,0.74
9978,0.72
9979,0.7
9980,0.68
9981,0.71
9982,0.76
9983,0.8499999999999999
9984,0.92
9985,0.91
9986,0.82
9987,0.74
9988,0.71
9989,0.68
9990,0.66
9991,0.68
9992,0.69
9993,0.69
9994,0.7
9995,0.73
9996,0.77
9997,0.82
9998,0.8399999999999999
9999,0.81
10000,0.78
10001,0.74
10002,0.71
10003,0.7
10004,0.7
10005,0.68
10006,0.65
10007,0.67
10008,0.69
10009,0.75
10010,0.79
10011,0.87
10012,0.94
10013,1.0
10014,1.01
10015,0.93
10016,0.8499999999999999
10017,0.77
10018,0.74
10019,0.74
10020,0.74
10021,0.73
10022,0.71
10023,0.69
10024,0.69
10025,0.69
10026,0.7
10027,0.73
10028,0.77
10029,0.76
10030,0.74
10031,0.71
10032,0.7
10033,0.71
10034,0.74
10035,0.75
10036,0.73
10037,0.68
10038,0.64
10039,0.64
10040,0.67
10041,0.72
10042,0.78
10043,0.82
10044,0.8499999999999999
10045,0.87
10046,0.93
10047,0.97
10048,0.97
10049,0.9
10050,0.8399999999999999
10051,0.81
10052,0.79
10053,0.78
10054,0.81
10055,0.89
10056,0.95
10057,0.93
10058,0.89
10059,0.87
10060,0.86
10061,0.8399999999999999
10062,0.81
10063,0.79
10064,0.77
10065,0.76
10066,0.74
10067,0.73
10068,0.75
10069,0.76
10070,0.76
10071,0.72
10072,0.7
10073,0.68
10074,0.66
10075,0.65
10076,0.65
10077,0.65
10078,0.65
10079,0.66
10080,0.67
10081,0.68
10082,0.69
10083,0.72
10084,0.75
10085,0.76
10086,0.78
10087,0.79
10088,0.79
10089,0.78
10090,0.79
10091,0.82
10092,0.86
10093,0.92
10094,0.98
10095,1.01
10096,1.01
10097,0.9900000000000002
10098,1.0
10099,1.05
10100,1.11
10101,1.17
10102,1.17
10103,1.05
10104,0.96
10105,0.9
10106,0.88
10107,0.86
10108,0.8299999999999998
10109,0.82
10110,0.82
10111,0.8399999999999999
10112,0.86
10113,0.86
10114,0.8499999999999999
10115,0.82
10116,0.77
10117,0.73
10118,0.7
10119,0.67
10120,0.65
10121,0.63
10122,0.65
10123,0.67
10124,0.68
10125,0.7
10126,0.75
10127,0.82
10128,0.8499999999999999
10129,0.8499999999999999
10130,0.82
10131,0.79
10132,0.77
10133,0.77
10134,0.79
10135,0.81
10136,0.81
10137,0.8
10138,0.77
10139,0.75
10140,0.73
10141,0.74
10142,0.78
10143,0.82
10144,0.89
10145,0.91
10146,0.94
10147,0.87
10148,0.79
10149,0.75
10150,0.73
10151,0.71
10152,0.7
10153,0.69
10154,0.7
10155,0.69
10156,0.7
10157,0.73
10158,0.77
10159,0.8
10160,0.77
10161,0.73
10162,0.7
10163,0.66
10164,0.64
10165,0.63
10166,0.63
10167,0.63
10168,0.64
10169,0.65
10170,0.67
10171,0.68
10172,0.71
10173,0.76
10174,0.8399999999999999
10175,0.91
10176,0.94
10177,0.94
10178,0.9
10179,0.87
10180,0.87
10181,0.91
10182,0.98
10183,1.02
10184,1.0
10185,0.97
10186,0.96
10187,0.92
10188,0.8499999999999999
10189,0.78
10190,0.76
10191,0.78
10192,0.82
10193,0.87
10194,0.91
10195,0.88
10196,0.8399999999999999
10197,0.8399999999999999
10198,0.87
10199,0.9
10200,0.87
10201,0.86
10202,0.87
10203,0.92
10204,0.98
10205,1.04
10206,1.04
10207,1.02
10208,1.03
10209,1.03
10210,1.07
10211,1.07
10212,1.07
10213,1.07
10214,1.09
10215,1.13
10216,1.14
10217,1.1
10218,1.03
10219,0.97
10220,0.94
10221,0.92
10222,0.93
10223,0.94
10224,0.98
10225,1.02
10226,1.09
10227,1.22
10228,1.4
10229,1.45
10230,1.38
10231,1.2400000000000002
10232,1.08
10233,0.96
10234,0.87
10235,0.79
10236,0.75
10237,0.75
10238,0.79
10239,0.8499999999999999
10240,0.87
10241,0.8399999999999999
10242,0.8399999999999999
10243,0.8399999999999999
10244,0.8399999999999999
10245,0.8299999999999998
10246,0.8299999999999998
10247,0.86
10248,0.9
10249,0.96
10250,1.0
10251,0.9900000000000002
10252,0.96
10253,0.96
10254,0.98
10255,0.97
10256,0.96
10257,1.01
10258,1.05
10259,1.05
10260,1.05
10261,1.05
10262,1.08
10263,1.12
10264,1.13
10265,1.14
10266,1.12
10267,1.17
10268,1.21
10269,1.28
10270,1.31
10271,1.33
10272,1.27
10273,1.19
10274,1.08
10275,1.07
10276,1.15
10277,1.26
10278,1.22
10279,1.08
10280,0.98
10281,0.9900000000000002
10282,0.98
10283,0.97
10284,1.02
10285,1.06
10286,1.13
10287,1.14
10288,1.12
10289,1.14
10290,1.19
10291,1.21
10292,1.2400000000000002
10293,1.22
10294,1.2
10295,1.23
10296,1.27
10297,1.26
10298,1.22
10299,1.19
10300,1.18
10301,1.23
10302,1.25
10303,1.27
10304,1.31
10305,1.32
10306,1.31
10307,1.26
10308,1.27
10309,1.28
10310,1.29
10311,1.28
10312,1.31
10313,1.35
10314,1.31
10315,1.27
10316,1.25
10317,1.25
10318,1.27
10319,1.32
10320,1.33
10321,1.34
10322,1.35
10323,1.37
10324,1.42
10325,1.41
10326,1.39
10327,1.37
10328,1.37
10329,1.41
10330,1.43
10331,1.38
10332,1.36
10333,1.38
10334,1.38
10335,1.38
10336,1.37
10337,1.36
10338,1.37
10339,1.39
10340,1.43
10341,1.46
10342,1.43
10343,1.4
10344,1.41
10345,1.45
10346,1.45
10347,1.42
10348,1.38
10349,1.35
10350,1.37
10351,1.46
10352,1.54
10353,1.6
10354,1.57
10355,1.51
10356,1.54
10357,1.56
10358,1.6
10359,1.59
10360,1.62
10361,1.64
10362,1.67
10363,1.7
10364,1.73
10365,1.76
10366,1.79
10367,1.82
10368,1.85
10369,1.88
10370,1.9
10371,1.93
10372,1.96
10373,1.99
10374,2.02
10375,2.05
10376,2.08
10377,2.11
10378,2.14
10379,2.16
10380,2.19
10381,2.22
10382,2.25
10383,2.28
10384,2.31
10385,2.34
10386,2.37
10387,2.39
10388,2.42
10389,2.45
10390,2.48
10391,2.51
10392,2.54
10393,2.57
10394,2.6
10395,2.63
10396,2.65
10397,2.68
10398,2.71
10399,2.74
10400,2.77
10401,2.8
10402,2.83
10403,2.86
10404,2.89
10405,2.91
10406,2.94
10407,2.97
10408,3.0
10409,3.03
10410,3.06
10411,3.09
10412,3.12
10413,3.15
10414,3.17
10415,3.2
10416,3.23
10417,3.26
10418,3.29
10419,3.32
10420,3.35
10421,3.38
10422,3.41
10423,3.43
10424,3.46
10425,3.49
10426,3.52
10427,3.55
10428,3.58
10429,3.61
10430,3.64
10431,3.67
10432,3.69
10433,3.72
10434,3.75
10435,3.78
10436,3.81
10437,3.84
10438,3.87
10439,3.9
10440,3.92
10441,3.95
10442,3.98
10443,4.01
10444,4.04
10445,4.07
10446,4.1
10447,4.13
10448,4.16
10449,4.18
10450,4.21
10451,4.24
10452,4.27
10453,4.3
10454,4.33
10455,4.36
10456,4.46
10457,4.4
10458,4.52
10459,4.6
10460,3.76
10461,3.55
10462,3.02
10463,3.15
10464,3.59
10465,3.95
10466,4.22
10467,4.41
10468,4.57
10469,4.71
10470,5.0
10471,5.17
10472,5.33
10473,5.46
10474,5.48
10475,5.6
10476,5.7
10477,5.88
10478,5.92
10479,5.95
10480,5.88
10481,5.79
10482,5.63
10483,5.56
10484,5.44
10485,5.36
10486,5.11
10487,5.06
10488,4.91
10489,4.86
10490,4.73
10491,4.6
10492,4.42
10493,4.31
10494,4.19
10495,4.21
10496,4.25
10497,4.42
10498,4.78
10499,4.78
10500,5.11
10501,5.25
10502,6.57
10503,7.08
10504,8.4
10505,10.54
10506,9.75
10507,9.23
10508,8.779999999999998
10509,8.609999999999998
10510,8.75
10511,8.79
10512,8.8
10513,8.929999999999998
10514,9.02
10515,8.929999999999998
10516,8.83
10517,8.759999999999998
10518,8.74
10519,8.689999999999998
10520,8.67
10521,8.65
10522,8.55
10523,8.449999999999998
10524,8.46
10525,8.429999999999998
10526,8.24
10527,8.13
10528,8.12
10529,8.25
10530,8.31
10531,8.279999999999998
10532,8.279999999999998
10533,8.349999999999998
10534,8.39
10535,8.449999999999998
10536,8.689999999999998
10537,8.88
10538,8.939999999999998
10539,8.99
10540,9.14
10541,9.22
10542,9.19
10543,9.11
10544,9.03
10545,9.12
10546,9.21
10547,9.27
10548,9.3
10549,9.27
10550,9.37
10551,9.51
10552,9.66
10553,9.73
10554,9.71
10555,9.71
10556,9.74
10557,9.83
10558,9.78
10559,9.71
10560,9.63
10561,9.62
10562,9.63
10563,9.57
10564,9.5
10565,9.47
10566,9.49
10567,9.51
10568,9.5
10569,9.44
10570,9.28
10571,9.18
10572,9.1
10573,9.16
10574,9.26
10575,9.38
10576,9.51
10577,9.64
10578,9.72
10579,9.86
10580,9.97
10581,10.09
10582,10.11
10583,10.12
10584,10.08
10585,10.05
10586,10.01
10587,9.97
10588,9.91
10589,9.9
10590,9.86
10591,9.81
10592,9.76
10593,9.72
10594,9.71
10595,9.7
10596,9.7
10597,9.66
10598,9.6
10599,9.51
10600,9.48
10601,9.5
10602,9.61
10603,9.75
10604,9.82
10605,9.86
10606,9.86
10607,9.8
10608,9.72
10609,9.62
10610,9.57
10611,9.57
10612,9.63
10613,9.78
10614,9.91
10615,9.95
10616,9.89
10617,9.78
10618,9.670000000000002
10619,9.58
10620,9.54
10621,9.6
10622,9.64
10623,9.56
10624,9.3
10625,9.06
10626,8.97
10627,9.0
10628,9.11
10629,9.26
10630,9.39
10631,9.45
10632,9.45
10633,9.48
10634,9.61
10635,9.74
10636,9.85
10637,9.87
10638,9.84
10639,9.81
10640,9.86
10641,9.96
10642,10.0
10643,9.97
10644,9.920000000000002
10645,9.8
10646,9.65
10647,9.49
10648,9.26
10649,9.03
10650,8.759999999999998
10651,8.689999999999998
10652,8.759999999999998
10653,8.87
10654,8.9
10655,8.79
10656,8.59
10657,8.37
10658,8.29
10659,8.349999999999998
10660,8.48
10661,8.62
10662,8.769999999999998
10663,8.92
10664,9.1
10665,9.37
10666,9.7
10667,9.99
10668,10.11
10669,10.15
10670,10.19
10671,10.27
10672,10.47
10673,10.56
10674,10.6
10675,10.61
10676,10.63
10677,10.66
10678,10.72
10679,10.82
10680,10.89
10681,10.94
10682,10.99
10683,10.97
10684,10.94
10685,10.87
10686,10.83
10687,10.83
10688,10.77
10689,10.69
10690,10.57
10691,10.53
10692,10.63
10693,10.73
10694,10.77
10695,10.8
10696,10.83
10697,10.86
10698,10.89
10699,10.84
10700,10.87
10701,10.88
10702,10.88
10703,10.87
10704,10.9
10705,10.89
10706,10.83
10707,10.78
10708,10.76
10709,10.73
10710,10.8
10711,10.84
10712,10.84
10713,10.77
10714,10.72
10715,10.68
10716,10.670000000000002
10717,10.6
10718,10.5
10719,10.44
10720,10.34
10721,10.26
10722,10.21
10723,10.14
10724,10.1
10725,10.15
10726,10.2
10727,10.25
10728,10.28
10729,10.32
10730,10.35
10731,10.35
10732,10.41
10733,10.45
10734,10.6
10735,10.78
10736,11.03
10737,11.25
10738,11.48
10739,11.71
10740,11.98
10741,12.25
10742,12.59
10743,13.2
10744,13.71
10745,14.23
10746,14.31
10747,14.27
10748,14.16
10749,14.04
10750,14.04
10751,13.99
10752,14.13
10753,14.33
10754,14.63
10755,15.01
10756,15.32
10757,15.76
10758,16.25
10759,16.98
10760,17.66
10761,18.57
10762,19.47
10763,20.55
10764,21.54
10765,22.0
10766,21.85
10767,21.22
10768,20.03
10769,18.75
10770,17.399999999999995
10771,16.21
10772,15.05
10773,14.2
10774,13.52
10775,12.99
10776,12.6
10777,12.2
10778,11.96
10779,11.75
10780,11.58
10781,11.47
10782,11.29
10783,11.16
10784,11.06
10785,10.98
10786,10.88
10787,10.77
10788,10.71
10789,10.63
10790,10.59
10791,10.6
10792,10.59
10793,10.58
10794,10.49
10795,10.32
10796,10.18
10797,10.1
10798,10.11
10799,10.1
10800,9.99
10801,9.95
10802,9.96
10803,9.920000000000002
10804,9.85
10805,9.82
10806,9.82
10807,9.84
10808,9.79
10809,9.75
10810,9.84
10811,10.27
10812,10.7
10813,10.89
10814,10.69
10815,10.55
10816,10.66
10817,10.84
10818,11.0
10819,11.08
10820,11.2
10821,11.73
10822,12.28
10823,12.170000000000003
10824,11.35
10825,10.66
10826,10.28
10827,10.19
10828,10.21
10829,10.04
10830,9.68
10831,9.36
10832,9.18
10833,9.12
10834,9.14
10835,9.08
10836,9.06
10837,9.06
10838,9.22
10839,9.36
10840,9.57
10841,9.57
10842,9.51
10843,9.41
10844,9.41
10845,9.39
10846,9.28
10847,9.12
10848,9.02
10849,8.91
10850,8.79
10851,8.64
10852,8.46
10853,8.37
10854,8.42
10855,8.49
10856,8.439999999999998
10857,8.259999999999998
10858,8.13
10859,8.189999999999998
10860,8.34
10861,8.49
10862,8.56
10863,8.519999999999998
10864,8.48
10865,8.54
10866,8.67
10867,8.79
10868,8.9
10869,8.929999999999998
10870,8.97
10871,9.02
10872,9.06
10873,9.05
10874,9.04
10875,9.06
10876,9.08
10877,9.12
10878,9.24
10879,9.5
10880,9.86
10881,10.39
10882,11.26
10883,12.53
10884,14.0
10885,15.45
10886,16.36
10887,16.67
10888,16.649999999999995
10889,16.09
10890,15.12
10891,13.9
10892,12.670000000000003
10893,11.69
10894,11.06
10895,10.57
10896,10.04
10897,9.76
10898,9.7
10899,9.59
10900,9.57
10901,9.63
10902,9.74
10903,9.71
10904,9.52
10905,9.29
10906,8.83
10907,8.199999999999998
10908,7.78
10909,7.49
10910,7.389999999999999
10911,7.469999999999998
10912,7.59
10913,7.63
10914,7.67
10915,7.849999999999999
10916,8.109999999999998
10917,8.39
10918,8.519999999999998
10919,8.55
10920,8.5
10921,8.57
10922,8.779999999999998
10923,9.01
10924,9.22
10925,9.32
10926,9.47
10927,9.61
10928,9.68
10929,9.74
10930,9.78
10931,9.86
10932,9.93
10933,10.04
10934,10.16
10935,10.12
10936,10.03
10937,10.03
10938,10.12
10939,10.18
10940,10.170000000000002
10941,10.15
10942,10.22
10943,10.21
10944,10.22
10945,10.22
10946,10.11
10947,9.97
10948,9.81
10949,9.66
10950,9.59
10951,9.55
10952,9.61
10953,9.66
10954,9.63
10955,9.55
10956,9.4
10957,9.27
10958,9.13
10959,8.98
10960,8.79
10961,8.56
10962,8.42
10963,8.24
10964,8.109999999999998
10965,7.95
10966,7.86
10967,7.8
10968,7.759999999999998
10969,7.74
10970,7.759999999999998
10971,7.78
10972,7.79
10973,7.79
10974,7.74
10975,7.599999999999999
10976,7.469999999999998
10977,7.389999999999999
10978,7.29
10979,7.28
10980,7.29
10981,7.259999999999998
10982,7.19
10983,7.15
10984,7.16
10985,7.18
10986,7.18
10987,7.25
10988,7.37
10989,7.38
10990,7.3
10991,7.2
10992,7.19
10993,7.219999999999998
10994,7.2
10995,7.23
10996,7.32
10997,7.4
10998,7.509999999999998
10999,7.61
11000,7.7
11001,7.67
11002,7.559999999999999
11003,7.4
11004,7.21
11005,7.08
11006,6.84
11007,6.44
11008,5.91
11009,5.56
11010,5.54
11011,5.83
11012,6.16
11013,6.39
11014,6.41
11015,6.34
11016,6.31
11017,6.36
11018,6.43
11019,6.44
11020,6.38
11021,6.3
11022,6.29
11023,6.28
11024,6.26
11025,6.25
11026,6.35
11027,6.51
11028,6.63
11029,6.67
11030,6.68
11031,6.71
11032,6.73
11033,6.7
11034,6.65
11035,6.52
11036,6.4
11037,6.33
11038,6.3
11039,6.22
11040,6.12
11041,6.06
11042,6.16
11043,6.29
11044,6.39
11045,6.4
11046,6.4
11047,6.42
11048,6.41
11049,6.38
11050,6.43
11051,6.57
11052,6.66
11053,6.76
11054,6.86
11055,6.89
11056,6.9
11057,6.92
11058,6.97
11059,7.0
11060,6.98
11061,6.89
11062,6.84
11063,6.84
11064,6.84
11065,6.77
11066,6.68
11067,6.54
11068,6.45
11069,6.41
11070,6.4
11071,6.4
11072,6.38
11073,6.39
11074,6.42
11075,6.48
11076,6.55
11077,6.58
11078,6.53
11079,6.54
11080,6.58
11081,6.67
11082,6.71
11083,6.7
11084,6.71
11085,6.78
11086,6.83
11087,6.84
11088,6.86
11089,6.84
11090,6.69
11091,6.51
11092,6.45
11093,6.52
11094,6.62
11095,6.64
11096,6.57
11097,6.48
11098,6.47
11099,6.55
11100,6.74
11101,6.83
11102,6.78
11103,6.7
11104,6.66
11105,6.75
11106,6.89
11107,6.92
11108,6.91
11109,6.96
11110,7.06
11111,7.08
11112,7.04
11113,6.97
11114,7.05
11115,7.13
11116,7.1
11117,7.04
11118,7.03
11119,7.08
11120,7.13
11121,7.15
11122,7.06
11123,6.9
11124,6.78
11125,6.74
11126,6.71
11127,6.75
11128,6.86
11129,6.93
11130,6.93
11131,6.95
11132,6.98
11133,7.05
11134,7.07
11135,7.0
11136,6.93
11137,6.87
11138,6.77
11139,6.7
11140,6.7
11141,6.71
11142,6.7
11143,6.67
11144,6.7
11145,6.78
11146,6.79
11147,6.81
11148,6.89
11149,6.99
11150,7.1
11151,7.1
11152,7.09
11153,7.09
11154,7.12
11155,7.18
11156,7.21
11157,7.25
11158,7.3
11159,7.309999999999999
11160,7.33
11161,7.309999999999999
11162,7.21
11163,7.06
11164,6.88
11165,6.84
11166,6.82
11167,6.85
11168,6.9
11169,6.92
11170,6.95
11171,6.93
11172,6.87
11173,6.85
11174,6.86
11175,6.93
11176,7.01
11177,7.06
11178,7.1
11179,7.14
11180,7.17
11181,7.219999999999998
11182,7.21
11183,7.15
11184,7.07
11185,6.95
11186,6.82
11187,6.73
11188,6.65
11189,6.67
11190,6.69
11191,6.68
11192,6.65
11193,6.62
11194,6.57
11195,6.53
11196,6.47
11197,6.45
11198,6.41
11199,6.36
11200,6.32
11201,6.29
11202,6.32
11203,6.39
11204,6.5
11205,6.6
11206,6.66
11207,6.62
11208,6.52
11209,6.47
11210,6.54
11211,6.62
11212,6.69
11213,6.71
11214,6.69
11215,6.71
11216,6.76
11217,6.82
11218,6.85
11219,6.9
11220,6.91
11221,6.93
11222,6.95
11223,6.95
11224,6.94
11225,6.93
11226,6.96
11227,6.93
11228,6.9
11229,6.81
11230,6.74
11231,6.7
11232,6.7
11233,6.68
11234,6.64
11235,6.65
11236,6.66
11237,6.68
11238,6.69
11239,6.71
11240,6.73
11241,6.83
11242,6.87
11243,6.92
11244,6.95
11245,7.02
11246,7.12
11247,7.19
11248,7.25
11249,7.28
11250,7.309999999999999
11251,7.309999999999999
11252,7.3
11253,7.269999999999999
11254,7.19
11255,7.11
11256,7.04
11257,7.0
11258,6.94
11259,6.91
11260,6.87
11261,6.82
11262,6.86
11263,6.95
11264,7.06
11265,7.13
11266,7.19
11267,7.219999999999998
11268,7.24
11269,7.259999999999998
11270,7.33
11271,7.36
11272,7.37
11273,7.33
11274,7.24
11275,7.15
11276,7.05
11277,6.96
11278,6.87
11279,6.77
11280,6.7
11281,6.67
11282,6.66
11283,6.68
11284,6.65
11285,6.6
11286,6.54
11287,6.53
11288,6.57
11289,6.6
11290,6.61
11291,6.63
11292,6.66
11293,6.71
11294,6.69
11295,6.66
11296,6.61
11297,6.55
11298,6.53
11299,6.54
11300,6.6
11301,6.67
11302,6.7
11303,6.75
11304,6.76
11305,6.77
11306,6.82
11307,6.89
11308,6.94
11309,6.97
11310,6.93
11311,6.88
11312,6.88
11313,6.89
11314,6.9
11315,6.87
11316,6.83
11317,6.76
11318,6.75
11319,6.79
11320,6.84
11321,6.85
11322,6.85
11323,6.89
11324,6.96
11325,7.03
11326,7.11
11327,7.18
11328,7.23
11329,7.269999999999999
11330,7.33
11331,7.36
11332,7.36
11333,7.34
11334,7.32
11335,7.309999999999999
11336,7.3
11337,7.32
11338,7.37
11339,7.4
11340,7.429999999999999
11341,7.41
11342,7.36
11343,7.3
11344,7.219999999999998
11345,7.18
11346,7.13
11347,7.06
11348,7.0
11349,6.99
11350,7.0
11351,7.0
11352,6.99
11353,6.96
11354,7.02
11355,7.02
11356,7.07
11357,7.1
11358,7.1
11359,7.08
11360,7.1
11361,7.1
11362,7.09
11363,7.07
11364,7.03
11365,7.02
11366,7.03
11367,7.12
11368,7.2
11369,7.24
11370,7.269999999999999
11371,7.259999999999998
11372,7.269999999999999
11373,7.36
11374,7.45
11375,7.55
11376,7.63
11377,7.65
11378,7.679999999999999
11379,7.769999999999999
11380,7.87
11381,7.929999999999999
11382,8.0
11383,7.96
11384,7.91
11385,7.8
11386,7.71
11387,7.639999999999999
11388,7.55
11389,7.45
11390,7.41
11391,7.48
11392,7.57
11393,7.63
11394,7.679999999999999
11395,7.719999999999998
11396,7.759999999999998
11397,7.8
11398,7.84
11399,7.87
11400,7.889999999999999
11401,7.84
11402,7.8
11403,7.75
11404,7.719999999999998
11405,7.7
11406,7.66
11407,7.639999999999999
11408,7.59
11409,7.54
11410,7.509999999999998
11411,7.48
11412,7.45
11413,7.42
11414,7.4
11415,7.37
11416,7.34
11417,7.34
11418,7.45
11419,7.58
11420,7.69
11421,7.7
11422,7.73
11423,7.74
11424,7.809999999999999
11425,7.88
11426,7.92
11427,7.889999999999999
11428,7.889999999999999
11429,7.92
11430,7.95
11431,7.99
11432,8.009999999999998
11433,7.969999999999998
11434,7.95
11435,7.91
11436,7.87
11437,7.759999999999998
11438,7.69
11439,7.639999999999999
11440,7.679999999999999
11441,7.69
11442,7.78
11443,7.889999999999999
11444,8.05
11445,8.14
11446,8.15
11447,8.179999999999998
11448,8.22
11449,8.25
11450,8.259999999999998
11451,8.279999999999998
11452,8.279999999999998
11453,8.23
11454,8.21
11455,8.17
11456,8.15
11457,8.13
11458,8.09
11459,8.029999999999998
11460,7.99
11461,7.969999999999998
11462,7.92
11463,7.88
11464,7.92
11465,8.029999999999998
11466,8.029999999999998
11467,7.98
11468,7.9
11469,7.95
11470,8.07
11471,8.15
11472,8.179999999999998
11473,8.22
11474,8.25
11475,8.269999999999998
11476,8.23
11477,8.13
11478,7.929999999999999
11479,7.79
11480,7.639999999999999
11481,7.5
11482,7.34
11483,7.14
11484,7.0
11485,6.97
11486,6.99
11487,6.98
11488,6.97
11489,7.01
11490,7.09
11491,7.17
11492,7.2
11493,7.25
11494,7.3
11495,7.34
11496,7.32
11497,7.3
11498,7.309999999999999
11499,7.349999999999999
11500,7.37
11501,7.36
11502,7.37
11503,7.4
11504,7.4
11505,7.36
11506,7.32
11507,7.28
11508,7.25
11509,7.25
11510,7.309999999999999
11511,7.46
11512,7.599999999999999
11513,7.719999999999998
11514,7.8
11515,7.86
11516,7.92
11517,7.95
11518,8.029999999999998
11519,8.109999999999998
11520,8.22
11521,8.33
11522,8.39
11523,8.4
11524,8.33
11525,8.279999999999998
11526,8.269999999999998
11527,8.21
11528,8.22
11529,8.279999999999998
11530,8.349999999999998
11531,8.39
11532,8.41
11533,8.519999999999998
11534,8.779999999999998
11535,9.08
11536,9.3
11537,9.45
11538,9.61
11539,9.71
11540,9.72
11541,9.65
11542,9.55
11543,9.38
11544,9.16
11545,8.929999999999998
11546,8.74
11547,8.599999999999998
11548,8.5
11549,8.449999999999998
11550,8.439999999999998
11551,8.37
11552,8.23
11553,8.009999999999998
11554,7.86
11555,7.82
11556,7.92
11557,7.98
11558,8.009999999999998
11559,7.99
11560,7.96
11561,7.9
11562,7.91
11563,7.929999999999999
11564,8.04
11565,8.14
11566,8.199999999999998
11567,8.15
11568,8.179999999999998
11569,8.24
11570,8.29
11571,8.279999999999998
11572,8.31
11573,8.349999999999998
11574,8.349999999999998
11575,8.3
11576,8.17
11577,8.109999999999998
11578,8.029999999999998
11579,7.889999999999999
11580,7.71
11581,7.639999999999999
11582,7.679999999999999
11583,7.67
11584,7.7
11585,7.75
11586,7.809999999999999
11587,7.849999999999999
11588,7.9
11589,7.96
11590,8.019999999999998
11591,8.04
11592,8.05
11593,8.07
11594,8.199999999999998
11595,8.42
11596,8.609999999999998
11597,8.75
11598,8.82
11599,8.859999999999998
11600,8.9
11601,8.99
11602,9.1
11603,9.170000000000002
11604,9.15
11605,9.13
11606,9.09
11607,9.04
11608,9.03
11609,9.03
11610,8.99
11611,8.99
11612,9.03
11613,9.1
11614,9.14
11615,9.14
11616,9.16
11617,9.23
11618,9.3
11619,9.43
11620,9.6
11621,9.73
11622,9.86
11623,9.98
11624,10.09
11625,10.21
11626,10.27
11627,10.35
11628,10.48
11629,10.61
11630,10.86
11631,11.15
11632,11.39
11633,11.6
11634,11.76
11635,11.82
11636,11.95
11637,12.36
11638,12.96
11639,13.3
11640,13.62
11641,13.91
11642,14.11
11643,14.36
11644,14.58
11645,14.69
11646,14.86
11647,15.1
11648,15.42
11649,15.74
11650,16.16
11651,16.55
11652,16.899999999999995
11653,17.0
11654,17.309999999999995
11655,17.969999999999995
11656,18.75
11657,19.93
11658,21.07
11659,22.1
11660,23.06
11661,24.13
11662,25.45
11663,26.94
11664,28.65
11665,29.62
11666,30.77
11667,31.96
11668,32.63
11669,33.49
11670,34.54
11671,35.8
11672,37.46
11673,38.31
11674,39.17
11675,40.07
11676,40.89
11677,41.69
11678,42.42
11679,43.12
11680,43.0
11681,42.76
11682,42.89
11683,42.63
11684,42.67
11685,42.12
11686,42.14
11687,42.06
11688,41.74
11689,41.23
11690,40.74
11691,40.0
11692,40.29
11693,40.52
11694,40.4
11695,40.64
11696,41.11
11697,41.99
11698,42.49
11699,42.55
11700,42.33
11701,42.19
11702,41.88
11703,41.43
11704,40.72
11705,39.49
11706,38.63
11707,37.93
11708,37.7
11709,37.9
11710,38.1
11711,37.77
11712,37.44
11713,37.29
11714,37.23
11715,36.82
11716,36.33
11717,35.88
11718,35.73
11719,35.1
11720,34.67
11721,33.83
11722,33.02
11723,32.09
11724,31.38
11725,30.97
11726,30.84
11727,30.71
11728,30.83
11729,31.25
11730,31.71
11731,32.23
11732,32.81
11733,33.64
11734,33.96
11735,34.46
11736,34.56
11737,34.62
11738,34.74
11739,35.02
11740,35.17
11741,35.6
11742,35.98
11743,36.33
11744,36.25
11745,36.33
11746,36.33
11747,36.18
11748,35.94
11749,35.55
11750,35.17
11751,34.52
11752,33.71
11753,33.02
11754,32.72
11755,33.17
11756,33.39
11757,33.96
11758,34.85
11759,35.9
11760,37.41
11761,38.17
11762,38.65
11763,39.04
11764,39.5
11765,40.16
11766,40.3
11767,40.61
11768,41.05
11769,41.18
11770,41.39
11771,41.1
11772,40.32
11773,39.81
11774,39.02
11775,37.8
11776,37.07
11777,36.41
11778,35.97
11779,40.58
11780,37.64
11781,37.62
11782,33.7
11783,33.34
11784,36.62
11785,32.74
11786,32.27
11787,34.4
11788,31.0
11789,30.06
11790,34.23
11791,28.65
11792,29.44
11793,28.33
11794,28.5
11795,28.89
11796,29.44
11797,30.32
11798,30.72
11799,32.43
11800,31.85
11801,29.95
11802,30.77
11803,35.39
11804,30.9
11805,33.22
11806,35.84
11807,34.93
11808,36.02
11809,37.31
11810,36.68
11811,36.67
11812,36.54
11813,35.93
11814,36.11
11815,35.87
11816,37.74
11817,36.03
11818,37.16
11819,37.04
11820,35.66
11821,36.93
11822,34.42
11823,35.87
11824,37.3
11825,34.67
11826,36.26
11827,36.93
11828,36.21
11829,36.57
11830,36.73
11831,35.41
11832,36.02
11833,36.34
11834,37.17
11835,34.8
11836,34.84
11837,36.83
11838,36.47
11839,37.96
11840,39.15
11841,42.42
11842,38.56
11843,41.3
11844,47.33
11845,48.66
11846,48.26
11847,51.52
11848,46.03
11849,49.05
11850,53.98
11851,52.79
11852,55.17
11853,54.05
11854,56.68
11855,56.57
11856,57.05
11857,56.4
11858,56.51
11859,56.27
11860,56.25
11861,56.62
11862,58.02
11863,56.7
11864,57.47
11865,56.82
11866,57.97
11867,56.3
11868,56.09
11869,56.55
11870,58.29
11871,58.88
11872,58.54
11873,58.41
11874,57.87
11875,58.38
11876,58.14
11877,58.63
11878,60.02
11879,61.47
11880,60.86
11881,62.63
11882,63.29
11883,64.84
11884,65.47
11885,66.08
11886,68.11
11887,69.79
11888,72.56
11889,75.68
11890,78.90999999999998
11891,82.93
11892,86.34999999999998
11893,91.15
11894,96.62
11895,98.7
11896,105.06
11897,110.37
11898,111.4
11899,115.78
11900,123.59
11901,123.24
11902,131.08
11903,131.36
11904,141.07
11905,138.88
11906,141.03
11907,146.19
11908,139.66
11909,142.84
11910,152.22
11911,158.22
11912,155.46
11913,158.46
11914,168.75
11915,168.96
11916,171.97999999999996
11917,153.86
11918,149.97999999999996
11919,173.63
11920,174.07
11921,179.71
11922,183.88
11923,178.26
11924,164.63
11925,160.97
11926,163.41
11927,158.15
11928,162.79
11929,162.19
11930,169.99
11931,176.16
11932,176.81
11933,182.96
11934,186.04
11935,211.68
11936,194.12
11937,187.04
11938,171.6
11939,178.31
11940,166.44999999999996
11941,153.29
11942,155.46
11943,188.43
11944,196.71
11945,185.57
11946,155.63
11947,143.62
11948,127.84
11949,122.23
11950,122.77
11951,120.88
11952,109.82
11953,103.48
11954,102.98
11955,112.33
11956,113.48
11957,109.71
11958,102.98
11959,94.62
11960,78.54999999999998
11961,69.13
11962,65.98
11963,63.82
11964,64.15000000000002
11965,66.29
11966,61.83
11967,57.28
11968,56.75
11969,59.09
11970,63.17
11971,78.18999999999998
11972,94.74
11973,99.08
11974,98.76
11975,100.34
11976,103.8
11977,107.33
11978,102.73
11979,107.72
11980,101.87
11981,95.91
11982,90.48
11983,94.74
11984,92.54
11985,99.44
11986,104.28
11987,108.98
11988,119.51
11989,127.59
11990,127.03
11991,123.01
11992,139.23
11993,153.4
11994,158.5
11995,148.63
11996,139.49000000000004
11997,132.27
11998,135.51
11999,144.77
12000,139.65
12001,126.57
12002,109.14
12003,97.42
12004,86.76
12005,79.43999999999998
12006,77.26
12007,77.23
12008,75.04999999999998
12009,71.06
12010,67.87
12011,66.3
12012,63.26
12013,60.77
12014,61.19
12015,62.5
12016,62.57
12017,62.41
12018,63.1
12019,61.18
12020,60.42
12021,59.52
12022,57.41
12023,56.33
12024,55.7
12025,54.41
12026,55.42
12027,57.91
12028,59.94
12029,61.3
12030,61.06
12031,59.72
12032,58.61
12033,59.03
12034,58.19
12035,63.06
12036,66.02
12037,65.85
12038,66.03
12039,63.26
12040,60.94
12041,59.74
12042,62.45
12043,66.93
12044,71.55
12045,75.40999999999998
12046,76.17
12047,76.36
12048,78.71
12049,78.79
12050,80.62999999999998
12051,79.15
12052,79.51
12053,82.2
12054,94.95
12055,106.06
12056,99.75
12057,76.04
12058,61.58
12059,57.13
12060,57.6
12061,65.88
12062,79.17
12063,90.59
12064,96.28
12065,97.67
12066,100.1
12067,100.27
12068,104.67
12069,103.04
12070,104.09
12071,106.98
12072,108.98
12073,114.41
12074,117.64
12075,109.12
12076,89.93999999999998
12077,73.0
12078,62.85
12079,64.36
12080,70.2
12081,71.43
12082,63.8
12083,50.05
12084,43.42
12085,37.87
12086,35.94
12087,36.17
12088,35.18
12089,31.94
12090,28.97
12091,28.14
12092,30.05
12093,31.86
12094,32.25
12095,31.07
12096,29.89
12097,29.14
12098,27.88
12099,26.23
12100,25.3
12101,25.58
12102,27.53
12103,30.22
12104,31.11
12105,30.35
12106,28.6
12107,28.58
12108,30.43
12109,31.7
12110,32.3
12111,33.04
12112,33.79
12113,34.26
12114,35.35
12115,37.06
12116,36.67
12117,34.42
12118,33.32
12119,35.23
12120,38.08
12121,39.53
12122,39.04
12123,42.59
12124,48.11
12125,48.23
12126,47.8
12127,47.86
12128,50.93
12129,51.35
12130,50.24
12131,52.23
12132,54.21
12133,54.23
12134,54.0
12135,51.85
12136,50.28
12137,49.13
12138,47.26
12139,47.11
12140,50.57
12141,55.06
12142,54.57
12143,52.56
12144,52.28
12145,50.39
12146,48.77
12147,46.66
12148,49.76
12149,56.77
12150,58.92
12151,55.74
12152,53.28
12153,53.75
12154,56.9
12155,58.6
12156,55.78
12157,54.35
12158,54.24
12159,53.75
12160,54.37
12161,54.62
12162,54.7
12163,55.13
12164,57.59
12165,62.27
12166,66.78
12167,67.66
12168,68.3
12169,65.24
12170,57.26
12171,50.1
12172,46.42
12173,45.75
12174,46.87
12175,47.55
12176,47.95
12177,47.15
12178,46.48
12179,44.18
12180,41.79
12181,38.72
12182,35.31
12183,31.61
12184,27.12
12185,24.6
12186,22.72
12187,22.42
12188,22.65
12189,22.33
12190,21.8
12191,21.46
12192,21.05
12193,21.57
12194,22.7
12195,25.24
12196,28.45
12197,31.19
12198,33.41
12199,36.33
12200,38.74
12201,41.03
12202,43.06
12203,45.87
12204,48.81
12205,50.63
12206,49.55
12207,48.3
12208,46.78
12209,46.61
12210,50.75
12211,52.4
12212,56.11
12213,57.61
12214,58.16
12215,59.69
12216,61.32
12217,63.02
12218,64.65000000000002
12219,66.0
12220,65.85
12221,65.39
12222,63.59
12223,60.87
12224,60.01
12225,61.51
12226,63.16
12227,62.27
12228,57.87
12229,54.74
12230,56.88
12231,60.59
12232,60.64
12233,56.19
12234,52.61
12235,49.34
12236,50.78
12237,53.89
12238,52.86
12239,52.91
12240,52.63
12241,51.5
12242,50.39
12243,49.64
12244,49.35
12245,54.75
12246,53.64
12247,53.44
12248,54.02
12249,54.19
12250,55.2
12251,56.72
12252,55.77
12253,57.65
12254,58.89
12255,56.9
12256,57.32
12257,59.03
12258,55.01
12259,43.79
12260,42.66
12261,46.75
12262,55.9
12263,58.2
12264,59.21
12265,59.65
12266,59.92
12267,58.91
12268,58.68
12269,58.44
12270,57.84
12271,60.45
12272,59.65
12273,57.8
12274,56.72
12275,58.7
12276,61.02
12277,61.28
12278,63.18
12279,60.1
12280,60.84
12281,65.31
12282,63.78
12283,61.53
12284,60.98
12285,63.64
12286,66.82
12287,67.26000000000002
12288,69.66
12289,69.73
12290,64.15000000000002
12291,62.8
12292,63.28
12293,62.58
12294,62.28
12295,63.74
12296,63.34
12297,61.47
12298,57.41
12299,53.1
12300,49.97
12301,47.98
12302,48.76
12303,45.58
12304,41.45
12305,36.97
12306,34.52
12307,31.58
12308,30.34
12309,29.38
12310,27.6
12311,24.18
12312,22.57
12313,21.44
12314,21.05
12315,20.19
12316,19.42
12317,18.83
12318,18.16
12319,17.45
12320,16.85
12321,16.53
12322,16.5
12323,15.94
12324,15.51
12325,15.06
12326,14.69
12327,14.38
12328,14.32
12329,14.48
12330,14.69
12331,15.04
12332,15.4
12333,15.97
12334,16.7
12335,17.8
12336,19.01
12337,19.77
12338,20.68
12339,22.93
12340,25.54
12341,28.24
12342,31.08
12343,33.78
12344,36.13
12345,39.66
12346,44.9
12347,49.18
12348,53.43
12349,56.98
12350,59.08
12351,61.43
12352,63.99
12353,66.06
12354,66.8
12355,65.86
12356,65.01000000000002
12357,62.92
12358,59.52
12359,57.0
12360,52.75
12361,46.86
12362,46.92
12363,48.7
12364,48.84
12365,47.71
12366,48.49
12367,48.44
12368,45.17
12369,43.26
12370,42.78
12371,42.52
12372,41.49
12373,41.0
12374,40.69
12375,40.18
12376,41.07
12377,42.01
12378,40.91
12379,39.66
12380,38.36
12381,38.64
12382,41.63
12383,44.7
12384,47.46
12385,50.23
12386,49.9
12387,48.61
12388,48.13
12389,47.02
12390,46.87
12391,45.57
12392,45.35
12393,45.27
12394,45.37
12395,44.48
12396,42.85
12397,42.27
12398,41.21
12399,40.95
12400,41.26
12401,41.86
12402,43.21
12403,45.27
12404,46.39
12405,47.21
12406,48.88
12407,49.28
12408,50.65
12409,52.07
12410,53.94
12411,56.46
12412,58.8
12413,62.93
12414,66.33
12415,66.74
12416,66.72
12417,66.42
12418,67.01000000000002
12419,71.38
12420,77.32
12421,80.26999999999998
12422,86.84999999999998
12423,89.73999999999998
12424,87.98999999999998
12425,81.5
12426,77.56
12427,80.12999999999998
12428,84.53
12429,85.28
12430,84.79
12431,82.71
12432,76.11
12433,70.33
12434,66.91
12435,67.21
12436,68.12
12437,65.48
12438,63.85
12439,60.0
12440,56.69
12441,55.28
12442,51.16
12443,49.51
12444,48.39
12445,47.73
12446,46.46
12447,44.97
12448,42.98
12449,40.55
12450,38.34
12451,36.65
12452,35.05
12453,34.49
12454,34.28
12455,32.54
12456,30.43
12457,28.37
12458,27.56
12459,27.57
12460,27.47
12461,26.44
12462,24.95
12463,24.54
12464,24.11
12465,23.7
12466,23.33
12467,23.03
12468,23.15
12469,23.32
12470,23.15
12471,22.93
12472,22.97
12473,23.55
12474,24.48
12475,25.08
12476,25.31
12477,26.42
12478,28.59
12479,30.83
12480,33.09
12481,35.78
12482,39.61
12483,43.35
12484,46.59
12485,50.61
12486,54.89
12487,59.31
12488,65.22
12489,69.54
12490,70.29
12491,71.06
12492,71.93
12493,74.18999999999998
12494,76.09999999999998
12495,82.67
12496,71.58
12497,76.18999999999998
12498,85.82
12499,89.98999999999998
12500,100.01
12501,95.81
12502,93.52
12503,91.74
12504,90.67
12505,85.08
12506,83.17
12507,85.67
12508,83.95
12509,80.36
12510,81.37999999999998
12511,78.39
12512,79.0
12513,81.39
12514,82.72
12515,88.78
12516,92.76
12517,90.24
12518,87.83
12519,84.57
12520,79.57
12521,79.47
12522,96.38
12523,113.7
12524,117.96
12525,119.2
12526,115.18
12527,112.8
12528,106.64
12529,100.8
12530,103.48
12531,103.03
12532,101.95
12533,99.73
12534,87.76999999999998
12535,81.37
12536,72.58
12537,62.33
12538,60.9
12539,62.14
12540,63.77
12541,59.8
12542,57.51
12543,55.27
12544,54.81
12545,55.27
12546,55.71
12547,54.98
12548,54.76
12549,55.61
12550,56.3
12551,58.06
12552,59.01
12553,59.9
12554,60.19
12555,59.81
12556,65.61
12557,70.26000000000002
12558,71.15000000000002
12559,71.52
12560,74.56
12561,83.28
12562,86.17
12563,90.38
12564,87.61
12565,79.87999999999998
12566,76.90999999999998
12567,81.2
12568,92.66
12569,96.9
12570,94.58
12571,87.01
12572,83.61
12573,84.43999999999998
12574,91.51
12575,97.52
12576,97.15
12577,91.73
12578,99.14
12579,102.99
12580,104.43
12581,106.52
12582,115.16
12583,129.61
12584,125.16
12585,113.07
12586,107.47
12587,109.09
12588,104.41
12589,97.01
12590,96.5
12591,92.18
12592,96.18
12593,111.35
12594,112.58
12595,107.3
12596,106.25
12597,100.7
12598,95.39
12599,89.4
12600,87.15
12601,85.48
12602,81.58
12603,76.03
12604,74.0
12605,72.25
12606,60.93
12607,52.39
12608,48.15
12609,49.11
12610,49.04
12611,47.55
12612,45.59
12613,44.75
12614,43.07
12615,41.74
12616,39.8
12617,39.89
12618,40.29
12619,42.8
12620,44.35
12621,45.59
12622,46.4
12623,47.3
12624,48.16
12625,47.71
12626,48.35
12627,50.81
12628,53.67
12629,53.4
12630,54.15
12631,52.36
12632,53.53
12633,58.8
12634,63.0
12635,65.01000000000002
12636,65.72
12637,64.5
12638,64.48
12639,67.06
12640,70.14
12641,72.75
12642,77.0
12643,79.68
12644,82.40999999999998
12645,86.54
12646,91.83
12647,95.32
12648,101.16
12649,105.19
12650,101.7
12651,98.03
12652,96.33
12653,94.23
12654,97.59
12655,114.7
12656,121.79
12657,122.28
12658,127.35
12659,132.08
12660,119.1
12661,109.47
12662,109.46
12663,110.9
12664,111.74
12665,111.9
12666,109.7
12667,101.18
12668,91.32
12669,88.15
12670,89.12
12671,92.75
12672,86.12999999999998
12673,84.31
12674,84.22
12675,86.37999999999998
12676,87.62999999999998
12677,86.92
12678,82.82
12679,79.76999999999998
12680,77.84999999999998
12681,76.72
12682,76.62999999999998
12683,76.40999999999998
12684,76.75
12685,77.32
12686,77.40999999999998
12687,72.95
12688,72.18999999999998
12689,72.11
12690,72.93999999999998
12691,73.26999999999998
12692,78.26
12693,81.17
12694,78.89
12695,80.79
12696,82.34
12697,77.65
12698,72.05
12699,69.39
12700,65.38
12701,60.62
12702,59.31
12703,61.5
12704,58.34
12705,50.44
12706,46.07
12707,42.5
12708,40.42
12709,40.04
12710,40.3
12711,40.49
12712,43.45
12713,48.51
12714,52.13
12715,59.07
12716,65.91
12717,73.2
12718,82.04
12719,91.2
12720,100.48
12721,106.09
12722,115.98
12723,124.11000000000003
12724,123.59
12725,122.58
12726,137.48
12727,137.11
12728,124.14
12729,124.89
12730,144.79
12731,133.93
12732,118.54
12733,103.17
12734,98.55
12735,81.47
12736,77.0
12737,77.09
12738,72.57
12739,66.97
12740,69.41
12741,63.9
12742,59.78
12743,54.44
12744,50.3
12745,47.63
12746,48.06
12747,50.26
12748,52.08
12749,51.96
12750,51.71
12751,52.06
12752,55.22
12753,57.08
12754,58.72
12755,67.81
12756,75.33
12757,80.59999999999998
12758,79.42
12759,77.86
12760,73.51
12761,69.18
12762,66.09
12763,65.37
12764,63.42
12765,62.34
12766,67.65000000000002
12767,67.71
12768,66.5
12769,60.17
12770,57.79
12771,54.09
12772,54.66
12773,56.55
12774,57.35
12775,59.8
12776,60.35
12777,57.37
12778,50.51
12779,46.6
12780,46.11
12781,45.89
12782,48.81
12783,51.42
12784,51.68
12785,50.81
12786,52.11
12787,50.33
12788,48.8
12789,47.53
12790,45.84
12791,47.29
12792,46.78
12793,47.4
12794,46.24
12795,45.94
12796,45.64
12797,45.34
12798,44.99
12799,44.74
12800,44.01
12801,44.69
12802,49.24
12803,46.08
12804,43.64
12805,45.61
12806,47.6
12807,48.93
12808,49.23
12809,48.36
12810,48.6
12811,50.12
12812,50.23
12813,45.87
12814,42.46
12815,41.45
12816,41.14
12817,39.05
12818,39.49
12819,41.84
12820,44.38
12821,43.85
12822,42.13
12823,40.59
12824,38.68
12825,39.42
12826,41.54
12827,41.42
12828,39.48
12829,37.91
12830,36.62
12831,34.56
12832,32.21
12833,32.5
12834,32.12
12835,30.85
12836,28.63
12837,27.92
12838,27.68
12839,28.0
12840,29.57
12841,30.59
12842,31.39
12843,32.33
12844,34.89
12845,38.76
12846,41.37
12847,45.97
12848,48.8
12849,49.73
12850,46.83
12851,44.3
12852,45.03
12853,46.5
12854,45.17
12855,45.14
12856,44.95
12857,45.17
12858,44.08
12859,41.3
12860,39.43
12861,36.61
12862,32.94
12863,30.95
12864,29.27
12865,28.16
12866,27.39
12867,26.19
12868,24.66
12869,23.14
12870,21.95
12871,20.79
12872,20.78
12873,21.7
12874,23.15
12875,25.58
12876,28.88
12877,33.42
12878,35.88
12879,41.17
12880,44.15
12881,46.81
12882,50.26
12883,53.62
12884,56.34
12885,61.0
12886,60.26
12887,54.6
12888,50.86
12889,51.5
12890,58.06
12891,60.91
12892,64.88
12893,63.57
12894,61.12
12895,59.04
12896,64.71
12897,69.42
12898,70.13
12899,66.55
12900,60.6
12901,54.71
12902,57.66
12903,65.09
12904,71.58
12905,68.31
12906,62.84
12907,52.39
12908,48.45
12909,46.12
12910,49.36
12911,39.84
12912,32.34
12913,30.31
12914,31.83
12915,37.47
12916,42.1
12917,48.8
12918,63.88
12919,73.5
12920,75.4
12921,77.04999999999998
12922,80.23
12923,92.74
12924,101.56
12925,115.87
12926,122.47
12927,133.08
12928,132.08
12929,138.33
12930,148.69999999999996
12931,162.01
12932,163.24
12933,179.28
12934,172.07
12935,197.64
12936,188.59
12937,184.62
12938,158.31
12939,153.78
12940,167.15
12941,174.72
12942,171.42
12943,156.25
12944,154.87
12945,147.08
12946,134.3
12947,127.8
12948,129.61
12949,128.8
12950,122.7
12951,113.98
12952,108.73
12953,103.3
12954,99.67
12955,96.02
12956,92.6
12957,87.4
12958,71.03
12959,61.93
12960,56.35
12961,52.12
12962,50.86
12963,50.92
12964,49.95
12965,46.79
12966,39.88
12967,36.68
12968,38.31
12969,46.57
12970,58.41
12971,65.49
12972,72.23
12973,75.89
12974,82.64
12975,85.68
12976,89.29999999999998
12977,90.1
12978,81.76999999999998
12979,73.48
12980,78.07
12981,73.92
12982,67.47
12983,58.6
12984,51.52
12985,43.61
12986,34.58
12987,26.7
12988,21.9
12989,24.96
12990,25.63
12991,22.13
12992,20.33
12993,21.49
12994,25.7
12995,31.47
12996,41.99
12997,50.71
12998,58.5
12999,67.7
13000,72.12999999999998
13001,78.68999999999998
13002,82.36
13003,92.8
13004,101.79
13005,107.02
13006,117.74
13007,116.97
13008,124.25
13009,135.55
13010,142.55
13011,140.04
13012,151.43
13013,144.05
13014,151.16
13015,171.09
13016,178.54
13017,188.33
13018,181.7
13019,168.77
13020,186.41
13021,187.62
13022,189.34
13023,182.54
13024,172.12
13025,172.24
13026,176.11
13027,168.06
13028,168.24
13029,160.09
13030,155.85
13031,129.5
13032,99.69
13033,83.93999999999998
13034,75.62999999999998
13035,80.5
13036,95.6
13037,91.61000000000001
13038,92.32
13039,94.72
13040,92.36000000000003
13041,95.92
13042,100.85
13043,106.28
13044,114.17
13045,124.79
13046,126.43
13047,129.89
13048,133.55
13049,139.83
13050,136.05
13051,147.11
13052,159.28
13053,174.16
13054,172.79
13055,152.44
13056,134.61
13057,119.66
13058,114.05
13059,123.1
13060,141.26
13061,151.68
13062,160.3
13063,169.43
13064,168.44
13065,149.67
13066,141.6
13067,155.4
13068,157.22
13069,145.75
13070,137.82
13071,134.31
13072,146.21
13073,153.08
13074,120.28
13075,164.63
13076,173.35
13077,168.67
13078,159.68
13079,150.11
13080,152.22999999999996
13081,171.61
13082,211.56
13083,241.82
13084,226.92
13085,210.52
13086,206.31
13087,214.68
13088,182.92
13089,185.06
13090,203.95
13091,216.29
13092,256.28
13093,304.95
13094,340.54
13095,368.83
13096,341.33
13097,233.58
13098,173.5
13099,171.99
13100,193.37
13101,203.31
13102,221.15
13103,196.58
13104,152.67
13105,108.42
13106,73.45
13107,60.29
13108,62.4
13109,64.87
13110,76.98999999999998
13111,97.54
13112,158.13
13113,194.49
13114,198.75
13115,133.44
13116,129.8
13117,135.55
13118,177.06
13119,147.29
13120,135.86
13121,164.58
13122,162.35
13123,164.29
13124,147.22
13125,120.16
13126,112.24
13127,140.53
13128,170.46
13129,120.77
13130,46.88
13131,31.54
13132,60.05
13133,128.99000000000004
13134,137.1
13135,133.96
13136,126.49
13137,108.75
13138,90.44
13139,83.18999999999998
13140,80.71
13141,69.5
13142,60.22
13143,57.79
13144,56.06
13145,56.0
13146,55.49
13147,54.33
13148,53.05
13149,50.59
13150,48.41
13151,44.83
13152,43.28
13153,44.56
13154,48.5
13155,55.99
13156,59.34
13157,62.87
13158,65.65000000000002
13159,65.21
13160,68.17
13161,74.04999999999998
13162,76.04999999999998
13163,74.65
13164,72.61
13165,67.51000000000002
13166,61.11
13167,54.72
13168,52.18
13169,46.35
13170,44.34
13171,41.85
13172,42.14
13173,44.2
13174,49.12
13175,53.48
13176,57.81
13177,62.5
13178,62.03
13179,59.52
13180,60.15
13181,59.46
13182,60.13
13183,60.15
13184,60.39
13185,60.72
13186,59.61
13187,62.54
13188,67.7
13189,77.18999999999998
13190,83.82
13191,89.62
13192,100.4
13193,121.87
13194,139.53
13195,134.88
13196,130.94
13197,130.01
13198,125.1
13199,125.2
13200,121.68
13201,118.64
13202,116.97
13203,105.21
13204,99.44
13205,101.38
13206,100.49
13207,102.7
13208,106.8
13209,120.04
13210,128.5
13211,126.19
13212,120.6
13213,132.09
13214,145.26
13215,156.52
13216,146.04
13217,137.98
13218,126.29
13219,130.03
13220,140.17
13221,150.84
13222,168.41
13223,186.1
13224,212.61
13225,224.29
13226,198.05
13227,174.94
13228,164.47999999999996
13229,168.3
13230,184.46
13231,203.5
13232,224.65
13233,218.54
13234,188.66
13235,212.98
13236,196.44
13237,193.61
13238,194.71
13239,195.79
13240,176.89
13241,170.47
13242,205.03
13243,209.78
13244,191.53
13245,175.14
13246,159.78
13247,149.34
13248,154.14
13249,180.73
13250,221.39
13251,275.49
13252,295.71
13253,127.14
13254,97.58
13255,131.8
13256,184.43
13257,163.44
13258,142.4
13259,134.8
13260,123.15
13261,127.11000000000003
13262,109.31
13263,84.81
13264,72.22
13265,61.51
13266,56.39
13267,48.35
13268,43.32
13269,39.47
13270,31.8
13271,23.49
13272,19.15
13273,20.39
13274,26.29
13275,30.57
13276,35.32
13277,49.39
13278,71.8
13279,90.49
13280,99.4
13281,109.3
13282,132.57
13283,120.16
13284,119.16
13285,124.92
13286,127.19
13287,128.1
13288,133.25
13289,134.25
13290,131.5
13291,140.5
13292,140.51
13293,141.47
13294,172.59
13295,199.62
13296,225.52
13297,203.92
13298,186.02
13299,179.03
13300,180.84
13301,155.94999999999996
13302,163.82
13303,172.81
13304,186.33
13305,182.45
13306,157.18
13307,131.97
13308,132.18
13309,125.74
13310,120.33
13311,118.73
13312,109.26
13313,108.22
13314,104.24
13315,101.36000000000001
13316,94.86000000000003
13317,82.97
13318,73.31
13319,70.19
13320,71.58
13321,78.87999999999998
13322,87.59
13323,88.04999999999998
13324,88.73
13325,88.5
13326,86.08
13327,86.29999999999998
13328,83.18999999999998
13329,79.89
13330,80.17
13331,81.12999999999998
13332,76.73
13333,74.87999999999998
13334,75.22
13335,77.7
13336,77.64
13337,80.47
13338,86.37999999999998
13339,88.71
13340,91.71
13341,121.65
13342,138.76
13343,152.63
13344,152.46
13345,162.72
13346,198.06
13347,226.68
13348,277.19
13349,301.52
13350,230.92
13351,190.03
13352,182.5
13353,212.67
13354,307.64
13355,361.57
13356,363.99
13357,340.18
13358,386.51
13359,476.99
13360,503.94
13361,523.74
13362,514.49
13363,505.24
13364,495.99
13365,502.63
13366,385.15
13367,283.49
13368,208.1
13369,188.2
13370,189.4
13371,196.16
13372,217.87
13373,234.09
13374,217.61
13375,216.66
13376,172.29
13377,119.45
13378,125.86000000000003
13379,180.35
13380,282.45
13381,383.71
13382,353.0
13383,302.51
13384,249.6
13385,193.73
13386,132.75
13387,111.34
13388,116.8
13389,142.19
13390,161.19
13391,154.03
13392,155.17
13393,161.89
13394,125.74
13395,95.28
13396,82.54
13397,80.84
13398,98.18
13399,123.84
13400,125.46
13401,117.04
13402,92.58
13403,80.59
13404,84.32
13405,103.5
13406,112.96
13407,110.78
13408,97.42
13409,92.26
13410,89.51999999999998
13411,91.93
13412,89.73
13413,85.92
13414,88.17
13415,101.88
13416,110.3
13417,114.12
13418,87.2
13419,69.64
13420,63.68
13421,72.73999999999998
13422,84.89
13423,88.7
13424,89.23
13425,87.26999999999998
13426,84.82
13427,80.34
13428,80.81
13429,80.28
13430,77.56
13431,75.17
13432,75.59
13433,77.28
13434,81.65999999999998
13435,85.92
13436,84.48999999999998
13437,81.15
13438,76.37
13439,78.06
13440,83.45
13441,82.95
13442,83.51
13443,86.62
13444,82.81
13445,79.98
13446,74.40999999999998
13447,73.39
13448,75.25
13449,77.87
13450,79.0
13451,78.15
13452,70.17
13453,64.65000000000002
13454,68.57
13455,79.28
13456,81.93999999999998
13457,78.01999999999998
13458,71.5
13459,69.98
13460,69.51000000000002
13461,72.79999999999998
13462,77.47
13463,80.59
13464,79.92
13465,78.32
13466,79.06
13467,78.22
13468,77.5
13469,78.48999999999998
13470,88.71
13471,98.23
13472,112.12
13473,112.99
13474,111.78
13475,107.84
13476,114.97
13477,117.72
13478,111.02
13479,118.57
13480,132.82
13481,142.75
13482,154.29
13483,187.27
13484,238.18
13485,310.06
13486,341.25
13487,312.83
13488,201.77
13489,163.19999999999996
13490,171.11
13491,246.53
13492,303.01
13493,320.12
13494,315.02
13495,308.87
13496,225.95
13497,205.46
13498,201.63
13499,173.79
13500,171.05
13501,174.47
13502,188.59
13503,184.28
13504,156.65
13505,142.42
13506,139.95
13507,137.38
13508,138.54
13509,130.87
13510,130.97
13511,126.33
13512,127.3
13513,134.69
13514,144.53
13515,140.26
13516,129.02
13517,122.97
13518,115.69
13519,113.52
13520,116.49
13521,121.93
13522,117.61000000000003
13523,118.18
13524,121.75
13525,119.37
13526,117.73
13527,114.7
13528,110.94
13529,109.65
13530,112.07
13531,110.69
13532,109.42
13533,111.31
13534,113.22
13535,112.25
13536,118.97
13537,113.97
13538,106.29
13539,102.01
13540,100.51
13541,109.42
13542,112.62
13543,115.62
13544,107.38
13545,101.58
13546,107.62
13547,106.67
13548,103.08
13549,100.79
13550,105.9
13551,108.94
13552,108.08
13553,108.76
13554,106.75
13555,108.81
13556,104.15
13557,99.57
13558,99.9
13559,97.54
13560,97.39
13561,102.26
13562,109.6
13563,111.07
13564,105.78
13565,100.93
13566,86.61
13567,78.95
13568,81.17
13569,92.16
13570,105.53
13571,106.68
13572,99.61000000000003
13573,90.03
13574,83.07
13575,73.01
13576,74.51999999999998
13577,81.45
13578,89.07
13579,92.73
13580,85.68
13581,76.12999999999998
13582,72.71
13583,73.76999999999998
13584,70.25
13585,69.24
13586,70.32
13587,78.22
13588,86.18999999999998
13589,86.87
13590,84.62
13591,81.83
13592,79.32
13593,80.14
13594,76.01999999999998
13595,72.02
13596,74.95
13597,83.39
13598,94.86000000000003
13599,94.43
13600,89.51999999999998
13601,82.68
13602,76.87
13603,68.83
13604,72.54
13605,80.64
13606,83.87
13607,83.90999999999998
13608,77.97
13609,78.87999999999998
13610,74.2
13611,68.77
13612,68.01000000000002
13613,68.32
13614,68.08
13615,69.0
13616,67.82
13617,66.0
13618,63.16
13619,57.68
13620,55.24
13621,51.45
13622,51.68
13623,52.33
13624,52.73
13625,52.39
13626,50.76
13627,47.76
13628,45.51
13629,45.58
13630,45.65
13631,44.72
13632,43.89
13633,44.42
13634,45.28
13635,44.11
13636,42.21
13637,40.33
13638,40.69
13639,41.5
13640,43.65
13641,47.24
13642,49.52
13643,52.8
13644,56.62
13645,60.62
13646,65.37
13647,72.5
13648,78.86
13649,84.17
13650,88.51999999999998
13651,89.26999999999998
13652,90.03
13653,93.75
13654,100.55
13655,109.67
13656,114.01
13657,112.01
13658,107.13
13659,96.74
13660,91.48
13661,95.62
13662,107.58
13663,134.09
13664,140.73
13665,145.6
13666,137.58
13667,128.88
13668,116.29
13669,113.61000000000001
13670,116.77
13671,123.04
13672,127.93
13673,133.84
13674,124.34
13675,118.74
13676,118.63
13677,118.3
13678,114.37
13679,121.99
13680,133.31
13681,140.44
13682,141.15
13683,133.09
13684,116.72
13685,104.99
13686,100.58
13687,99.06
13688,94.01
13689,92.03
13690,90.08
13691,91.76
13692,99.37
13693,105.16
13694,107.27
13695,109.18
13696,108.5
13697,104.46
13698,102.54
13699,99.8
13700,102.32
13701,104.24
13702,106.79
13703,103.2
13704,92.41
13705,83.67
13706,78.40999999999998
13707,79.21
13708,79.34
13709,75.17
13710,66.3
13711,61.62
13712,58.41
13713,55.69
13714,52.25
13715,50.0
13716,48.19
13717,46.87
13718,43.68
13719,41.21
13720,39.47
13721,39.03
13722,37.99
13723,37.45
13724,37.98
13725,39.05
13726,39.17
13727,38.66
13728,39.14
13729,40.6
13730,42.72
13731,44.53
13732,47.85
13733,48.78
13734,51.04
13735,51.39
13736,49.78
13737,49.74
13738,49.74
13739,51.46
13740,52.51
13741,54.18
13742,59.16
13743,66.1
13744,71.07
13745,74.64
13746,79.48999999999998
13747,78.34
13748,76.43
13749,75.73999999999998
13750,80.48
13751,95.53
13752,104.29
13753,113.54
13754,114.69
13755,121.34
13756,91.3
13757,67.48
13758,70.54
13759,84.92
13760,100.12
13761,90.34
13762,80.53
13763,67.48
13764,56.18
13765,50.45
13766,44.69
13767,37.77
13768,32.21
13769,26.02
13770,21.96
13771,17.85
13772,15.27
13773,13.34
13774,12.27
13775,11.43
13776,11.1
13777,11.06
13778,11.39
13779,12.05
13780,13.420000000000003
13781,15.0
13782,16.6
13783,18.25
13784,20.06
13785,22.32
13786,24.92
13787,27.61
13788,29.93
13789,31.63
13790,33.66
13791,35.61
13792,37.0
13793,38.27
13794,38.92
13795,38.9
13796,39.35
13797,38.08
13798,36.44
13799,39.05
13800,45.81
13801,53.96
13802,58.27
13803,64.09
13804,71.86
13805,83.73
13806,92.67
13807,97.17
13808,100.46
13809,97.83
13810,92.17
13811,87.26
13812,84.04
13813,80.34
13814,77.73999999999998
13815,74.31
13816,68.27
13817,61.64
13818,57.51
13819,50.51
13820,44.16
13821,39.43
13822,35.83
13823,33.85
13824,32.81
13825,32.27
13826,32.95
13827,33.97
13828,36.81
13829,41.18
13830,46.64
13831,51.94
13832,58.01
13833,65.99
13834,74.72
13835,83.87
13836,98.33
13837,113.59
13838,126.78
13839,137.14
13840,160.12
13841,174.27
13842,185.44
13843,195.54
13844,199.56
13845,195.83
13846,191.72
13847,191.56
13848,199.03
13849,207.47
13850,235.57
13851,225.5
13852,237.67
13853,235.99
13854,213.58
13855,214.78
13856,226.37
13857,243.0
13858,246.77
13859,245.35
13860,246.37
13861,233.11
13862,222.79
13863,218.64
13864,215.26
13865,230.24
13866,242.52
13867,230.87
13868,283.13
13869,234.04
13870,221.02
13871,220.65
13872,235.06
13873,229.85
13874,214.0
13875,217.41
13876,203.1
13877,196.75
13878,165.03
13879,156.16
13880,166.89
13881,173.74
13882,179.22999999999996
13883,186.24
13884,197.63
13885,182.99
13886,204.03
13887,185.21
13888,178.37
13889,164.81
13890,175.6
13891,184.78
13892,195.19
13893,208.36
13894,193.59
13895,181.7
13896,170.9
13897,152.96
13898,146.41
13899,142.83
13900,157.07
13901,167.43
13902,182.35
13903,175.22999999999996
13904,177.49
13905,161.69999999999996
13906,150.69999999999996
13907,139.12
13908,129.24000000000004
13909,131.47
13910,129.56
13911,128.9
13912,125.44
13913,119.75
13914,109.57
13915,96.22
13916,92.1
13917,90.76
13918,91.51
13919,96.86000000000003
13920,99.12
13921,104.09
13922,103.92
13923,100.99
13924,97.66
13925,92.86000000000003
13926,90.58
13927,89.92
13928,98.11000000000003
13929,106.0
13930,108.37
13931,96.61000000000003
13932,116.69
13933,118.71
13934,116.01
13935,116.82
13936,110.81
13937,108.82
13938,102.82
13939,107.41
13940,107.83
13941,113.76
13942,119.54
13943,121.45
13944,112.9
13945,111.89
13946,105.89
13947,104.69
13948,108.2
13949,115.92
13950,126.43
13951,126.91
13952,122.64
13953,129.85
13954,123.54
13955,118.29
13956,118.78
13957,120.96
13958,129.72
13959,137.92
13960,148.12
13961,136.78
13962,127.51
13963,117.4
13964,109.57
13965,108.01
13966,106.54
13967,111.83
13968,118.03
13969,121.13
13970,117.87
13971,115.04
13972,101.32
13973,89.86
13974,88.37
13975,84.65999999999998
13976,77.82
13977,73.83
13978,62.63
13979,53.16
13980,48.81
13981,41.41
13982,36.73
13983,33.87
13984,33.25
13985,33.47
13986,34.25
13987,34.4
13988,34.83
13989,34.95
13990,37.54
13991,45.49
13992,51.96
13993,59.24
13994,64.37
13995,69.94
13996,78.07
13997,81.07
13998,80.32
13999,80.04
14000,80.06
14001,80.34999999999998
14002,81.53
14003,83.92
14004,90.5
14005,100.98
14006,115.16
14007,121.27
14008,120.69
14009,125.75
14010,132.04
14011,143.05
14012,163.49
14013,190.22
14014,216.65
14015,217.74
14016,213.29
14017,202.09
14018,181.18
14019,185.84
14020,179.34
14021,195.55
14022,204.22
14023,224.75
14024,239.51
14025,211.66
14026,200.42
14027,200.28
14028,182.85
14029,180.65
14030,191.85
14031,201.93
14032,219.23
14033,203.49
14034,189.26
14035,170.55
14036,149.19
14037,136.88
14038,132.27
14039,124.68
14040,121.44
14041,118.15
14042,109.34
14043,101.24
14044,85.59
14045,82.34
14046,79.90999999999998
14047,77.82
14048,82.86
14049,87.79999999999998
14050,96.89
14051,102.28
14052,109.88
14053,112.18
14054,121.99
14055,118.1
14056,116.26
14057,111.58
14058,112.18
14059,118.81
14060,129.27
14061,138.56
14062,144.09
14063,146.96
14064,149.14
14065,134.73
14066,138.26
14067,121.67
14068,111.64
14069,109.5
14070,113.6
14071,113.86000000000001
14072,111.63
14073,108.34
14074,103.84
14075,100.79
14076,99.4
14077,97.7
14078,97.57
14079,98.96
14080,104.79
14081,107.93
14082,109.86000000000001
14083,113.8
14084,116.87
14085,114.45
14086,106.91
14087,98.5
14088,91.81
14089,85.92
14090,84.96
14091,83.93999999999998
14092,79.78
14093,80.01
14094,76.64
14095,76.5
14096,72.67
14097,74.15999999999998
14098,72.08
14099,73.32
14100,75.79999999999998
14101,78.22
14102,80.09999999999998
14103,80.01999999999998
14104,79.33
14105,74.84
14106,73.93999999999998
14107,66.56
14108,62.06
14109,56.79
14110,52.02
14111,48.2
14112,38.14
14113,35.5
14114,28.05
14115,25.5
14116,22.54
14117,19.41
14118,18.27
14119,18.48
14120,19.66
14121,21.17
14122,22.45
14123,23.34
14124,24.11
14125,24.19
14126,24.07
14127,22.99
14128,21.65
14129,
14130,
14131,
14132,
14133,
14134,
14135,
14136,
14137,
14138,
14139,
14140,
14141,
14142,
14143,
14144,
14145,
14146,
14147,
14148,
14149,
14150,
14151,
14152,
14153,
14154,
14155,
14156,
14157,
14158,
14159,
14160,
14161,
14162,
14163,
14164,
14165,
14166,
14167,
14168,
14169,
14170,
14171,
14172,
14173,
14174,
14175,
14176,
14177,
14178,
14179,
14180,
14181,
14182,
14183,
14184,
14185,
14186,
14187,
14188,
14189,
14190,
14191,
14192,
14193,
14194,
14195,
14196,
14197,
14198,
14199,
14200,
14201,
14202,
14203,
14204,
14205,
14206,
14207,
14208,
14209,
14210,
14211,
14212,
14213,
14214,
14215,
14216,
14217,
14218,
14219,
14220,
14221,
14222,
14223,
14224,
14225,
14226,
14227,
14228,
14229,
14230,
14231,
14232,
14233,
14234,
14235,
14236,
14237,
14238,
14239,
14240,
14241,
14242,
14243,
14244,
14245,
14246,
14247,
14248,
14249,
14250,
14251,
14252,
14253,
14254,
14255,
14256,
14257,
14258,
14259,
14260,
14261,
14262,
14263,
14264,
14265,
14266,
14267,
