0,
1,
2,
3,
4,
5,
6,
7,
8,
9,
10,
11,
12,
13,
14,
15,
16,
17,
18,
19,
20,
21,
22,
23,
24,
25,
26,
27,
28,
29,
30,
31,
32,
33,
34,
35,
36,
37,
38,
39,
40,
41,
42,
43,
44,
45,
46,
47,
48,
49,
50,
51,
52,
53,
54,
55,
56,
57,
58,
59,
60,
61,
62,
63,
64,
65,
66,
67,
68,
69,
70,
71,
72,0.13
73,0.13
74,0.13
75,0.13
76,0.13
77,0.14
78,0.14
79,0.15
80,0.14
81,0.14
82,0.15
83,0.15
84,0.2
85,0.19
86,0.18
87,0.16
88,0.19
89,0.44
90,0.96
91,1.48
92,2.01
93,2.53
94,3.05
95,3.58
96,4.1
97,4.62
98,4.93
99,3.19
100,2.03
101,1.91
102,1.88
103,1.95
104,2.08
105,2.06
106,1.81
107,1.5
108,1.53
109,1.9
110,2.18
111,2.41
112,2.53
113,2.62
114,2.63
115,2.62
116,2.73
117,2.6
118,2.22
119,1.86
120,1.67
121,1.64
122,1.68
123,1.76
124,1.74
125,1.72
126,1.73
127,1.74
128,1.66
129,1.52
130,1.46
131,1.43
132,1.47
133,1.54
134,1.52
135,1.43
136,1.39
137,1.47
138,1.55
139,1.56
140,1.53
141,1.46
142,1.32
143,1.15
144,1.03
145,0.95
146,0.89
147,0.93
148,0.94
149,0.96
150,0.92
151,0.96
152,1.13
153,1.35
154,1.6
155,1.75
156,1.77
157,1.74
158,1.72
159,1.74
160,1.72
161,1.67
162,1.66
163,1.63
164,1.62
165,1.62
166,1.69
167,1.74
168,1.8
169,1.88
170,1.96
171,2.0
172,2.07
173,2.09
174,2.15
175,2.25
176,2.35
177,2.43
178,2.49
179,2.54
180,2.58
181,2.58
182,2.5
183,2.41
184,2.33
185,2.25
186,2.18
187,2.13
188,2.11
189,2.07
190,2.06
191,2.11
192,2.18
193,2.25
194,2.33
195,2.35
196,2.31
197,2.27
198,2.21
199,2.23
200,2.31
201,2.46
202,2.62
203,2.73
204,2.79
205,2.86
206,2.9
207,2.9
208,2.93
209,2.91
210,2.88
211,2.87
212,2.84
213,2.82
214,2.75
215,2.67
216,2.64
217,2.53
218,2.51
219,2.49
220,2.47
221,2.45
222,2.43
223,2.38
224,2.37
225,2.38
226,2.36
227,2.31
228,2.2
229,2.01
230,1.99
231,1.97
232,1.98
233,1.98
234,1.9
235,1.9
236,1.82
237,1.74
238,1.72
239,1.74
240,1.81
241,1.87
242,1.89
243,1.92
244,1.96
245,1.93
246,1.89
247,1.9
248,1.94
249,1.98
250,2.0
251,1.96
252,1.9
253,1.86
254,1.78
255,1.67
256,1.57
257,1.54
258,1.54
259,1.6
260,1.64
261,1.68
262,1.72
263,1.72
264,1.71
265,1.67
266,1.66
267,1.64
268,1.62
269,1.6
270,1.59
271,1.57
272,1.58
273,1.6
274,1.61
275,1.63
276,1.66
277,1.71
278,1.73
279,1.71
280,1.65
281,1.54
282,1.45
283,1.4
284,1.35
285,1.37
286,1.44
287,1.55
288,1.65
289,1.72
290,1.81
291,1.93
292,2.09
293,2.2
294,2.27
295,2.26
296,2.19
297,2.2
298,2.16
299,2.13
300,2.05
301,1.99
302,1.91
303,1.81
304,1.82
305,1.93
306,2.09
307,2.14
308,2.07
309,1.95
310,1.82
311,1.68
312,1.56
313,1.54
314,1.46
315,1.47
316,1.59
317,1.68
318,1.82
319,1.84
320,1.88
321,1.92
322,1.91
323,1.88
324,1.82
325,1.77
326,1.78
327,1.8
328,1.79
329,1.79
330,1.81
331,1.83
332,1.92
333,1.99
334,2.15
335,2.21
336,2.29
337,2.22
338,2.13
339,2.07
340,2.09
341,2.15
342,2.17
343,2.12
344,2.14
345,2.16
346,2.15
347,2.1
348,1.96
349,1.84
350,1.77
351,1.75
352,1.8
353,1.92
354,2.05
355,2.11
356,2.13
357,2.09
358,2.07
359,2.02
360,1.94
361,1.85
362,1.82
363,1.89
364,1.96
365,2.0
366,2.0
367,2.03
368,2.05
369,2.03
370,1.98
371,1.96
372,1.93
373,1.92
374,1.89
375,1.86
376,1.88
377,1.86
378,1.82
379,1.78
380,1.79
381,1.77
382,1.76
383,1.77
384,1.8
385,1.82
386,1.9
387,2.04
388,2.17
389,2.28
390,2.35
391,2.35
392,2.33
393,2.34
394,2.34
395,2.22
396,2.09
397,1.94
398,1.83
399,1.75
400,1.71
401,1.68
402,1.66
403,1.62
404,1.59
405,1.57
406,1.56
407,1.52
408,1.51
409,1.49
410,1.49
411,1.49
412,1.55
413,1.61
414,1.71
415,1.95
416,2.05
417,2.15
418,2.27
419,2.35
420,2.4
421,2.45
422,2.38
423,2.28
424,2.19
425,2.11
426,2.07
427,2.03
428,1.98
429,1.96
430,2.04
431,2.15
432,2.28
433,2.41
434,2.51
435,2.58
436,2.61
437,2.57
438,2.54
439,2.54
440,2.49
441,2.47
442,2.42
443,2.41
444,2.36
445,2.38
446,2.36
447,2.35
448,2.31
449,2.24
450,2.2
451,2.17
452,2.17
453,2.19
454,2.17
455,2.1
456,2.01
457,1.97
458,1.94
459,1.93
460,1.91
461,1.9
462,1.86
463,1.84
464,1.82
465,1.86
466,1.87
467,1.85
468,1.81
469,1.76
470,1.72
471,1.72
472,1.74
473,1.8
474,1.89
475,1.98
476,2.02
477,2.1
478,2.2
479,2.23
480,2.26
481,2.31
482,2.28
483,2.3
484,2.36
485,2.33
486,2.29
487,2.17
488,2.06
489,1.98
490,1.9
491,1.84
492,1.8
493,1.76
494,1.81
495,1.81
496,1.79
497,1.81
498,1.84
499,1.8
500,1.77
501,1.72
502,1.7
503,1.69
504,1.78
505,1.75
506,1.78
507,1.83
508,1.89
509,2.0
510,2.13
511,2.25
512,2.23
513,2.16
514,2.1
515,2.08
516,2.02
517,1.93
518,1.87
519,1.78
520,1.7
521,1.67
522,1.61
523,1.59
524,1.56
525,1.55
526,1.58
527,1.59
528,1.59
529,1.55
530,1.5
531,1.52
532,1.55
533,1.54
534,1.51
535,1.5
536,1.46
537,1.43
538,1.38
539,1.34
540,1.34
541,1.34
542,1.35
543,1.35
544,1.35
545,1.36
546,1.36
547,1.37
548,1.36
549,1.36
550,1.37
551,1.41
552,1.44
553,1.49
554,1.53
555,1.53
556,1.54
557,1.53
558,1.57
559,1.68
560,1.82
561,1.89
562,1.83
563,1.64
564,1.55
565,1.51
566,1.51
567,1.51
568,1.54
569,1.55
570,1.6
571,1.73
572,1.83
573,1.97
574,2.13
575,2.27
576,2.39
577,2.38
578,2.28
579,2.14
580,2.05
581,1.97
582,1.93
583,1.93
584,1.96
585,1.97
586,1.98
587,1.94
588,1.97
589,2.03
590,2.03
591,2.07
592,2.04
593,2.06
594,2.16
595,2.23
596,2.4
597,2.54
598,2.6
599,2.62
600,2.59
601,2.49
602,2.41
603,2.29
604,2.14
605,2.01
606,1.95
607,1.87
608,1.8
609,1.8
610,1.87
611,1.9
612,1.88
613,1.92
614,1.98
615,2.1
616,2.24
617,2.36
618,2.39
619,2.34
620,2.34
621,2.58
622,2.65
623,2.69
624,2.73
625,2.76
626,2.72
627,2.6
628,2.48
629,2.31
630,2.22
631,2.16
632,2.12
633,2.1
634,2.15
635,2.18
636,2.15
637,2.17
638,2.24
639,2.38
640,2.47
641,2.49
642,2.51
643,2.55
644,2.55
645,2.58
646,2.65
647,2.62
648,2.65
649,2.72
650,2.67
651,2.56
652,2.53
653,2.52
654,2.49
655,2.42
656,2.28
657,2.16
658,2.11
659,2.12
660,2.18
661,2.2
662,2.24
663,2.26
664,2.38
665,2.55
666,2.64
667,2.61
668,2.65
669,2.84
670,3.0
671,3.04
672,3.0
673,2.8
674,2.54
675,2.49
676,2.46
677,2.35
678,2.21
679,2.18
680,2.11
681,2.1
682,2.14
683,2.19
684,2.23
685,2.27
686,2.24
687,2.15
688,2.12
689,2.12
690,2.04
691,1.92
692,1.82
693,1.79
694,1.77
695,1.79
696,1.86
697,1.94
698,2.03
699,2.11
700,2.22
701,2.37
702,2.56
703,2.66
704,2.88
705,3.21
706,3.35
707,3.38
708,3.34
709,3.23
710,3.18
711,3.28
712,3.31
713,3.33
714,3.16
715,2.98
716,2.82
717,2.67
718,2.5
719,2.32
720,2.14
721,2.02
722,1.9
723,1.81
724,1.69
725,1.64
726,1.62
727,1.56
728,1.55
729,1.55
730,1.55
731,1.55
732,1.57
733,1.59
734,1.63
735,1.65
736,1.72
737,1.79
738,1.78
739,1.71
740,1.73
741,1.71
742,1.69
743,1.63
744,1.62
745,1.62
746,1.62
747,1.59
748,1.57
749,1.52
750,1.47
751,1.47
752,1.51
753,1.53
754,1.63
755,1.71
756,1.8
757,1.88
758,1.93
759,1.99
760,2.02
761,1.99
762,2.0
763,2.03
764,2.04
765,2.01
766,1.96
767,1.98
768,2.06
769,2.04
770,2.07
771,2.17
772,2.15
773,2.01
774,2.02
775,2.06
776,2.06
777,2.04
778,2.06
779,2.06
780,2.04
781,2.04
782,2.04
783,2.03
784,2.15
785,2.1
786,2.1
787,2.15
788,2.15
789,2.15
790,2.16
791,2.26
792,2.34
793,2.5
794,2.49
795,2.55
796,2.65
797,2.75
798,2.83
799,2.8
800,2.52
801,2.2
802,1.94
803,1.78
804,1.63
805,1.56
806,1.49
807,1.43
808,1.39
809,1.36
810,1.36
811,1.35
812,1.36
813,1.37
814,1.39
815,1.42
816,1.45
817,1.48
818,1.51
819,1.53
820,1.54
821,1.54
822,1.5
823,1.47
824,1.43
825,1.38
826,1.33
827,1.32
828,1.3
829,1.29
830,1.3
831,1.33
832,1.38
833,1.44
834,1.53
835,1.63
836,1.72
837,1.81
838,1.92
839,2.11
840,2.31
841,2.49
842,2.6
843,2.6
844,2.57
845,2.48
846,2.38
847,2.27
848,2.18
849,2.04
850,1.92
851,1.83
852,1.77
853,1.75
854,1.76
855,1.79
856,1.89
857,1.92
858,1.87
859,1.82
860,1.78
861,1.8
862,1.83
863,1.92
864,2.1
865,2.27
866,2.39
867,2.43
868,2.38
869,2.3
870,2.25
871,2.19
872,2.14
873,2.14
874,2.13
875,2.13
876,2.02
877,1.97
878,1.97
879,1.98
880,1.95
881,1.96
882,1.92
883,1.86
884,1.9
885,1.92
886,1.95
887,1.95
888,1.94
889,1.91
890,1.93
891,1.93
892,1.93
893,1.95
894,1.84
895,1.73
896,1.65
897,1.66
898,1.67
899,1.71
900,1.76
901,1.85
902,2.15
903,2.06
904,2.03
905,1.99
906,2.02
907,2.1
908,2.26
909,2.47
910,2.62
911,2.7
912,2.8
913,2.78
914,2.74
915,2.76
916,2.82
917,2.75
918,2.69
919,2.61
920,2.42
921,2.26
922,2.12
923,2.02
924,1.89
925,1.8
926,1.76
927,1.77
928,1.71
929,1.72
930,1.81
931,1.78
932,1.72
933,1.75
934,1.76
935,1.74
936,1.78
937,1.87
938,1.88
939,1.79
940,1.8
941,1.83
942,1.87
943,1.94
944,2.0
945,2.07
946,2.14
947,2.18
948,2.24
949,2.36
950,2.57
951,2.71
952,2.8
953,2.74
954,2.58
955,2.41
956,2.21
957,2.07
958,1.89
959,1.75
960,1.62
961,1.54
962,1.5
963,1.47
964,1.45
965,1.45
966,1.42
967,1.42
968,1.44
969,1.48
970,1.55
971,1.63
972,1.74
973,1.84
974,1.86
975,1.88
976,1.85
977,1.81
978,1.77
979,1.72
980,1.69
981,1.64
982,1.6
983,1.55
984,1.5
985,1.47
986,1.44
987,1.42
988,1.42
989,1.44
990,1.43
991,1.46
992,1.48
993,1.49
994,1.53
995,1.53
996,1.54
997,1.55
998,1.54
999,1.59
1000,1.6
1001,1.6
1002,1.6
1003,1.66
1004,1.72
1005,1.82
1006,1.95
1007,2.03
1008,2.0
1009,1.94
1010,1.92
1011,1.96
1012,2.02
1013,2.07
1014,2.11
1015,2.09
1016,2.06
1017,2.08
1018,2.09
1019,2.12
1020,2.18
1021,2.25
1022,2.3
1023,2.36
1024,2.37
1025,2.43
1026,2.44
1027,2.49
1028,2.45
1029,2.41
1030,2.41
1031,2.38
1032,2.36
1033,2.31
1034,2.24
1035,2.21
1036,2.1
1037,1.95
1038,1.87
1039,1.78
1040,1.7
1041,1.64
1042,1.59
1043,1.57
1044,1.55
1045,1.55
1046,1.55
1047,1.56
1048,1.56
1049,1.57
1050,1.58
1051,1.6
1052,1.6
1053,1.58
1054,1.55
1055,1.55
1056,1.55
1057,1.58
1058,1.65
1059,1.67
1060,1.7
1061,1.66
1062,1.64
1063,1.65
1064,1.64
1065,1.58
1066,1.52
1067,1.5
1068,1.51
1069,1.48
1070,1.47
1071,1.43
1072,1.42
1073,1.44
1074,1.47
1075,1.55
1076,1.62
1077,1.68
1078,1.8
1079,1.98
1080,2.24
1081,2.52
1082,3.0
1083,3.48
1084,4.05
1085,4.24
1086,4.07
1087,3.93
1088,3.77
1089,3.76
1090,3.61
1091,3.27
1092,2.87
1093,2.45
1094,2.14
1095,2.01
1096,1.98
1097,1.91
1098,1.86
1099,1.78
1100,1.73
1101,1.79
1102,1.91
1103,1.97
1104,2.03
1105,2.08
1106,2.18
1107,2.19
1108,2.19
1109,2.27
1110,2.33
1111,2.34
1112,2.33
1113,2.38
1114,2.41
1115,2.4
1116,2.35
1117,2.26
1118,2.16
1119,2.17
1120,2.24
1121,2.28
1122,2.32
1123,2.35
1124,2.37
1125,2.36
1126,2.39
1127,2.34
1128,2.29
1129,2.17
1130,2.0
1131,1.86
1132,1.8
1133,1.83
1134,1.92
1135,1.96
1136,1.97
1137,1.92
1138,1.72
1139,1.62
1140,1.51
1141,1.46
1142,1.43
1143,1.4
1144,1.35
1145,1.28
1146,1.2400000000000002
1147,1.2400000000000002
1148,1.3
1149,1.36
1150,1.44
1151,1.5
1152,1.56
1153,1.59
1154,1.64
1155,1.65
1156,1.7
1157,1.71
1158,1.71
1159,1.68
1160,1.63
1161,1.55
1162,1.48
1163,1.44
1164,1.37
1165,1.38
1166,1.5
1167,1.66
1168,2.03
1169,2.61
1170,3.71
1171,4.76
1172,5.43
1173,7.13
1174,9.03
1175,10.44
1176,11.06
1177,11.59
1178,11.79
1179,11.6
1180,11.4
1181,11.18
1182,10.83
1183,9.170000000000002
1184,7.03
1185,5.93
1186,5.37
1187,5.85
1188,6.86
1189,7.769999999999999
1190,7.73
1191,7.48
1192,6.39
1193,5.35
1194,4.41
1195,3.68
1196,2.63
1197,1.92
1198,1.57
1199,1.42
1200,1.31
1201,1.26
1202,1.22
1203,1.17
1204,1.16
1205,1.17
1206,1.2
1207,1.23
1208,1.27
1209,1.35
1210,1.42
1211,1.49
1212,1.51
1213,1.48
1214,1.4
1215,1.34
1216,1.32
1217,1.35
1218,1.41
1219,1.4
1220,1.36
1221,1.3
1222,1.26
1223,1.23
1224,1.23
1225,1.22
1226,1.21
1227,1.18
1228,1.17
1229,1.17
1230,1.22
1231,1.25
1232,1.28
1233,1.3
1234,1.31
1235,1.38
1236,1.51
1237,1.61
1238,1.7
1239,1.76
1240,1.8
1241,1.83
1242,1.83
1243,1.84
1244,1.91
1245,2.02
1246,2.08
1247,2.1
1248,2.05
1249,1.93
1250,1.82
1251,1.69
1252,1.61
1253,1.57
1254,1.57
1255,1.59
1256,1.64
1257,1.72
1258,1.78
1259,1.83
1260,1.89
1261,1.92
1262,1.93
1263,1.95
1264,1.94
1265,1.86
1266,1.89
1267,1.91
1268,1.94
1269,1.97
1270,1.92
1271,1.83
1272,1.73
1273,1.7
1274,1.69
1275,1.72
1276,1.72
1277,1.69
1278,1.6
1279,1.58
1280,1.56
1281,1.55
1282,1.57
1283,1.64
1284,1.64
1285,1.57
1286,1.52
1287,1.44
1288,1.45
1289,1.55
1290,1.61
1291,1.67
1292,1.76
1293,1.81
1294,1.84
1295,1.87
1296,1.89
1297,1.92
1298,1.91
1299,1.84
1300,1.83
1301,1.79
1302,1.76
1303,1.7
1304,1.63
1305,1.55
1306,1.54
1307,1.54
1308,1.55
1309,1.52
1310,1.5
1311,1.49
1312,1.51
1313,1.55
1314,1.57
1315,1.61
1316,1.51
1317,1.5
1318,1.51
1319,1.57
1320,1.6
1321,1.68
1322,1.74
1323,1.78
1324,1.79
1325,1.75
1326,1.73
1327,1.7
1328,1.71
1329,1.73
1330,1.92
1331,2.02
1332,2.04
1333,1.98
1334,1.88
1335,1.85
1336,1.78
1337,1.7
1338,1.65
1339,1.61
1340,1.59
1341,1.6
1342,1.58
1343,1.56
1344,1.54
1345,1.53
1346,1.5
1347,1.5
1348,1.48
1349,1.46
1350,1.44
1351,1.45
1352,1.5
1353,1.55
1354,1.64
1355,1.7
1356,1.8
1357,1.89
1358,1.95
1359,2.06
1360,2.12
1361,2.15
1362,2.16
1363,2.17
1364,2.15
1365,2.02
1366,1.77
1367,1.47
1368,1.21
1369,1.09
1370,1.05
1371,1.06
1372,1.06
1373,1.07
1374,1.09
1375,1.09
1376,1.11
1377,1.18
1378,1.23
1379,1.25
1380,1.21
1381,1.18
1382,1.16
1383,1.17
1384,1.17
1385,1.18
1386,1.17
1387,1.17
1388,1.2
1389,1.22
1390,1.25
1391,1.28
1392,1.33
1393,1.31
1394,1.26
1395,1.25
1396,1.21
1397,1.21
1398,1.23
1399,1.26
1400,1.26
1401,1.22
1402,1.18
1403,1.17
1404,1.22
1405,1.28
1406,1.39
1407,1.47
1408,1.47
1409,1.39
1410,1.29
1411,1.25
1412,1.23
1413,1.2
1414,1.13
1415,1.1
1416,1.15
1417,1.18
1418,1.2
1419,1.2
1420,1.2
1421,1.2
1422,1.22
1423,1.25
1424,1.27
1425,1.29
1426,1.32
1427,1.39
1428,1.48
1429,1.64
1430,1.9
1431,2.37
1432,2.98
1433,3.13
1434,2.9
1435,2.42
1436,1.95
1437,1.7
1438,1.6
1439,1.54
1440,1.49
1441,1.44
1442,1.35
1443,1.27
1444,1.21
1445,1.17
1446,1.15
1447,1.13
1448,1.09
1449,1.08
1450,1.08
1451,1.08
1452,1.06
1453,1.05
1454,1.07
1455,1.09
1456,1.09
1457,1.08
1458,1.1
1459,1.09
1460,1.09
1461,1.1
1462,1.11
1463,1.11
1464,1.15
1465,1.17
1466,1.2400000000000002
1467,1.34
1468,1.51
1469,1.67
1470,1.72
1471,1.67
1472,1.54
1473,1.44
1474,1.34
1475,1.29
1476,1.26
1477,1.26
1478,1.23
1479,1.26
1480,1.31
1481,1.32
1482,1.27
1483,1.25
1484,1.34
1485,1.49
1486,1.77
1487,2.03
1488,2.51
1489,3.3
1490,4.79
1491,6.89
1492,10.23
1493,14.72
1494,19.79
1495,25.06
1496,32.64
1497,38.05
1498,44.85
1499,52.08
1500,62.15
1501,59.59
1502,58.23
1503,50.17
1504,48.03
1505,52.02
1506,59.36
1507,56.55
1508,51.82
1509,42.73
1510,38.6
1511,37.94
1512,37.73
1513,35.39
1514,30.36
1515,26.27
1516,22.93
1517,20.25
1518,18.81
1519,13.74
1520,11.28
1521,8.679999999999998
1522,5.87
1523,3.87
1524,2.7
1525,2.12
1526,1.76
1527,1.51
1528,1.44
1529,1.39
1530,1.38
1531,1.36
1532,1.34
1533,1.3
1534,1.28
1535,1.29
1536,1.32
1537,1.36
1538,1.41
1539,1.43
1540,1.4
1541,1.41
1542,1.39
1543,1.37
1544,1.39
1545,1.44
1546,1.45
1547,1.41
1548,1.46
1549,1.55
1550,1.6
1551,1.63
1552,1.63
1553,1.61
1554,1.57
1555,1.55
1556,1.51
1557,1.52
1558,1.55
1559,1.58
1560,1.58
1561,1.58
1562,1.59
1563,1.55
1564,1.5
1565,1.46
1566,1.42
1567,1.4
1568,1.38
1569,1.36
1570,1.31
1571,1.23
1572,1.22
1573,1.2400000000000002
1574,1.3
1575,1.35
1576,1.41
1577,1.5
1578,1.57
1579,1.62
1580,1.66
1581,1.69
1582,1.71
1583,1.7
1584,1.69
1585,1.69
1586,1.7
1587,1.69
1588,1.64
1589,1.61
1590,1.56
1591,1.49
1592,1.44
1593,1.4
1594,1.36
1595,1.36
1596,1.42
1597,1.5
1598,1.44
1599,1.42
1600,1.5
1601,1.58
1602,1.85
1603,2.05
1604,2.11
1605,2.11
1606,2.11
1607,2.08
1608,2.05
1609,1.9
1610,1.72
1611,1.56
1612,1.49
1613,1.48
1614,1.45
1615,1.3
1616,1.14
1617,1.04
1618,0.98
1619,0.95
1620,0.93
1621,0.93
1622,0.93
1623,0.94
1624,0.96
1625,0.97
1626,1.01
1627,1.09
1628,1.14
1629,1.08
1630,1.09
1631,1.14
1632,1.13
1633,1.16
1634,1.26
1635,1.39
1636,1.34
1637,1.31
1638,1.28
1639,1.3
1640,1.35
1641,1.33
1642,1.38
1643,1.36
1644,1.34
1645,1.17
1646,1.19
1647,1.21
1648,1.2400000000000002
1649,1.25
1650,1.27
1651,1.31
1652,1.38
1653,1.45
1654,1.49
1655,1.48
1656,1.4
1657,1.32
1658,1.3
1659,1.3
1660,1.27
1661,1.25
1662,1.2400000000000002
1663,1.22
1664,1.21
1665,1.23
1666,1.25
1667,1.2400000000000002
1668,1.22
1669,1.21
1670,1.17
1671,1.12
1672,1.11
1673,1.11
1674,1.1
1675,1.09
1676,1.07
1677,1.07
1678,1.1
1679,1.16
1680,1.2
1681,1.2
1682,1.16
1683,1.07
1684,1.01
1685,1.02
1686,1.1
1687,1.14
1688,1.12
1689,1.13
1690,1.22
1691,1.35
1692,1.57
1693,1.71
1694,1.74
1695,1.75
1696,1.81
1697,1.89
1698,1.87
1699,1.79
1700,1.72
1701,1.63
1702,1.44
1703,1.27
1704,1.16
1705,1.13
1706,1.09
1707,1.01
1708,0.96
1709,0.95
1710,1.01
1711,1.11
1712,1.21
1713,1.2
1714,1.09
1715,0.98
1716,0.92
1717,0.9
1718,0.92
1719,0.96
1720,1.04
1721,1.19
1722,1.34
1723,1.4
1724,1.37
1725,1.42
1726,1.53
1727,1.92
1728,2.57
1729,3.33
1730,3.97
1731,4.32
1732,4.09
1733,3.79
1734,3.26
1735,2.8
1736,2.53
1737,2.8
1738,3.86
1739,5.87
1740,8.0
1741,9.31
1742,10.58
1743,11.86
1744,12.44
1745,12.82
1746,17.05
1747,15.78
1748,14.22
1749,15.2
1750,15.77
1751,14.36
1752,14.28
1753,13.25
1754,12.11
1755,10.74
1756,9.06
1757,6.91
1758,5.99
1759,6.28
1760,7.21
1761,8.38
1762,9.420000000000002
1763,10.35
1764,10.55
1765,10.99
1766,11.29
1767,11.61
1768,12.33
1769,11.81
1770,11.18
1771,10.79
1772,10.16
1773,9.09
1774,7.94
1775,6.87
1776,5.92
1777,4.61
1778,3.74
1779,3.28
1780,3.27
1781,3.39
1782,3.55
1783,3.53
1784,3.51
1785,3.53
1786,3.68
1787,3.8
1788,3.81
1789,3.71
1790,3.55
1791,3.46
1792,3.48
1793,3.47
1794,3.47
1795,3.47
1796,3.42
1797,3.31
1798,3.25
1799,3.16
1800,3.12
1801,3.13
1802,3.22
1803,3.3
1804,3.42
1805,3.49
1806,3.54
1807,3.56
1808,3.58
1809,3.68
1810,3.78
1811,3.84
1812,3.93
1813,3.88
1814,3.83
1815,3.72
1816,3.58
1817,3.39
1818,3.07
1819,2.71
1820,2.22
1821,1.81
1822,1.51
1823,1.32
1824,1.26
1825,1.26
1826,1.29
1827,1.35
1828,1.37
1829,1.32
1830,1.27
1831,1.22
1832,1.19
1833,1.23
1834,1.28
1835,1.32
1836,1.4
1837,1.52
1838,1.53
1839,1.48
1840,1.4
1841,1.32
1842,1.23
1843,1.15
1844,1.1
1845,1.08
1846,1.1
1847,1.2
1848,1.26
1849,1.3
1850,1.29
1851,1.27
1852,1.25
1853,1.27
1854,1.29
1855,1.26
1856,1.23
1857,1.21
1858,1.23
1859,1.26
1860,1.26
1861,1.2400000000000002
1862,1.22
1863,1.21
1864,1.2
1865,1.19
1866,1.19
1867,1.18
1868,1.19
1869,1.21
1870,1.26
1871,1.31
1872,1.37
1873,1.42
1874,1.45
1875,1.45
1876,1.43
1877,1.38
1878,1.32
1879,1.28
1880,1.2400000000000002
1881,1.23
1882,1.21
1883,1.18
1884,1.13
1885,1.1
1886,1.13
1887,1.13
1888,1.13
1889,1.09
1890,1.04
1891,1.0
1892,0.9900000000000002
1893,0.9900000000000002
1894,0.9900000000000002
1895,0.9900000000000002
1896,0.97
1897,0.95
1898,0.93
1899,0.92
1900,0.94
1901,0.97
1902,0.9900000000000002
1903,0.9900000000000002
1904,0.98
1905,0.98
1906,1.03
1907,1.11
1908,1.15
1909,1.12
1910,1.02
1911,0.94
1912,0.89
1913,0.86
1914,0.8499999999999999
1915,0.9
1916,1.02
1917,1.31
1918,1.75
1919,2.4
1920,2.66
1921,2.43
1922,2.34
1923,2.71
1924,3.09
1925,2.86
1926,2.27
1927,1.15
1928,1.05
1929,1.06
1930,1.12
1931,1.18
1932,1.22
1933,1.31
1934,1.38
1935,1.32
1936,1.19
1937,1.13
1938,1.25
1939,1.41
1940,1.42
1941,1.34
1942,1.19
1943,1.05
1944,1.0
1945,0.97
1946,0.95
1947,0.96
1948,1.01
1949,1.07
1950,1.13
1951,1.11
1952,1.05
1953,1.03
1954,1.12
1955,1.37
1956,1.76
1957,1.9
1958,1.76
1959,1.73
1960,1.9
1961,2.17
1962,2.31
1963,2.3
1964,1.98
1965,1.64
1966,1.38
1967,1.2400000000000002
1968,1.28
1969,1.45
1970,1.53
1971,1.52
1972,1.54
1973,1.82
1974,2.3
1975,2.61
1976,2.91
1977,3.25
1978,3.85
1979,4.03
1980,3.84
1981,3.75
1982,3.96
1983,3.92
1984,3.49
1985,3.42
1986,3.92
1987,4.6
1988,5.33
1989,5.24
1990,4.52
1991,3.9
1992,3.44
1993,3.19
1994,3.16
1995,3.32
1996,3.24
1997,3.09
1998,3.21
1999,3.53
2000,3.8
2001,3.86
2002,4.07
2003,4.2
2004,3.82
2005,3.18
2006,3.27
2007,4.14
2008,5.14
2009,6.17
2010,6.33
2011,5.62
2012,5.09
2013,4.93
2014,4.97
2015,5.09
2016,5.65
2017,6.78
2018,7.86
2019,8.16
2020,7.849999999999999
2021,8.24
2022,9.07
2023,10.38
2024,11.670000000000003
2025,13.66
2026,16.35
2027,18.43
2028,19.49
2029,20.53
2030,23.08
2031,24.31
2032,25.79
2033,26.17
2034,24.96
2035,20.92
2036,19.66
2037,18.06
2038,19.07
2039,17.58
2040,15.97
2041,14.75
2042,12.66
2043,11.58
2044,11.420000000000002
2045,11.91
2046,12.48
2047,12.94
2048,12.57
2049,12.32
2050,11.54
2051,10.94
2052,10.18
2053,9.54
2054,8.47
2055,7.429999999999999
2056,6.16
2057,5.07
2058,4.2
2059,3.08
2060,2.4
2061,1.8
2062,1.48
2063,1.28
2064,1.19
2065,1.21
2066,1.28
2067,1.37
2068,1.46
2069,1.47
2070,1.43
2071,1.36
2072,1.31
2073,1.25
2074,1.22
2075,1.25
2076,1.29
2077,1.33
2078,1.39
2079,1.42
2080,1.44
2081,1.5
2082,1.68
2083,1.94
2084,2.24
2085,2.46
2086,2.42
2087,2.24
2088,1.95
2089,1.57
2090,1.34
2091,1.14
2092,1.03
2093,0.93
2094,0.8399999999999999
2095,0.81
2096,0.8
2097,0.8
2098,0.8399999999999999
2099,0.94
2100,1.17
2101,1.63
2102,2.06
2103,2.82
2104,3.7
2105,4.84
2106,6.11
2107,6.64
2108,7.269999999999999
2109,8.08
2110,8.46
2111,8.55
2112,8.279999999999998
2113,7.73
2114,6.65
2115,5.71
2116,4.93
2117,3.9
2118,2.58
2119,1.81
2120,1.31
2121,1.09
2122,1.05
2123,1.06
2124,1.05
2125,1.06
2126,1.07
2127,1.06
2128,1.05
2129,1.03
2130,1.02
2131,1.0
2132,0.98
2133,0.96
2134,0.93
2135,0.91
2136,0.88
2137,0.86
2138,0.8499999999999999
2139,0.8299999999999998
2140,0.81
2141,0.79
2142,0.78
2143,0.75
2144,0.74
2145,0.73
2146,0.72
2147,0.72
2148,0.72
2149,0.71
2150,0.7
2151,0.7
2152,0.7
2153,0.71
2154,0.72
2155,0.73
2156,0.75
2157,0.78
2158,0.81
2159,0.8499999999999999
2160,0.88
2161,0.89
2162,0.89
2163,0.91
2164,0.94
2165,0.9900000000000002
2166,1.08
2167,1.18
2168,1.3
2169,1.41
2170,1.48
2171,1.54
2172,1.52
2173,1.45
2174,1.41
2175,1.39
2176,1.37
2177,1.29
2178,1.23
2179,1.18
2180,1.12
2181,1.06
2182,1.02
2183,0.98
2184,0.97
2185,0.9900000000000002
2186,1.03
2187,1.11
2188,1.19
2189,1.28
2190,1.33
2191,1.38
2192,1.49
2193,1.56
2194,1.56
2195,1.49
2196,1.45
2197,1.39
2198,1.39
2199,1.51
2200,1.71
2201,2.24
2202,3.85
2203,7.07
2204,10.96
2205,14.0
2206,21.05
2207,28.85
2208,40.35
2209,52.07
2210,64.14
2211,27.65
2212,39.2
2213,52.88
2214,66.23
2215,73.12
2216,72.33
2217,80.71
2218,71.32
2219,58.66
2220,51.96
2221,50.52
2222,55.11
2223,61.52
2224,70.48
2225,70.67
2226,70.86
2227,71.05
2228,60.35
2229,57.0
2230,65.98
2231,66.53
2232,54.9
2233,41.91
2234,32.61
2235,21.99
2236,14.69
2237,9.9
2238,6.61
2239,3.76
2240,2.13
2241,1.53
2242,1.46
2243,1.78
2244,2.57
2245,4.21
2246,6.41
2247,9.81
2248,14.62
2249,23.27
2250,35.79
2251,45.32
2252,62.1
2253,76.73999999999998
2254,97.67
2255,121.38
2256,142.56
2257,153.59
2258,153.85
2259,175.26
2260,171.07
2261,167.96
2262,189.28
2263,231.3
2264,191.88
2265,182.16
2266,158.82
2267,176.33
2268,156.94999999999996
2269,171.43
2270,164.52
2271,165.0
2272,118.68
2273,117.44
2274,114.43
2275,113.24
2276,92.13
2277,74.75
2278,64.19
2279,55.3
2280,46.85
2281,37.86
2282,29.68
2283,22.46
2284,15.58
2285,11.0
2286,7.769999999999999
2287,4.84
2288,3.12
2289,2.22
2290,1.79
2291,1.59
2292,1.31
2293,1.01
2294,0.77
2295,0.63
2296,0.55
2297,0.5
2298,0.48
2299,0.47
2300,0.46
2301,0.46
2302,0.46
2303,0.45
2304,0.45
2305,0.45
2306,0.45
2307,0.46
2308,0.46
2309,0.46
2310,0.46
2311,0.46
2312,0.47
2313,0.49
2314,0.52
2315,0.53
2316,0.57
2317,0.59
2318,0.62
2319,0.63
2320,0.64
2321,0.65
2322,0.65
2323,0.64
2324,0.65
2325,0.66
2326,0.68
2327,0.68
2328,0.66
2329,0.63
2330,0.61
2331,0.6
2332,0.6
2333,0.6
2334,0.59
2335,0.57
2336,0.56
2337,0.55
2338,0.54
2339,0.54
2340,0.54
2341,0.55
2342,0.56
2343,0.56
2344,0.54
2345,0.52
2346,0.51
2347,0.49
2348,0.48
2349,0.49
2350,0.5
2351,0.51
2352,0.5
2353,0.5
2354,0.51
2355,0.54
2356,0.56
2357,0.58
2358,0.59
2359,0.6
2360,0.61
2361,0.63
2362,0.65
2363,0.67
2364,0.69
2365,0.7
2366,0.71
2367,0.72
2368,0.71
2369,0.67
2370,0.64
2371,0.64
2372,0.68
2373,0.68
2374,0.66
2375,0.63
2376,0.63
2377,0.66
2378,0.73
2379,0.78
2380,0.81
2381,0.86
2382,0.97
2383,1.16
2384,1.42
2385,1.64
2386,1.76
2387,1.78
2388,1.67
2389,1.5
2390,1.33
2391,1.14
2392,1.04
2393,1.12
2394,1.45
2395,2.46
2396,4.13
2397,6.09
2398,8.24
2399,11.48
2400,15.97
2401,21.84
2402,27.15
2403,31.84
2404,34.8
2405,34.94
2406,35.01
2407,37.19
2408,40.39
2409,44.13
2410,48.33
2411,50.05
2412,50.45
2413,54.55
2414,47.45
2415,44.09
2416,51.07
2417,60.26
2418,70.45
2419,71.87
2420,64.35
2421,65.17
2422,64.44
2423,55.43
2424,48.65
2425,39.86
2426,35.71
2427,32.68
2428,33.07
2429,36.84
2430,38.56
2431,37.76
2432,39.34
2433,46.91
2434,50.27
2435,56.0
2436,54.62
2437,50.41
2438,51.51
2439,53.3
2440,54.66
2441,57.03
2442,54.3
2443,50.13
2444,46.47
2445,48.0
2446,47.92
2447,41.77
2448,39.87
2449,40.69
2450,41.38
2451,40.96
2452,37.63
2453,38.8
2454,36.45
2455,35.98
2456,34.23
2457,33.62
2458,31.79
2459,30.68
2460,30.61
2461,29.65
2462,28.67
2463,27.28
2464,24.8
2465,23.48
2466,21.25
2467,20.3
2468,19.01
2469,19.24
2470,19.41
2471,21.19
2472,23.25
2473,24.58
2474,27.79
2475,31.06
2476,35.75
2477,42.51
2478,49.16
2479,57.35
2480,72.40999999999998
2481,74.82
2482,86.57
2483,115.69
2484,122.05
2485,126.41
2486,138.09
2487,146.26
2488,160.06
2489,147.21
2490,138.67
2491,154.59
2492,146.31
2493,138.95
2494,129.89
2495,117.56
2496,102.22
2497,93.78
2498,79.67
2499,67.19
2500,56.61
2501,52.6
2502,42.88
2503,30.32
2504,22.5
2505,16.25
2506,13.62
2507,7.87
2508,10.45
2509,5.39
2510,7.1
2511,2.95
2512,1.98
2513,1.58
2514,1.39
2515,1.34
2516,1.36
2517,1.32
2518,1.2400000000000002
2519,1.13
2520,1.01
2521,0.9
2522,0.82
2523,0.79
2524,0.73
2525,0.75
2526,0.8299999999999998
2527,1.01
2528,1.39
2529,1.98
2530,2.97
2531,4.14
2532,5.59
2533,9.0
2534,15.2
2535,22.11
2536,30.11
2537,45.82
2538,48.86
2539,54.17
2540,57.81
2541,53.77
2542,80.28
2543,140.89
2544,112.12
2545,119.39
2546,102.14
2547,84.17
2548,80.09
2549,81.17
2550,74.59
2551,75.40999999999998
2552,68.66
2553,77.09
2554,207.34
2555,115.97
2556,68.13
2557,68.65000000000002
2558,89.48
2559,148.1
2560,436.3
2561,152.99
2562,85.7
2563,75.09999999999998
2564,91.48
2565,115.96
2566,212.01
2567,253.92
2568,259.69
2569,135.15
2570,103.37
2571,126.92
2572,185.44
2573,117.62
2574,111.34
2575,154.69
2576,144.14
2577,89.17
2578,84.96
2579,333.71
2580,79.33
2581,59.4
2582,48.78
2583,69.24
2584,93.63
2585,419.18
2586,335.68
2587,246.69
2588,289.37
2589,77.59999999999998
2590,37.82
2591,20.73
2592,27.97
2593,100.37
2594,429.46
2595,289.16
2596,125.45
2597,75.84999999999998
2598,66.98
2599,47.52
2600,48.14
2601,44.0
2602,37.76
2603,33.31
2604,28.78
2605,24.01
2606,18.59
2607,12.1
2608,9.56
2609,8.279999999999998
2610,5.8
2611,3.33
2612,2.69
2613,2.9
2614,3.73
2615,3.85
2616,4.17
2617,4.07
2618,3.32
2619,2.27
2620,1.57
2621,1.38
2622,1.48
2623,1.91
2624,2.97
2625,4.35
2626,5.14
2627,5.52
2628,5.67
2629,5.93
2630,5.23
2631,4.46
2632,3.59
2633,2.66
2634,2.2
2635,2.01
2636,2.12
2637,3.08
2638,6.35
2639,19.02
2640,607.46
2641,484.09
2642,360.72
2643,237.35
2644,113.98
2645,24.17
2646,8.8
2647,5.43
2648,2.77
2649,1.57
2650,1.06
2651,0.68
2652,0.54
2653,0.44
2654,0.38
2655,0.34
2656,0.31
2657,0.29
2658,0.28
2659,0.27
2660,0.28
2661,0.28
2662,0.27
2663,0.27
2664,0.28
2665,0.3
2666,0.31
2667,0.33
2668,0.37
2669,0.46
2670,0.52
2671,0.61
2672,0.72
2673,0.96
2674,1.18
2675,1.19
2676,0.96
2677,0.9900000000000002
2678,0.95
2679,0.93
2680,0.9
2681,0.93
2682,1.0
2683,1.07
2684,1.06
2685,1.0
2686,0.98
2687,0.89
2688,0.73
2689,0.55
2690,0.45
2691,0.42
2692,0.41
2693,0.42
2694,0.44
2695,0.45
2696,0.49
2697,0.56
2698,0.78
2699,1.15
2700,2.22
2701,3.45
2702,5.5
2703,8.359999999999998
2704,13.62
2705,19.21
2706,24.53
2707,33.97
2708,37.51
2709,46.13
2710,51.73
2711,50.52
2712,39.21
2713,43.72
2714,49.4
2715,45.93
2716,66.11
2717,105.14
2718,103.07
2719,108.07
2720,116.12
2721,101.02
2722,89.51
2723,90.76
2724,90.27
2725,83.97
2726,104.69
2727,99.8
2728,94.25
2729,98.27
2730,92.01
2731,93.47
2732,102.75
2733,112.2
2734,108.92
2735,92.34
2736,105.91
2737,101.23
2738,192.09
2739,144.24
2740,178.69999999999996
2741,129.99000000000004
2742,95.15
2743,69.44
2744,87.33
2745,268.51
2746,370.47
2747,548.68
2748,708.66
2749,503.11
2750,144.11
2751,96.54
2752,333.06
2753,275.99
2754,267.29
2755,371.73
2756,379.83
2757,443.31
2758,313.75
2759,242.01
2760,384.9
2761,172.5
2762,166.84
2763,278.39
2764,181.56
2765,275.25
2766,120.95
2767,150.76
2768,187.92
2769,188.03
2770,153.21
2771,154.19999999999996
2772,129.97
2773,323.16
2774,485.37
2775,129.76
2776,59.5
2777,127.9
2778,46.98
2779,33.66
2780,57.84
2781,339.74
2782,559.88
2783,720.39
2784,165.37
2785,112.39
2786,99.75
2787,85.58
2788,97.49
2789,131.88
2790,108.88
2791,86.54
2792,67.64
2793,65.82
2794,54.39
2795,38.81
2796,32.33
2797,25.0
2798,19.3
2799,14.46
2800,9.38
2801,5.85
2802,3.33
2803,2.22
2804,1.56
2805,1.27
2806,1.14
2807,1.07
2808,1.02
2809,0.94
2810,0.89
2811,0.87
2812,0.8399999999999999
2813,0.78
2814,0.67
2815,0.62
2816,0.6
2817,0.61
2818,0.62
2819,0.62
2820,0.59
2821,0.55
2822,0.52
2823,0.49
2824,0.48
2825,0.49
2826,0.5
2827,0.51
2828,0.52
2829,0.54
2830,0.54
2831,0.55
2832,0.57
2833,0.57
2834,0.55
2835,0.53
2836,0.53
2837,0.53
2838,0.53
2839,0.53
2840,0.54
2841,0.56
2842,0.57
2843,0.58
2844,0.6
2845,0.6
2846,0.61
2847,0.62
2848,0.65
2849,0.66
2850,0.66
2851,0.65
2852,0.64
2853,0.65
2854,0.66
2855,0.66
2856,0.66
2857,0.65
2858,0.63
2859,0.63
2860,0.65
2861,0.68
2862,0.69
2863,0.69
2864,0.67
2865,0.67
2866,0.67
2867,0.66
2868,0.67
2869,0.71
2870,0.71
2871,0.7
2872,0.69
2873,0.69
2874,0.7
2875,0.7
2876,0.68
2877,0.66
2878,0.65
2879,0.63
2880,0.62
2881,0.64
2882,0.62
2883,0.61
2884,0.67
2885,0.78
2886,0.8299999999999998
2887,0.8299999999999998
2888,0.86
2889,0.98
2890,1.38
2891,2.3
2892,4.04
2893,7.25
2894,9.37
2895,12.07
2896,14.16
2897,16.45
2898,17.399999999999995
2899,18.26
2900,17.94
2901,16.17
2902,14.59
2903,12.29
2904,10.68
2905,8.759999999999998
2906,6.15
2907,5.32
2908,5.49
2909,6.48
2910,7.29
2911,7.679999999999999
2912,7.719999999999998
2913,7.679999999999999
2914,7.59
2915,7.16
2916,6.57
2917,6.23
2918,5.69
2919,5.19
2920,4.51
2921,3.76
2922,3.31
2923,2.78
2924,2.03
2925,1.25
2926,0.97
2927,1.01
2928,1.38
2929,2.08
2930,3.6
2931,6.28
2932,9.95
2933,16.43
2934,23.72
2935,33.37
2936,50.25
2937,74.29999999999998
2938,86.53
2939,92.41
2940,100.82
2941,97.73
2942,98.45
2943,115.58
2944,134.99000000000004
2945,115.29
2946,87.25
2947,71.95
2948,54.54
2949,46.93
2950,36.13
2951,28.11
2952,22.12
2953,16.79
2954,11.01
2955,7.83
2956,5.1
2957,3.48
2958,2.89
2959,2.56
2960,2.38
2961,2.41
2962,2.98
2963,4.41
2964,6.69
2965,9.07
2966,11.65
2967,15.55
2968,19.44
2969,22.96
2970,25.0
2971,27.48
2972,28.8
2973,29.61
2974,29.4
2975,27.57
2976,27.57
2977,27.89
2978,28.96
2979,30.84
2980,33.49
2981,34.04
2982,33.29
2983,32.74
2984,30.68
2985,30.58
2986,31.04
2987,30.61
2988,28.8
2989,27.04
2990,24.9
2991,21.24
2992,17.86
2993,16.09
2994,13.72
2995,10.32
2996,7.639999999999999
2997,5.99
2998,4.86
2999,3.89
3000,2.63
3001,2.24
3002,2.05
3003,1.99
3004,1.92
3005,1.91
3006,2.03
3007,2.36
3008,2.6
3009,2.86
3010,3.43
3011,4.09
3012,4.68
3013,4.88
3014,4.58
3015,3.72
3016,2.7
3017,2.21
3018,1.98
3019,1.91
3020,1.86
3021,1.85
3022,1.96
3023,2.12
3024,2.17
3025,2.16
3026,2.19
3027,2.19
3028,2.15
3029,2.11
3030,2.08
3031,2.01
3032,1.95
3033,1.97
3034,1.98
3035,1.98
3036,2.01
3037,2.14
3038,2.32
3039,2.53
3040,2.69
3041,3.0
3042,3.6
3043,4.52
3044,6.12
3045,7.759999999999998
3046,9.86
3047,11.36
3048,12.01
3049,12.4
3050,11.72
3051,11.27
3052,11.33
3053,11.9
3054,12.69
3055,12.81
3056,12.5
3057,12.34
3058,12.15
3059,11.96
3060,10.8
3061,9.53
3062,9.7
3063,10.38
3064,9.48
3065,8.57
3066,6.7
3067,5.16
3068,4.52
3069,4.51
3070,4.29
3071,3.86
3072,3.63
3073,3.68
3074,4.02
3075,6.2
3076,6.95
3077,7.8
3078,8.759999999999998
3079,8.8
3080,7.61
3081,6.77
3082,6.24
3083,6.14
3084,6.2
3085,5.9
3086,5.57
3087,5.1
3088,4.45
3089,4.01
3090,3.71
3091,3.54
3092,3.54
3093,3.56
3094,3.68
3095,4.11
3096,4.84
3097,5.54
3098,5.6
3099,4.96
3100,4.49
3101,4.3
3102,4.37
3103,4.6
3104,5.08
3105,5.96
3106,6.48
3107,6.28
3108,7.219999999999998
3109,7.18
3110,7.36
3111,6.98
3112,6.98
3113,6.96
3114,6.48
3115,5.89
3116,5.51
3117,5.36
3118,5.32
3119,5.37
3120,5.67
3121,5.92
3122,5.69
3123,5.36
3124,5.01
3125,4.74
3126,4.66
3127,4.59
3128,4.58
3129,4.48
3130,4.5
3131,4.53
3132,4.52
3133,4.87
3134,5.42
3135,5.65
3136,5.25
3137,4.73
3138,4.44
3139,4.56
3140,5.0
3141,5.62
3142,6.11
3143,6.36
3144,6.07
3145,5.4
3146,4.89
3147,4.72
3148,4.69
3149,4.69
3150,4.6
3151,4.44
3152,4.14
3153,4.01
3154,3.97
3155,4.1
3156,4.22
3157,4.38
3158,4.71
3159,4.92
3160,4.9
3161,4.93
3162,4.86
3163,4.65
3164,4.43
3165,4.51
3166,4.65
3167,4.92
3168,5.14
3169,5.25
3170,5.36
3171,5.95
3172,6.35
3173,6.63
3174,6.73
3175,6.93
3176,6.77
3177,6.61
3178,6.53
3179,6.26
3180,5.87
3181,5.28
3182,4.83
3183,4.37
3184,4.16
3185,3.82
3186,3.34
3187,2.95
3188,2.73
3189,2.6
3190,2.48
3191,2.44
3192,2.53
3193,2.71
3194,2.93
3195,3.14
3196,3.24
3197,3.29
3198,3.36
3199,3.37
3200,3.33
3201,3.14
3202,2.96
3203,2.78
3204,2.68
3205,2.68
3206,2.6
3207,2.55
3208,2.54
3209,2.55
3210,2.6
3211,2.68
3212,2.78
3213,2.84
3214,2.88
3215,2.94
3216,2.97
3217,3.09
3218,3.19
3219,3.23
3220,3.21
3221,3.11
3222,3.04
3223,2.97
3224,2.98
3225,3.12
3226,3.24
3227,3.42
3228,3.62
3229,3.79
3230,3.93
3231,3.86
3232,3.62
3233,3.33
3234,3.11
3235,2.94
3236,2.85
3237,2.89
3238,2.88
3239,2.95
3240,3.04
3241,3.34
3242,3.69
3243,4.02
3244,4.29
3245,4.51
3246,4.64
3247,4.67
3248,4.76
3249,4.93
3250,4.81
3251,4.44
3252,4.11
3253,3.68
3254,3.27
3255,2.97
3256,2.69
3257,2.54
3258,2.45
3259,2.45
3260,2.45
3261,2.51
3262,2.56
3263,2.55
3264,2.73
3265,3.05
3266,3.47
3267,4.01
3268,4.35
3269,4.43
3270,4.41
3271,4.53
3272,4.54
3273,4.43
3274,4.29
3275,4.11
3276,3.95
3277,3.85
3278,3.68
3279,3.63
3280,3.51
3281,3.38
3282,3.29
3283,3.15
3284,2.99
3285,2.88
3286,2.81
3287,2.9
3288,3.02
3289,3.13
3290,3.25
3291,3.36
3292,3.44
3293,3.61
3294,3.66
3295,3.81
3296,3.93
3297,3.9
3298,3.81
3299,3.61
3300,3.42
3301,3.36
3302,3.24
3303,3.16
3304,3.08
3305,3.02
3306,3.04
3307,3.1
3308,3.16
3309,3.03
3310,2.87
3311,2.76
3312,2.68
3313,2.67
3314,2.7
3315,2.81
3316,2.83
3317,3.09
3318,3.27
3319,3.44
3320,3.43
3321,3.31
3322,3.29
3323,3.26
3324,3.17
3325,3.16
3326,3.19
3327,3.2
3328,3.22
3329,3.18
3330,3.15
3331,3.14
3332,3.26
3333,3.41
3334,3.53
3335,3.83
3336,4.0
3337,4.17
3338,4.2
3339,4.05
3340,3.96
3341,3.82
3342,3.79
3343,3.74
3344,3.62
3345,3.57
3346,3.52
3347,3.47
3348,3.46
3349,3.51
3350,3.6
3351,3.56
3352,3.48
3353,3.28
3354,3.14
3355,3.03
3356,3.01
3357,2.86
3358,2.74
3359,2.72
3360,2.83
3361,2.87
3362,3.0
3363,3.04
3364,3.06
3365,2.94
3366,2.74
3367,2.64
3368,2.56
3369,2.52
3370,2.51
3371,2.5
3372,2.47
3373,2.41
3374,2.45
3375,2.54
3376,2.69
3377,2.86
3378,2.97
3379,2.97
3380,3.03
3381,3.18
3382,3.35
3383,3.61
3384,3.84
3385,3.97
3386,4.06
3387,4.13
3388,4.16
3389,4.09
3390,3.95
3391,3.88
3392,3.8
3393,3.74
3394,3.7
3395,3.63
3396,3.63
3397,3.73
3398,3.7
3399,3.65
3400,3.6
3401,3.65
3402,3.72
3403,3.69
3404,3.62
3405,3.5
3406,3.27
3407,2.97
3408,2.78
3409,2.64
3410,2.51
3411,2.41
3412,2.36
3413,2.4
3414,2.52
3415,2.7
3416,2.88
3417,2.86
3418,2.83
3419,2.9
3420,3.08
3421,3.28
3422,3.54
3423,3.68
3424,3.72
3425,3.66
3426,3.59
3427,3.52
3428,3.33
3429,3.23
3430,3.16
3431,2.96
3432,2.7
3433,2.65
3434,2.78
3435,3.03
3436,3.17
3437,3.3
3438,3.34
3439,3.31
3440,3.29
3441,3.3
3442,3.41
3443,3.51
3444,3.75
3445,3.93
3446,4.01
3447,3.98
3448,3.82
3449,3.69
3450,3.48
3451,3.26
3452,3.02
3453,2.84
3454,2.69
3455,2.64
3456,2.66
3457,2.68
3458,2.74
3459,2.8
3460,2.91
3461,3.03
3462,3.1
3463,3.15
3464,3.17
3465,3.07
3466,2.97
3467,2.93
3468,2.95
3469,3.02
3470,3.17
3471,3.37
3472,3.65
3473,3.96
3474,4.69
3475,5.5
3476,6.53
3477,7.559999999999999
3478,8.939999999999998
3479,9.920000000000002
3480,10.32
3481,10.13
3482,9.63
3483,9.21
3484,8.87
3485,8.14
3486,7.34
3487,5.93
3488,4.71
3489,3.91
3490,3.49
3491,3.3
3492,3.2
3493,3.2
3494,3.19
3495,3.2
3496,3.23
3497,3.26
3498,3.35
3499,3.57
3500,3.81
3501,3.91
3502,3.93
3503,3.95
3504,3.85
3505,3.81
3506,3.69
3507,3.62
3508,3.5
3509,3.28
3510,3.18
3511,3.26
3512,3.33
3513,3.51
3514,3.74
3515,3.93
3516,3.97
3517,3.89
3518,3.81
3519,3.8
3520,3.84
3521,3.88
3522,3.95
3523,3.94
3524,4.01
3525,4.17
3526,4.44
3527,4.72
3528,4.9
3529,4.84
3530,4.75
3531,4.83
3532,4.73
3533,4.72
3534,4.67
3535,4.48
3536,4.28
3537,4.08
3538,3.97
3539,3.91
3540,3.96
3541,4.1
3542,4.19
3543,4.28
3544,4.35
3545,4.33
3546,4.25
3547,4.25
3548,4.24
3549,4.19
3550,4.05
3551,3.88
3552,3.7
3553,3.49
3554,3.41
3555,3.5
3556,3.7
3557,3.91
3558,4.11
3559,4.35
3560,4.46
3561,4.39
3562,4.34
3563,4.46
3564,4.41
3565,4.39
3566,4.43
3567,4.53
3568,4.52
3569,4.39
3570,4.15
3571,4.06
3572,4.02
3573,4.04
3574,4.14
3575,4.38
3576,4.53
3577,4.5
3578,4.4
3579,4.41
3580,4.41
3581,4.38
3582,4.29
3583,4.08
3584,3.79
3585,3.44
3586,3.2
3587,2.94
3588,2.84
3589,2.73
3590,2.64
3591,2.55
3592,2.49
3593,2.43
3594,2.45
3595,2.51
3596,2.62
3597,2.66
3598,2.69
3599,2.7
3600,2.73
3601,2.79
3602,2.78
3603,2.8
3604,2.87
3605,3.0
3606,3.16
3607,3.29
3608,3.51
3609,3.56
3610,3.5
3611,3.44
3612,3.35
3613,3.35
3614,3.26
3615,3.13
3616,2.89
3617,2.72
3618,2.65
3619,2.88
3620,3.41
3621,4.47
3622,5.5
3623,6.56
3624,7.269999999999999
3625,7.99
3626,9.32
3627,10.64
3628,11.14
3629,10.94
3630,10.71
3631,9.71
3632,9.23
3633,8.609999999999998
3634,8.08
3635,7.45
3636,7.28
3637,7.11
3638,7.21
3639,6.95
3640,7.02
3641,6.91
3642,7.08
3643,6.84
3644,6.72
3645,6.72
3646,6.42
3647,6.4
3648,6.34
3649,6.44
3650,6.41
3651,6.1
3652,5.58
3653,4.97
3654,4.71
3655,4.37
3656,4.05
3657,3.71
3658,3.49
3659,3.42
3660,3.32
3661,3.36
3662,3.45
3663,3.57
3664,3.64
3665,3.67
3666,3.73
3667,3.82
3668,4.07
3669,4.23
3670,4.41
3671,4.42
3672,4.52
3673,4.48
3674,4.39
3675,4.2
3676,4.02
3677,3.79
3678,3.51
3679,3.35
3680,3.29
3681,3.37
3682,3.45
3683,3.42
3684,3.27
3685,2.96
3686,2.74
3687,2.63
3688,2.6
3689,2.57
3690,2.54
3691,2.52
3692,2.49
3693,2.45
3694,2.48
3695,2.58
3696,2.67
3697,2.76
3698,3.04
3699,3.13
3700,3.15
3701,3.14
3702,3.17
3703,3.26
3704,3.51
3705,3.77
3706,3.92
3707,4.07
3708,4.33
3709,4.6
3710,4.85
3711,5.12
3712,5.58
3713,6.01
3714,6.37
3715,6.53
3716,6.49
3717,6.43
3718,6.2
3719,5.98
3720,5.64
3721,5.37
3722,5.3
3723,5.36
3724,5.41
3725,5.47
3726,5.49
3727,5.6
3728,5.81
3729,5.97
3730,6.05
3731,5.98
3732,5.61
3733,5.24
3734,5.06
3735,4.88
3736,4.59
3737,4.27
3738,3.95
3739,3.64
3740,3.34
3741,3.09
3742,2.93
3743,2.75
3744,2.68
3745,2.7
3746,2.71
3747,2.81
3748,2.91
3749,3.03
3750,3.22
3751,3.62
3752,4.24
3753,4.35
3754,4.25
3755,3.96
3756,3.69
3757,3.61
3758,3.57
3759,3.63
3760,3.67
3761,3.67
3762,3.78
3763,3.87
3764,3.98
3765,3.97
3766,3.84
3767,3.79
3768,3.95
3769,4.3
3770,4.47
3771,4.86
3772,5.16
3773,5.12
3774,5.13
3775,5.2
3776,5.28
3777,5.15
3778,5.06
3779,4.96
3780,4.85
3781,4.75
3782,4.67
3783,4.57
3784,4.56
3785,4.61
3786,4.71
3787,4.79
3788,4.91
3789,5.1
3790,5.19
3791,5.45
3792,5.44
3793,5.61
3794,5.46
3795,5.51
3796,5.32
3797,5.16
3798,5.24
3799,5.15
3800,4.91
3801,4.72
3802,4.22
3803,3.97
3804,3.93
3805,3.7
3806,3.57
3807,3.65
3808,3.8
3809,3.91
3810,3.92
3811,3.86
3812,3.99
3813,4.29
3814,4.47
3815,4.36
3816,4.2
3817,4.03
3818,3.93
3819,3.84
3820,3.84
3821,3.82
3822,3.76
3823,3.55
3824,3.42
3825,3.57
3826,3.64
3827,3.52
3828,3.38
3829,3.15
3830,2.87
3831,2.85
3832,2.93
3833,2.86
3834,2.68
3835,2.56
3836,2.45
3837,2.36
3838,2.32
3839,2.33
3840,2.32
3841,2.33
3842,2.33
3843,2.37
3844,2.46
3845,2.51
3846,2.57
3847,2.65
3848,2.67
3849,2.68
3850,2.65
3851,2.63
3852,2.64
3853,2.59
3854,2.6
3855,2.69
3856,2.69
3857,2.68
3858,2.8
3859,2.9
3860,3.03
3861,3.13
3862,3.24
3863,3.42
3864,3.61
3865,3.78
3866,4.13
3867,4.26
3868,4.41
3869,4.47
3870,4.46
3871,4.52
3872,4.42
3873,4.34
3874,4.29
3875,4.23
3876,4.28
3877,4.3
3878,4.24
3879,4.16
3880,3.96
3881,3.79
3882,3.59
3883,3.49
3884,3.36
3885,3.23
3886,2.96
3887,2.77
3888,2.56
3889,2.46
3890,2.47
3891,2.43
3892,2.4
3893,2.34
3894,2.33
3895,2.34
3896,2.34
3897,2.33
3898,2.27
3899,2.16
3900,2.03
3901,1.95
3902,1.89
3903,1.86
3904,1.87
3905,1.9
3906,1.93
3907,1.92
3908,1.9
3909,1.95
3910,2.01
3911,2.04
3912,2.04
3913,2.08
3914,2.19
3915,2.34
3916,2.46
3917,2.67
3918,2.95
3919,3.3
3920,3.65
3921,3.75
3922,3.77
3923,3.67
3924,3.55
3925,3.42
3926,3.31
3927,3.21
3928,3.1
3929,2.99
3930,3.37
3931,2.85
3932,2.81
3933,2.73
3934,2.69
3935,2.69
3936,2.69
3937,2.69
3938,2.68
3939,2.6
3940,2.34
3941,2.11
3942,1.77
3943,1.59
3944,1.54
3945,1.55
3946,1.6
3947,1.69
3948,1.84
3949,2.08
3950,2.33
3951,2.64
3952,2.95
3953,3.2
3954,3.31
3955,3.35
3956,3.19
3957,3.04
3958,2.92
3959,2.79
3960,2.71
3961,2.71
3962,2.7
3963,2.7
3964,2.71
3965,2.77
3966,2.81
3967,2.9
3968,2.95
3969,2.89
3970,2.79
3971,2.64
3972,2.56
3973,2.56
3974,2.55
3975,2.52
3976,2.5
3977,2.48
3978,2.49
3979,2.48
3980,2.4
3981,2.32
3982,2.28
3983,2.4
3984,2.54
3985,2.76
3986,2.98
3987,3.2
3988,3.38
3989,3.54
3990,3.71
3991,3.82
3992,3.99
3993,4.06
3994,3.95
3995,3.62
3996,3.31
3997,3.14
3998,2.83
3999,2.32
4000,2.0
4001,1.9
4002,1.92
4003,2.0
4004,2.15
4005,2.34
4006,2.46
4007,2.56
4008,2.51
4009,2.39
4010,2.29
4011,2.19
4012,2.08
4013,2.04
4014,1.93
4015,1.9
4016,1.81
4017,1.7
4018,1.63
4019,1.62
4020,1.6
4021,1.56
4022,1.61
4023,1.79
4024,2.02
4025,2.23
4026,2.5
4027,2.71
4028,2.95
4029,3.17
4030,3.28
4031,3.2
4032,3.04
4033,2.87
4034,2.81
4035,2.73
4036,2.61
4037,2.55
4038,2.5
4039,2.52
4040,2.61
4041,2.71
4042,2.89
4043,2.93
4044,2.93
4045,2.97
4046,2.95
4047,2.84
4048,2.63
4049,2.6
4050,2.63
4051,2.62
4052,2.51
4053,2.34
4054,2.25
4055,2.17
4056,2.12
4057,2.11
4058,2.1
4059,2.09
4060,2.19
4061,2.37
4062,2.52
4063,2.64
4064,2.81
4065,3.02
4066,3.03
4067,2.94
4068,2.83
4069,2.7
4070,2.54
4071,2.45
4072,2.36
4073,2.2
4074,2.14
4075,2.16
4076,2.19
4077,2.21
4078,2.34
4079,2.45
4080,2.56
4081,2.6
4082,2.58
4083,2.59
4084,2.45
4085,2.33
4086,2.01
4087,1.78
4088,1.62
4089,1.51
4090,1.5
4091,1.52
4092,1.62
4093,1.81
4094,2.02
4095,2.17
4096,2.37
4097,2.49
4098,2.65
4099,2.76
4100,2.82
4101,2.76
4102,2.65
4103,2.45
4104,2.23
4105,1.98
4106,1.87
4107,1.83
4108,1.81
4109,1.83
4110,1.88
4111,1.82
4112,1.64
4113,1.37
4114,1.07
4115,0.93
4116,0.9
4117,1.0
4118,1.11
4119,1.25
4120,1.41
4121,1.65
4122,1.92
4123,2.27
4124,2.6
4125,2.91
4126,3.09
4127,3.17
4128,3.14
4129,3.0
4130,2.9
4131,2.62
4132,2.43
4133,2.11
4134,1.79
4135,1.45
4136,1.32
4137,1.26
4138,1.36
4139,1.5
4140,1.61
4141,1.62
4142,1.56
4143,1.45
4144,1.34
4145,1.27
4146,1.22
4147,1.22
4148,1.26
4149,1.32
4150,1.37
4151,1.45
4152,1.53
4153,1.59
4154,1.57
4155,1.44
4156,1.25
4157,1.14
4158,1.08
4159,1.18
4160,1.37
4161,1.48
4162,1.47
4163,1.38
4164,1.2400000000000002
4165,1.1
4166,1.01
4167,0.96
4168,0.97
4169,1.02
4170,1.1
4171,1.21
4172,1.36
4173,1.56
4174,1.66
4175,1.69
4176,1.66
4177,1.51
4178,1.39
4179,1.23
4180,1.08
4181,0.96
4182,0.91
4183,0.8499999999999999
4184,0.8399999999999999
4185,0.8499999999999999
4186,0.86
4187,0.89
4188,0.89
4189,0.87
4190,0.87
4191,0.89
4192,0.88
4193,0.86
4194,0.86
4195,0.8499999999999999
4196,0.8299999999999998
4197,0.8299999999999998
4198,0.8399999999999999
4199,0.8499999999999999
4200,0.87
4201,0.9
4202,1.01
4203,1.11
4204,1.17
4205,1.16
4206,1.08
4207,1.01
4208,0.88
4209,0.8399999999999999
4210,0.8
4211,0.78
4212,0.76
4213,0.74
4214,0.73
4215,0.73
4216,0.74
4217,0.76
4218,0.76
4219,0.75
4220,0.75
4221,0.75
4222,0.75
4223,0.74
4224,0.75
4225,0.74
4226,0.74
4227,0.73
4228,0.72
4229,0.71
4230,0.71
4231,0.72
4232,0.73
4233,0.73
4234,0.73
4235,0.73
4236,0.75
4237,0.76
4238,0.79
4239,0.8499999999999999
4240,0.9
4241,0.94
4242,0.98
4243,0.9900000000000002
4244,0.9900000000000002
4245,0.96
4246,0.91
4247,0.89
4248,0.8499999999999999
4249,0.81
4250,0.78
4251,0.75
4252,0.75
4253,0.77
4254,0.78
4255,0.79
4256,0.8
4257,0.8
4258,0.79
4259,0.8
4260,0.8
4261,0.8
4262,0.78
4263,0.77
4264,0.77
4265,0.78
4266,0.79
4267,0.79
4268,0.79
4269,0.78
4270,0.78
4271,0.77
4272,0.77
4273,0.78
4274,0.8
4275,0.82
4276,0.8399999999999999
4277,0.86
4278,0.87
4279,0.88
4280,0.88
4281,0.88
4282,0.87
4283,0.86
4284,0.86
4285,0.86
4286,0.86
4287,0.87
4288,0.87
4289,0.86
4290,0.8499999999999999
4291,0.87
4292,0.92
4293,0.97
4294,1.02
4295,1.06
4296,1.08
4297,1.1
4298,1.07
4299,1.03
4300,1.0
4301,0.95
4302,0.8399999999999999
4303,0.7
4304,0.6
4305,0.53
4306,0.51
4307,0.5
4308,0.5
4309,0.5
4310,0.51
4311,0.51
4312,0.51
4313,0.52
4314,0.53
4315,0.55
4316,0.56
4317,0.58
4318,0.63
4319,0.69
4320,0.75
4321,0.8
4322,0.9
4323,0.96
4324,0.98
4325,0.95
4326,0.9
4327,0.82
4328,0.74
4329,0.69
4330,0.65
4331,0.62
4332,0.59
4333,0.55
4334,0.51
4335,0.49
4336,0.48
4337,0.48
4338,0.49
4339,0.51
4340,0.53
4341,0.54
4342,0.54
4343,0.55
4344,0.57
4345,0.57
4346,0.56
4347,0.56
4348,0.56
4349,0.56
4350,0.54
4351,0.51
4352,0.49
4353,0.48
4354,0.47
4355,0.47
4356,0.49
4357,0.51
4358,0.52
4359,0.51
4360,0.5
4361,0.5
4362,0.51
4363,0.51
4364,0.51
4365,0.5
4366,0.49
4367,0.47
4368,0.45
4369,0.45
4370,0.44
4371,0.44
4372,0.42
4373,0.41
4374,0.4
4375,0.4
4376,0.4
4377,0.41
4378,0.41
4379,0.4
4380,0.41
4381,0.42
4382,0.42
4383,0.41
4384,0.41
4385,0.41
4386,0.42
4387,0.43
4388,0.45
4389,0.47
4390,0.48
4391,0.48
4392,0.5
4393,0.5
4394,0.51
4395,0.53
4396,0.56
4397,0.6
4398,0.62
4399,0.6
4400,0.56
4401,0.52
4402,0.53
4403,0.59
4404,0.65
4405,0.66
4406,0.62
4407,0.58
4408,0.57
4409,0.56
4410,0.55
4411,0.56
4412,0.59
4413,0.6
4414,0.59
4415,0.55
4416,0.52
4417,0.49
4418,0.47
4419,0.44
4420,0.42
4421,0.41
4422,0.41
4423,0.42
4424,0.44
4425,0.47
4426,0.48
4427,0.48
4428,0.45
4429,0.44
4430,0.43
4431,0.43
4432,0.42
4433,0.42
4434,0.42
4435,0.43
4436,0.43
4437,0.43
4438,0.42
4439,0.42
4440,0.43
4441,0.44
4442,0.44
4443,0.44
4444,0.43
4445,0.42
4446,0.42
4447,0.42
4448,0.4
4449,0.39
4450,0.39
4451,0.39
4452,0.39
4453,0.39
4454,0.39
4455,0.39
4456,0.39
4457,0.39
4458,0.39
4459,0.39
4460,0.4
4461,0.42
4462,0.52
4463,0.58
4464,0.6
4465,0.58
4466,0.52
4467,0.47
4468,0.44
4469,0.43
4470,0.42
4471,0.42
4472,0.41
4473,0.4
4474,0.39
4475,0.39
4476,0.41
4477,0.43
4478,0.43
4479,0.42
4480,0.4
4481,0.39
4482,0.41
4483,0.43
4484,0.44
4485,0.4
4486,0.37
4487,0.35
4488,0.34
4489,0.34
4490,0.34
4491,0.35
4492,0.37
4493,0.39
4494,0.41
4495,0.43
4496,0.45
4497,0.46
4498,0.46
4499,0.45
4500,0.45
4501,0.45
4502,0.44
4503,0.43
4504,0.43
4505,0.44
4506,0.44
4507,0.45
4508,0.45
4509,0.46
4510,0.47
4511,0.5
4512,0.55
4513,0.65
4514,0.74
4515,0.82
4516,0.8299999999999998
4517,0.86
4518,0.91
4519,1.01
4520,1.11
4521,1.23
4522,1.35
4523,1.46
4524,1.58
4525,1.7
4526,1.71
4527,1.71
4528,1.71
4529,1.71
4530,1.71
4531,1.72
4532,1.72
4533,1.72
4534,1.63
4535,1.5
4536,1.26
4537,1.01
4538,0.89
4539,0.8299999999999998
4540,0.76
4541,0.73
4542,0.74
4543,0.79
4544,1.09
4545,2.37
4546,3.82
4547,5.73
4548,7.06
4549,8.39
4550,8.91
4551,8.14
4552,6.65
4553,5.15
4554,3.99
4555,3.33
4556,3.07
4557,2.78
4558,2.39
4559,1.76
4560,1.26
4561,1.07
4562,1.07
4563,1.13
4564,1.25
4565,1.4
4566,1.52
4567,1.56
4568,1.52
4569,1.49
4570,1.45
4571,1.41
4572,1.36
4573,1.28
4574,1.21
4575,1.22
4576,1.33
4577,1.52
4578,1.77
4579,2.05
4580,2.42
4581,2.85
4582,3.06
4583,4.7
4584,5.82
4585,6.6
4586,8.22
4587,9.81
4588,9.97
4589,9.34
4590,8.58
4591,8.279999999999998
4592,8.82
4593,9.61
4594,9.61
4595,8.949999999999998
4596,6.79
4597,4.94
4598,4.03
4599,3.96
4600,3.8
4601,3.25
4602,2.26
4603,1.76
4604,1.56
4605,1.43
4606,1.34
4607,1.2
4608,1.09
4609,1.05
4610,1.06
4611,1.06
4612,1.03
4613,1.06
4614,1.2400000000000002
4615,1.56
4616,1.99
4617,2.34
4618,2.49
4619,2.62
4620,2.86
4621,3.2
4622,3.38
4623,3.36
4624,2.83
4625,2.23
4626,1.75
4627,1.47
4628,1.31
4629,1.22
4630,1.19
4631,1.22
4632,1.23
4633,1.12
4634,0.91
4635,0.69
4636,0.58
4637,0.54
4638,0.55
4639,0.58
4640,0.6
4641,0.62
4642,0.65
4643,0.72
4644,0.78
4645,0.8
4646,0.78
4647,0.75
4648,0.72
4649,0.69
4650,0.68
4651,0.69
4652,0.74
4653,0.87
4654,1.03
4655,1.28
4656,1.61
4657,1.85
4658,1.98
4659,2.11
4660,2.12
4661,2.02
4662,1.83
4663,1.55
4664,1.22
4665,1.14
4666,1.13
4667,1.11
4668,1.01
4669,0.93
4670,0.81
4671,0.75
4672,0.74
4673,0.8
4674,0.88
4675,0.98
4676,0.97
4677,0.81
4678,0.66
4679,0.61
4680,0.62
4681,0.68
4682,0.73
4683,0.81
4684,0.88
4685,0.97
4686,1.07
4687,1.29
4688,1.53
4689,1.75
4690,1.94
4691,2.16
4692,2.2
4693,2.22
4694,2.27
4695,2.34
4696,2.51
4697,2.69
4698,2.88
4699,3.15
4700,3.77
4701,5.0
4702,6.22
4703,7.16
4704,7.469999999999998
4705,6.9
4706,5.89
4707,3.91
4708,3.11
4709,2.03
4710,1.63
4711,1.5
4712,1.6
4713,1.77
4714,1.69
4715,1.43
4716,1.2400000000000002
4717,1.05
4718,0.96
4719,0.9900000000000002
4720,1.02
4721,1.11
4722,1.28
4723,1.67
4724,1.98
4725,2.19
4726,2.54
4727,3.2
4728,4.58
4729,5.6
4730,6.32
4731,6.65
4732,6.74
4733,6.01
4734,4.41
4735,3.85
4736,4.39
4737,6.0
4738,8.88
4739,11.25
4740,13.93
4741,15.7
4742,18.18
4743,19.02
4744,17.649999999999995
4745,14.9
4746,12.46
4747,10.51
4748,8.009999999999998
4749,6.13
4750,4.3
4751,3.28
4752,2.73
4753,2.42
4754,2.42
4755,2.39
4756,2.39
4757,2.53
4758,2.64
4759,2.83
4760,3.09
4761,3.56
4762,4.49
4763,6.06
4764,8.67
4765,11.1
4766,13.32
4767,19.29
4768,21.38
4769,20.67
4770,20.1
4771,17.63
4772,13.91
4773,10.12
4774,7.679999999999999
4775,5.42
4776,3.93
4777,2.99
4778,2.49
4779,2.32
4780,2.1
4781,1.82
4782,1.56
4783,1.36
4784,1.1
4785,1.04
4786,0.92
4787,0.89
4788,0.94
4789,1.1
4790,1.39
4791,1.91
4792,2.44
4793,2.58
4794,2.3
4795,1.69
4796,1.18
4797,0.96
4798,1.06
4799,1.18
4800,1.3
4801,1.76
4802,2.28
4803,2.71
4804,2.77
4805,2.31
4806,1.78
4807,1.39
4808,1.35
4809,1.44
4810,1.66
4811,1.83
4812,1.93
4813,1.99
4814,2.06
4815,2.25
4816,2.42
4817,2.63
4818,2.94
4819,3.48
4820,3.99
4821,4.74
4822,5.02
4823,4.73
4824,3.98
4825,3.48
4826,3.09
4827,2.88
4828,2.62
4829,2.25
4830,2.11
4831,2.06
4832,2.19
4833,2.57
4834,3.22
4835,4.58
4836,5.61
4837,7.01
4838,7.98
4839,8.019999999999998
4840,8.16
4841,7.809999999999999
4842,7.769999999999999
4843,7.94
4844,8.24
4845,7.98
4846,7.57
4847,6.74
4848,5.39
4849,3.88
4850,3.07
4851,2.55
4852,2.14
4853,1.97
4854,1.85
4855,1.79
4856,1.82
4857,1.9
4858,1.84
4859,1.57
4860,1.36
4861,1.2
4862,1.23
4863,1.37
4864,1.54
4865,1.78
4866,2.18
4867,2.77
4868,3.42
4869,3.85
4870,3.78
4871,3.7
4872,3.54
4873,3.5
4874,3.58
4875,3.83
4876,4.06
4877,4.15
4878,3.73
4879,3.04
4880,2.57
4881,2.09
4882,1.85
4883,1.76
4884,1.83
4885,2.16
4886,2.52
4887,2.92
4888,3.17
4889,3.16
4890,2.94
4891,2.8
4892,2.33
4893,1.64
4894,1.35
4895,1.38
4896,1.81
4897,2.57
4898,3.06
4899,3.49
4900,4.1
4901,5.25
4902,6.01
4903,6.23
4904,6.32
4905,6.35
4906,6.28
4907,5.51
4908,4.16
4909,2.95
4910,2.08
4911,1.71
4912,1.72
4913,2.05
4914,2.96
4915,3.94
4916,4.66
4917,5.02
4918,4.58
4919,4.14
4920,3.76
4921,3.78
4922,3.97
4923,4.19
4924,4.35
4925,4.63
4926,5.28
4927,7.58
4928,10.46
4929,13.11
4930,15.73
4931,19.35
4932,23.52
4933,27.17
4934,30.38
4935,32.55
4936,34.31
4937,31.64
4938,25.67
4939,20.98
4940,17.73
4941,15.66
4942,13.08
4943,11.03
4944,10.09
4945,8.689999999999998
4946,7.42
4947,5.64
4948,4.26
4949,3.57
4950,3.24
4951,3.16
4952,3.16
4953,3.07
4954,2.93
4955,2.8
4956,2.77
4957,2.86
4958,2.93
4959,3.0
4960,2.96
4961,2.99
4962,3.3
4963,4.09
4964,4.85
4965,5.91
4966,6.53
4967,6.26
4968,5.8
4969,5.07
4970,4.7
4971,4.46
4972,4.7
4973,5.27
4974,5.69
4975,4.92
4976,4.18
4977,3.68
4978,3.45
4979,3.21
4980,3.1
4981,3.06
4982,2.99
4983,3.04
4984,3.13
4985,3.2
4986,3.34
4987,3.49
4988,3.65
4989,3.85
4990,4.04
4991,4.28
4992,4.69
4993,5.66
4994,6.32
4995,6.91
4996,7.9
4997,9.8
4998,11.47
4999,12.26
5000,11.55
5001,9.99
5002,7.83
5003,6.39
5004,5.54
5005,5.09
5006,4.83
5007,4.79
5008,4.87
5009,4.72
5010,4.79
5011,4.66
5012,4.51
5013,4.31
5014,4.25
5015,4.06
5016,4.01
5017,4.12
5018,4.3
5019,4.53
5020,4.82
5021,5.1
5022,5.29
5023,5.57
5024,5.71
5025,5.51
5026,5.46
5027,5.93
5028,6.56
5029,7.15
5030,7.37
5031,7.219999999999998
5032,7.14
5033,6.93
5034,6.72
5035,6.55
5036,6.52
5037,6.27
5038,6.11
5039,6.04
5040,6.03
5041,5.97
5042,5.64
5043,5.29
5044,4.98
5045,4.75
5046,4.54
5047,4.53
5048,4.73
5049,4.95
5050,5.18
5051,5.19
5052,5.07
5053,5.31
5054,5.83
5055,6.24
5056,6.88
5057,6.71
5058,6.26
5059,5.74
5060,5.35
5061,5.16
5062,4.9
5063,4.83
5064,5.12
5065,5.47
5066,5.78
5067,6.11
5068,6.3
5069,6.62
5070,6.84
5071,6.89
5072,7.219999999999998
5073,7.42
5074,7.74
5075,8.519999999999998
5076,8.82
5077,8.96
5078,8.519999999999998
5079,7.8
5080,6.97
5081,6.67
5082,5.7
5083,4.73
5084,5.08
5085,6.31
5086,7.17
5087,7.19
5088,7.21
5089,7.309999999999999
5090,7.46
5091,8.83
5092,8.65
5093,9.03
5094,8.81
5095,7.45
5096,6.57
5097,6.4
5098,6.03
5099,5.64
5100,5.34
5101,5.1
5102,5.11
5103,5.07
5104,5.15
5105,5.39
5106,5.65
5107,5.81
5108,6.2
5109,6.05
5110,5.41
5111,5.39
5112,5.57
5113,5.87
5114,6.37
5115,6.58
5116,6.17
5117,6.09
5118,5.96
5119,5.82
5120,6.22
5121,6.95
5122,7.3
5123,7.469999999999998
5124,7.04
5125,5.82
5126,4.91
5127,5.08
5128,5.29
5129,5.49
5130,5.34
5131,5.25
5132,5.37
5133,5.19
5134,5.4
5135,5.41
5136,5.69
5137,5.64
5138,5.58
5139,5.29
5140,5.16
5141,5.07
5142,4.97
5143,4.87
5144,4.91
5145,4.78
5146,5.06
5147,5.2
5148,5.43
5149,5.47
5150,5.34
5151,5.49
5152,5.61
5153,5.51
5154,5.78
5155,5.81
5156,5.81
5157,5.83
5158,6.03
5159,6.03
5160,5.82
5161,5.57
5162,5.58
5163,5.83
5164,6.14
5165,6.44
5166,6.85
5167,6.79
5168,6.95
5169,7.07
5170,7.259999999999998
5171,7.42
5172,7.66
5173,7.71
5174,7.719999999999998
5175,7.91
5176,8.34
5177,8.8
5178,8.859999999999998
5179,9.0
5180,9.11
5181,8.89
5182,8.49
5183,8.33
5184,8.189999999999998
5185,8.109999999999998
5186,8.22
5187,8.71
5188,8.96
5189,8.59
5190,8.699999999999998
5191,8.5
5192,8.57
5193,8.179999999999998
5194,7.78
5195,7.59
5196,7.48
5197,7.34
5198,7.08
5199,6.94
5200,6.67
5201,6.63
5202,6.34
5203,6.16
5204,6.05
5205,5.72
5206,5.76
5207,5.79
5208,5.93
5209,5.81
5210,5.96
5211,6.38
5212,6.15
5213,6.08
5214,5.77
5215,5.82
5216,5.93
5217,5.78
5218,5.75
5219,5.99
5220,6.16
5221,6.49
5222,6.58
5223,6.98
5224,7.33
5225,8.08
5226,9.25
5227,9.82
5228,10.22
5229,10.47
5230,11.5
5231,12.02
5232,11.8
5233,11.73
5234,11.63
5235,11.35
5236,10.8
5237,10.35
5238,9.93
5239,9.84
5240,9.89
5241,10.01
5242,10.05
5243,9.75
5244,10.25
5245,10.36
5246,11.23
5247,11.1
5248,10.91
5249,10.94
5250,10.98
5251,10.96
5252,10.08
5253,8.72
5254,8.29
5255,8.37
5256,8.84
5257,9.59
5258,10.13
5259,9.91
5260,9.46
5261,9.23
5262,9.4
5263,10.7
5264,11.74
5265,12.8
5266,11.89
5267,11.0
5268,10.6
5269,10.920000000000002
5270,11.13
5271,10.9
5272,10.81
5273,10.59
5274,10.18
5275,9.54
5276,9.39
5277,9.73
5278,9.78
5279,9.96
5280,10.15
5281,10.06
5282,10.05
5283,10.39
5284,10.58
5285,11.03
5286,11.16
5287,11.28
5288,11.57
5289,11.670000000000003
5290,11.47
5291,11.69
5292,11.65
5293,12.09
5294,12.61
5295,12.6
5296,13.43
5297,13.04
5298,13.39
5299,13.86
5300,14.02
5301,14.09
5302,13.87
5303,13.85
5304,14.42
5305,13.5
5306,13.07
5307,13.170000000000003
5308,12.33
5309,11.98
5310,12.03
5311,11.27
5312,10.91
5313,10.32
5314,9.77
5315,9.61
5316,8.849999999999998
5317,8.269999999999998
5318,7.95
5319,7.679999999999999
5320,7.259999999999998
5321,6.98
5322,6.48
5323,6.42
5324,6.69
5325,7.509999999999998
5326,8.3
5327,9.09
5328,10.95
5329,11.36
5330,11.83
5331,11.69
5332,11.420000000000002
5333,10.98
5334,10.81
5335,10.18
5336,9.53
5337,9.2
5338,9.1
5339,8.81
5340,8.67
5341,8.39
5342,7.79
5343,7.01
5344,6.39
5345,5.98
5346,5.74
5347,5.67
5348,5.77
5349,5.92
5350,5.97
5351,6.31
5352,6.73
5353,7.2
5354,7.34
5355,6.92
5356,6.27
5357,5.67
5358,5.45
5359,5.4
5360,5.31
5361,4.85
5362,3.93
5363,3.31
5364,3.17
5365,3.2
5366,3.61
5367,4.29
5368,4.75
5369,5.02
5370,5.55
5371,6.58
5372,7.4
5373,7.38
5374,7.37
5375,8.599999999999998
5376,10.25
5377,11.23
5378,11.49
5379,12.01
5380,12.98
5381,13.55
5382,14.91
5383,14.33
5384,14.41
5385,15.45
5386,14.68
5387,15.46
5388,15.15
5389,15.68
5390,14.92
5391,15.35
5392,16.36
5393,16.59
5394,17.05
5395,16.23
5396,15.92
5397,15.3
5398,14.54
5399,14.31
5400,14.19
5401,12.78
5402,12.04
5403,10.98
5404,10.2
5405,9.56
5406,8.08
5407,6.28
5408,4.72
5409,4.88
5410,6.09
5411,6.96
5412,7.41
5413,7.87
5414,7.87
5415,8.07
5416,8.449999999999998
5417,9.0
5418,9.38
5419,9.52
5420,9.53
5421,9.5
5422,9.59
5423,9.82
5424,10.22
5425,9.83
5426,9.45
5427,9.47
5428,8.929999999999998
5429,8.72
5430,8.3
5431,8.599999999999998
5432,8.759999999999998
5433,8.56
5434,8.22
5435,7.98
5436,7.75
5437,7.0
5438,6.63
5439,6.65
5440,6.42
5441,6.4
5442,6.05
5443,5.68
5444,5.54
5445,5.4
5446,5.25
5447,5.08
5448,4.84
5449,4.98
5450,5.09
5451,5.0
5452,4.89
5453,4.46
5454,4.24
5455,4.22
5456,4.08
5457,4.03
5458,3.89
5459,3.87
5460,3.85
5461,3.78
5462,3.81
5463,3.79
5464,3.93
5465,3.94
5466,3.94
5467,3.87
5468,3.72
5469,3.81
5470,3.88
5471,3.95
5472,4.02
5473,4.02
5474,4.02
5475,3.92
5476,3.88
5477,4.09
5478,4.23
5479,4.41
5480,4.3
5481,4.22
5482,4.01
5483,3.85
5484,3.63
5485,3.4
5486,2.85
5487,2.58
5488,2.38
5489,2.26
5490,2.21
5491,2.27
5492,2.34
5493,2.35
5494,2.2
5495,2.02
5496,1.84
5497,1.71
5498,1.71
5499,1.71
5500,1.67
5501,1.63
5502,1.58
5503,1.59
5504,1.61
5505,1.61
5506,1.62
5507,1.66
5508,1.74
5509,1.7
5510,1.71
5511,1.88
5512,1.99
5513,2.09
5514,2.34
5515,2.46
5516,2.48
5517,2.54
5518,2.63
5519,2.82
5520,2.99
5521,3.08
5522,3.1
5523,3.04
5524,2.98
5525,2.91
5526,2.82
5527,2.74
5528,2.76
5529,2.65
5530,2.59
5531,2.51
5532,2.53
5533,2.49
5534,2.51
5535,2.48
5536,2.43
5537,2.32
5538,2.26
5539,2.27
5540,2.3
5541,2.31
5542,2.31
5543,2.31
5544,2.26
5545,2.32
5546,2.44
5547,2.6
5548,2.69
5549,2.76
5550,2.8
5551,2.79
5552,2.73
5553,2.82
5554,2.97
5555,3.17
5556,3.18
5557,3.18
5558,3.16
5559,3.03
5560,2.96
5561,2.95
5562,3.12
5563,3.37
5564,3.54
5565,3.73
5566,3.83
5567,3.85
5568,3.9
5569,3.87
5570,3.9
5571,3.8
5572,3.81
5573,3.86
5574,3.99
5575,4.3
5576,4.54
5577,4.53
5578,4.65
5579,4.72
5580,4.59
5581,4.61
5582,4.51
5583,4.15
5584,3.98
5585,3.78
5586,3.59
5587,4.55
5588,5.08
5589,5.35
5590,5.46
5591,5.46
5592,5.15
5593,4.17
5594,2.92
5595,3.07
5596,3.7
5597,3.94
5598,3.76
5599,3.1
5600,2.66
5601,2.43
5602,2.29
5603,2.18
5604,2.02
5605,1.87
5606,1.63
5607,1.58
5608,1.56
5609,1.53
5610,1.47
5611,1.38
5612,1.41
5613,1.58
5614,1.77
5615,1.98
5616,2.07
5617,2.24
5618,2.42
5619,2.69
5620,2.89
5621,2.99
5622,3.14
5623,3.55
5624,3.84
5625,4.07
5626,4.35
5627,4.66
5628,4.6
5629,4.75
5630,4.74
5631,4.71
5632,4.67
5633,4.58
5634,4.42
5635,4.35
5636,4.24
5637,4.11
5638,4.03
5639,3.95
5640,3.79
5641,3.81
5642,3.79
5643,3.63
5644,3.37
5645,3.31
5646,3.25
5647,3.3
5648,3.32
5649,3.29
5650,3.46
5651,3.59
5652,3.7
5653,3.94
5654,4.19
5655,4.23
5656,4.34
5657,4.46
5658,4.55
5659,4.43
5660,4.36
5661,4.15
5662,3.86
5663,3.38
5664,3.17
5665,2.8
5666,2.62
5667,2.84
5668,2.87
5669,3.1
5670,3.27
5671,3.33
5672,3.13
5673,2.73
5674,2.59
5675,2.51
5676,2.64
5677,2.73
5678,2.83
5679,2.82
5680,2.6
5681,2.51
5682,2.54
5683,2.78
5684,2.96
5685,3.11
5686,3.15
5687,3.13
5688,3.16
5689,3.3
5690,3.39
5691,3.53
5692,3.38
5693,3.53
5694,3.51
5695,3.62
5696,3.71
5697,3.79
5698,3.84
5699,3.85
5700,3.53
5701,3.56
5702,3.87
5703,4.12
5704,4.21
5705,4.17
5706,4.07
5707,4.0
5708,4.02
5709,4.14
5710,4.28
5711,4.29
5712,4.15
5713,4.01
5714,3.82
5715,3.67
5716,3.64
5717,3.65
5718,3.56
5719,3.43
5720,3.33
5721,3.28
5722,3.14
5723,3.06
5724,2.99
5725,2.87
5726,2.87
5727,2.83
5728,2.83
5729,2.84
5730,2.8
5731,2.87
5732,3.0
5733,2.95
5734,2.9
5735,2.71
5736,2.54
5737,2.48
5738,2.45
5739,2.45
5740,2.47
5741,2.49
5742,2.43
5743,2.14
5744,1.76
5745,1.68
5746,1.66
5747,1.64
5748,1.62
5749,1.67
5750,1.8
5751,2.16
5752,2.43
5753,2.61
5754,2.7
5755,2.67
5756,2.59
5757,2.47
5758,2.38
5759,2.38
5760,2.36
5761,2.49
5762,2.54
5763,2.85
5764,2.81
5765,2.82
5766,2.62
5767,2.59
5768,2.45
5769,2.36
5770,2.34
5771,2.3
5772,2.27
5773,2.23
5774,2.21
5775,2.36
5776,2.36
5777,2.28
5778,2.26
5779,2.3
5780,2.51
5781,2.59
5782,2.66
5783,2.71
5784,2.71
5785,2.67
5786,2.71
5787,2.71
5788,2.82
5789,2.84
5790,2.93
5791,2.89
5792,2.78
5793,2.62
5794,2.5
5795,2.55
5796,2.53
5797,2.47
5798,2.38
5799,2.42
5800,2.51
5801,2.71
5802,2.93
5803,3.08
5804,3.13
5805,3.12
5806,3.12
5807,3.14
5808,3.27
5809,3.41
5810,3.81
5811,3.92
5812,4.01
5813,4.12
5814,4.03
5815,4.03
5816,3.95
5817,3.78
5818,3.59
5819,3.57
5820,3.53
5821,3.43
5822,3.31
5823,3.23
5824,3.01
5825,2.58
5826,2.31
5827,2.29
5828,2.19
5829,2.05
5830,1.87
5831,1.65
5832,1.43
5833,1.22
5834,1.02
5835,0.87
5836,0.8
5837,0.78
5838,0.77
5839,0.77
5840,0.88
5841,0.97
5842,1.07
5843,1.44
5844,1.7
5845,1.87
5846,1.96
5847,2.16
5848,2.23
5849,2.28
5850,2.25
5851,2.26
5852,2.25
5853,2.16
5854,2.08
5855,2.09
5856,2.14
5857,2.18
5858,2.13
5859,2.07
5860,2.15
5861,2.16
5862,2.21
5863,2.16
5864,2.12
5865,1.98
5866,1.81
5867,1.68
5868,1.62
5869,1.45
5870,1.3
5871,1.18
5872,1.15
5873,1.07
5874,1.05
5875,1.06
5876,1.13
5877,1.16
5878,1.19
5879,1.15
5880,1.09
5881,1.02
5882,0.92
5883,0.81
5884,0.72
5885,0.68
5886,0.62
5887,0.58
5888,0.58
5889,0.59
5890,0.62
5891,0.65
5892,0.67
5893,0.7
5894,0.72
5895,0.77
5896,0.8
5897,0.86
5898,0.9
5899,0.95
5900,0.95
5901,0.96
5902,0.96
5903,0.97
5904,0.98
5905,1.0
5906,1.0
5907,1.01
5908,1.04
5909,1.14
5910,1.2
5911,1.2
5912,1.16
5913,1.1
5914,1.07
5915,1.04
5916,1.0
5917,0.96
5918,0.94
5919,0.98
5920,1.02
5921,1.09
5922,1.09
5923,1.05
5924,1.04
5925,1.05
5926,1.16
5927,1.16
5928,1.2400000000000002
5929,1.19
5930,1.19
5931,1.17
5932,1.18
5933,1.17
5934,1.12
5935,1.0
5936,0.94
5937,0.95
5938,1.01
5939,0.9900000000000002
5940,0.96
5941,0.88
5942,0.8399999999999999
5943,0.81
5944,0.81
5945,0.8499999999999999
5946,0.89
5947,0.9
5948,0.98
5949,1.05
5950,1.21
5951,1.41
5952,1.46
5953,1.69
5954,1.81
5955,2.18
5956,2.61
5957,2.74
5958,2.82
5959,2.84
5960,2.85
5961,2.81
5962,2.77
5963,2.54
5964,2.04
5965,1.75
5966,1.54
5967,1.3
5968,1.2400000000000002
5969,1.16
5970,1.11
5971,1.07
5972,1.08
5973,1.17
5974,1.27
5975,1.43
5976,1.46
5977,1.52
5978,1.59
5979,1.67
5980,1.79
5981,1.85
5982,1.9
5983,1.87
5984,1.9
5985,1.97
5986,1.95
5987,1.99
5988,1.98
5989,1.97
5990,2.01
5991,2.08
5992,2.16
5993,2.34
5994,2.48
5995,2.61
5996,2.7
5997,2.84
5998,3.03
5999,3.12
6000,3.16
6001,3.18
6002,3.19
6003,3.19
6004,3.13
6005,2.96
6006,2.9
6007,2.91
6008,2.91
6009,2.83
6010,2.69
6011,2.68
6012,2.64
6013,2.72
6014,2.72
6015,2.68
6016,2.58
6017,2.46
6018,2.39
6019,2.64
6020,2.97
6021,3.33
6022,3.5
6023,3.65
6024,3.88
6025,4.02
6026,4.18
6027,4.31
6028,4.4
6029,4.37
6030,4.53
6031,4.44
6032,4.01
6033,3.86
6034,3.67
6035,3.34
6036,2.69
6037,2.37
6038,2.29
6039,2.12
6040,2.04
6041,1.99
6042,1.91
6043,1.74
6044,1.68
6045,1.7
6046,1.77
6047,1.78
6048,1.82
6049,1.87
6050,1.89
6051,1.76
6052,1.68
6053,1.69
6054,1.73
6055,1.76
6056,1.69
6057,1.63
6058,1.65
6059,1.71
6060,1.72
6061,1.56
6062,1.35
6063,1.54
6064,1.73
6065,1.72
6066,1.66
6067,1.59
6068,1.5
6069,1.42
6070,1.38
6071,1.38
6072,1.41
6073,1.41
6074,1.38
6075,1.41
6076,1.5
6077,1.52
6078,1.55
6079,1.59
6080,1.58
6081,1.61
6082,1.69
6083,1.74
6084,1.83
6085,1.96
6086,1.97
6087,2.08
6088,2.04
6089,2.1
6090,2.09
6091,2.04
6092,2.02
6093,2.01
6094,2.02
6095,2.06
6096,2.09
6097,2.1
6098,1.99
6099,1.94
6100,2.08
6101,2.26
6102,2.26
6103,2.29
6104,2.32
6105,2.38
6106,2.37
6107,2.4
6108,2.32
6109,2.2
6110,2.06
6111,2.04
6112,2.09
6113,2.14
6114,2.23
6115,2.31
6116,2.38
6117,2.52
6118,2.58
6119,2.55
6120,2.53
6121,2.49
6122,2.41
6123,2.42
6124,2.42
6125,2.33
6126,2.17
6127,2.06
6128,2.0
6129,2.02
6130,2.02
6131,2.07
6132,2.12
6133,2.18
6134,2.31
6135,2.33
6136,2.42
6137,2.46
6138,2.46
6139,2.6
6140,2.97
6141,3.22
6142,3.48
6143,3.7
6144,3.9
6145,4.07
6146,4.32
6147,4.15
6148,3.37
6149,2.67
6150,2.09
6151,1.83
6152,1.69
6153,1.69
6154,1.69
6155,1.76
6156,1.83
6157,1.9
6158,1.94
6159,1.99
6160,2.08
6161,2.2
6162,2.31
6163,2.37
6164,2.44
6165,2.48
6166,2.47
6167,2.27
6168,2.06
6169,1.81
6170,1.64
6171,1.57
6172,1.51
6173,1.49
6174,1.54
6175,1.67
6176,1.92
6177,1.98
6178,1.91
6179,1.77
6180,1.72
6181,1.75
6182,1.76
6183,1.79
6184,1.82
6185,1.85
6186,1.82
6187,1.77
6188,1.74
6189,1.73
6190,1.71
6191,1.76
6192,1.82
6193,1.85
6194,1.84
6195,1.93
6196,1.96
6197,2.01
6198,2.02
6199,2.0
6200,1.94
6201,1.91
6202,1.9
6203,1.93
6204,1.97
6205,2.07
6206,2.23
6207,2.39
6208,2.41
6209,2.32
6210,2.24
6211,2.23
6212,2.3
6213,2.41
6214,2.49
6215,2.57
6216,2.77
6217,2.99
6218,3.18
6219,3.35
6220,3.64
6221,3.81
6222,3.87
6223,3.82
6224,3.78
6225,3.41
6226,3.07
6227,2.77
6228,3.18
6229,2.52
6230,2.49
6231,2.36
6232,2.18
6233,2.11
6234,2.08
6235,2.1
6236,2.02
6237,1.92
6238,1.84
6239,1.82
6240,1.82
6241,1.81
6242,1.85
6243,1.92
6244,1.86
6245,1.84
6246,1.85
6247,2.01
6248,2.09
6249,2.18
6250,2.35
6251,2.49
6252,2.66
6253,2.85
6254,3.08
6255,3.5
6256,3.98
6257,4.36
6258,4.87
6259,4.9
6260,4.57
6261,4.05
6262,3.39
6263,2.95
6264,2.77
6265,2.54
6266,2.44
6267,2.54
6268,2.62
6269,3.12
6270,3.5
6271,3.51
6272,3.23
6273,3.01
6274,2.75
6275,2.47
6276,2.31
6277,2.18
6278,2.11
6279,2.08
6280,2.03
6281,2.04
6282,2.02
6283,2.0
6284,1.98
6285,2.02
6286,2.1
6287,2.15
6288,2.25
6289,2.27
6290,2.27
6291,2.26
6292,2.23
6293,2.15
6294,2.14
6295,2.08
6296,2.01
6297,1.96
6298,1.91
6299,1.85
6300,1.8
6301,1.81
6302,1.82
6303,1.85
6304,1.93
6305,2.01
6306,2.1
6307,2.16
6308,2.17
6309,2.1
6310,2.03
6311,2.02
6312,1.94
6313,1.92
6314,1.88
6315,1.88
6316,1.94
6317,1.99
6318,2.02
6319,2.09
6320,2.09
6321,2.08
6322,2.09
6323,2.05
6324,2.02
6325,1.99
6326,1.93
6327,1.84
6328,1.78
6329,1.72
6330,1.69
6331,1.7
6332,1.71
6333,1.74
6334,1.78
6335,1.85
6336,1.87
6337,1.89
6338,1.87
6339,1.8
6340,1.79
6341,1.77
6342,1.77
6343,1.77
6344,1.77
6345,1.74
6346,1.74
6347,1.73
6348,1.78
6349,1.81
6350,1.83
6351,1.86
6352,1.94
6353,1.92
6354,1.92
6355,1.91
6356,1.89
6357,1.89
6358,1.88
6359,1.87
6360,1.84
6361,1.84
6362,1.86
6363,1.91
6364,1.96
6365,2.0
6366,2.01
6367,2.03
6368,2.02
6369,1.96
6370,1.98
6371,2.03
6372,2.03
6373,2.0
6374,1.99
6375,1.96
6376,1.92
6377,1.91
6378,1.91
6379,1.88
6380,1.88
6381,1.88
6382,1.89
6383,1.9
6384,1.93
6385,1.93
6386,1.91
6387,1.87
6388,1.8
6389,1.79
6390,1.8
6391,1.86
6392,1.91
6393,1.97
6394,1.99
6395,1.97
6396,1.87
6397,1.8
6398,1.76
6399,1.8
6400,1.87
6401,2.09
6402,2.36
6403,2.52
6404,2.67
6405,2.73
6406,2.68
6407,2.42
6408,2.21
6409,1.94
6410,1.8
6411,1.69
6412,1.58
6413,1.5
6414,1.54
6415,1.84
6416,2.15
6417,2.53
6418,2.72
6419,2.35
6420,2.14
6421,1.94
6422,1.87
6423,1.81
6424,1.61
6425,1.45
6426,1.35
6427,1.34
6428,1.38
6429,1.42
6430,1.42
6431,1.44
6432,1.47
6433,1.47
6434,1.48
6435,1.45
6436,1.35
6437,1.29
6438,1.23
6439,1.18
6440,1.11
6441,1.05
6442,1.04
6443,1.07
6444,1.15
6445,1.27
6446,1.42
6447,1.49
6448,1.52
6449,1.6
6450,1.67
6451,1.77
6452,1.95
6453,2.1
6454,2.52
6455,3.23
6456,3.89
6457,4.34
6458,4.85
6459,5.15
6460,5.44
6461,5.64
6462,5.84
6463,5.73
6464,5.7
6465,5.45
6466,5.02
6467,4.69
6468,4.5
6469,4.25
6470,4.23
6471,4.14
6472,4.25
6473,4.44
6474,4.6
6475,4.91
6476,5.17
6477,5.39
6478,5.63
6479,5.76
6480,5.77
6481,5.95
6482,5.94
6483,5.66
6484,5.38
6485,5.12
6486,4.9
6487,4.73
6488,4.41
6489,4.1
6490,4.03
6491,4.19
6492,4.54
6493,4.78
6494,4.84
6495,5.11
6496,4.92
6497,4.88
6498,4.97
6499,5.06
6500,5.31
6501,5.64
6502,5.68
6503,5.71
6504,5.59
6505,5.71
6506,5.79
6507,5.76
6508,5.82
6509,5.87
6510,5.97
6511,6.13
6512,6.24
6513,6.37
6514,6.56
6515,6.21
6516,6.28
6517,6.45
6518,6.67
6519,6.48
6520,6.32
6521,6.31
6522,6.13
6523,6.16
6524,6.03
6525,6.0
6526,5.86
6527,5.72
6528,5.63
6529,5.72
6530,5.81
6531,5.85
6532,5.94
6533,6.09
6534,6.28
6535,6.59
6536,6.85
6537,6.91
6538,6.97
6539,6.8
6540,6.61
6541,6.49
6542,6.42
6543,6.12
6544,6.12
6545,5.85
6546,5.33
6547,4.93
6548,4.6
6549,4.15
6550,3.71
6551,3.3
6552,2.82
6553,2.36
6554,2.08
6555,2.07
6556,2.05
6557,1.95
6558,1.94
6559,1.94
6560,1.81
6561,1.7
6562,1.67
6563,1.7
6564,1.77
6565,1.84
6566,1.9
6567,1.95
6568,2.0
6569,2.03
6570,1.91
6571,1.76
6572,1.65
6573,1.63
6574,1.67
6575,1.75
6576,1.89
6577,2.04
6578,2.09
6579,2.11
6580,2.12
6581,2.16
6582,2.21
6583,2.27
6584,2.28
6585,2.21
6586,2.14
6587,2.07
6588,2.05
6589,2.26
6590,2.39
6591,2.43
6592,2.37
6593,2.27
6594,2.09
6595,1.94
6596,1.87
6597,1.88
6598,1.97
6599,2.08
6600,2.13
6601,2.28
6602,2.47
6603,2.73
6604,3.08
6605,3.76
6606,4.13
6607,4.51
6608,4.84
6609,5.1
6610,5.38
6611,5.67
6612,5.88
6613,5.91
6614,5.95
6615,5.89
6616,5.54
6617,5.43
6618,5.4
6619,5.47
6620,5.47
6621,5.44
6622,5.4
6623,5.27
6624,5.41
6625,5.44
6626,5.37
6627,5.21
6628,5.26
6629,5.1
6630,5.28
6631,5.43
6632,5.64
6633,5.68
6634,5.66
6635,5.78
6636,5.6
6637,5.57
6638,5.68
6639,5.69
6640,5.97
6641,5.97
6642,6.08
6643,5.94
6644,6.38
6645,6.55
6646,6.43
6647,6.1
6648,5.64
6649,5.58
6650,5.79
6651,5.86
6652,6.06
6653,6.35
6654,6.15
6655,6.13
6656,6.0
6657,5.94
6658,5.86
6659,5.8
6660,5.87
6661,5.73
6662,5.48
6663,5.39
6664,5.4
6665,5.25
6666,5.24
6667,5.13
6668,5.0
6669,4.64
6670,4.2
6671,4.09
6672,3.67
6673,3.45
6674,3.04
6675,2.75
6676,2.61
6677,2.48
6678,2.24
6679,2.13
6680,2.06
6681,2.01
6682,1.99
6683,2.04
6684,1.98
6685,1.88
6686,1.85
6687,1.81
6688,1.75
6689,1.76
6690,1.79
6691,1.8
6692,1.85
6693,1.89
6694,1.9
6695,1.94
6696,1.99
6697,1.98
6698,1.89
6699,1.77
6700,1.7
6701,1.67
6702,1.66
6703,1.67
6704,1.73
6705,1.82
6706,1.94
6707,1.99
6708,1.98
6709,1.89
6710,1.81
6711,1.79
6712,1.79
6713,1.79
6714,1.79
6715,1.79
6716,1.79
6717,1.79
6718,1.79
6719,1.78
6720,1.81
6721,1.88
6722,1.91
6723,1.9
6724,1.85
6725,1.84
6726,1.87
6727,1.96
6728,2.02
6729,2.02
6730,1.92
6731,1.83
6732,1.83
6733,1.81
6734,1.76
6735,1.76
6736,1.76
6737,1.72
6738,1.69
6739,1.7
6740,1.74
6741,1.76
6742,1.79
6743,1.74
6744,1.73
6745,1.68
6746,1.64
6747,1.6
6748,1.57
6749,1.55
6750,1.54
6751,1.54
6752,1.49
6753,1.46
6754,1.45
6755,1.4
6756,1.41
6757,1.44
6758,1.49
6759,1.51
6760,1.51
6761,1.47
6762,1.41
6763,1.39
6764,1.43
6765,1.47
6766,1.48
6767,1.5
6768,1.52
6769,1.59
6770,1.61
6771,1.59
6772,1.52
6773,1.51
6774,1.48
6775,1.52
6776,1.53
6777,1.45
6778,1.37
6779,1.35
6780,1.35
6781,1.39
6782,1.47
6783,1.56
6784,1.61
6785,1.62
6786,1.59
6787,1.53
6788,1.46
6789,1.41
6790,1.4
6791,1.44
6792,1.47
6793,1.46
6794,1.46
6795,1.43
6796,1.39
6797,1.37
6798,1.36
6799,1.37
6800,1.4
6801,1.43
6802,1.43
6803,1.47
6804,1.47
6805,1.5
6806,1.55
6807,1.56
6808,1.56
6809,1.5
6810,1.42
6811,1.37
6812,1.35
6813,1.35
6814,1.36
6815,1.39
6816,1.47
6817,1.52
6818,1.52
6819,1.52
6820,1.52
6821,1.52
6822,1.52
6823,1.54
6824,1.55
6825,1.58
6826,1.58
6827,1.57
6828,1.54
6829,1.51
6830,1.53
6831,1.52
6832,1.55
6833,1.55
6834,1.54
6835,1.52
6836,1.49
6837,1.53
6838,1.52
6839,1.48
6840,1.41
6841,1.41
6842,1.41
6843,1.42
6844,1.48
6845,1.56
6846,1.64
6847,1.76
6848,1.82
6849,1.92
6850,1.93
6851,1.91
6852,1.85
6853,1.88
6854,1.97
6855,2.05
6856,2.11
6857,2.0
6858,1.98
6859,1.96
6860,1.94
6861,1.9
6862,1.89
6863,1.86
6864,1.83
6865,1.81
6866,1.78
6867,1.77
6868,1.75
6869,1.69
6870,1.67
6871,1.67
6872,1.67
6873,1.66
6874,1.67
6875,1.7
6876,1.73
6877,1.83
6878,1.99
6879,2.17
6880,2.39
6881,2.85
6882,3.22
6883,3.62
6884,4.04
6885,4.57
6886,5.17
6887,5.21
6888,5.18
6889,5.27
6890,5.44
6891,6.24
6892,6.89
6893,7.65
6894,7.95
6895,7.66
6896,7.849999999999999
6897,7.42
6898,6.55
6899,5.77
6900,4.75
6901,4.2
6902,3.54
6903,2.81
6904,2.34
6905,2.04
6906,1.88
6907,1.83
6908,1.76
6909,1.74
6910,1.73
6911,1.7
6912,1.71
6913,1.73
6914,1.75
6915,1.75
6916,1.79
6917,1.81
6918,1.8
6919,1.85
6920,1.85
6921,1.85
6922,1.78
6923,1.78
6924,1.82
6925,1.85
6926,1.88
6927,1.91
6928,1.91
6929,1.92
6930,1.89
6931,1.87
6932,1.87
6933,1.88
6934,1.92
6935,1.95
6936,1.97
6937,2.01
6938,2.01
6939,1.99
6940,1.96
6941,1.95
6942,1.92
6943,1.87
6944,1.84
6945,1.91
6946,1.92
6947,1.91
6948,1.93
6949,1.9
6950,1.87
6951,1.87
6952,1.86
6953,1.85
6954,1.87
6955,1.87
6956,1.87
6957,1.85
6958,1.88
6959,1.87
6960,1.86
6961,1.85
6962,1.87
6963,1.86
6964,1.87
6965,1.85
6966,1.84
6967,1.84
6968,1.85
6969,1.84
6970,1.84
6971,1.87
6972,1.88
6973,1.85
6974,1.87
6975,1.88
6976,1.88
6977,1.88
6978,1.91
6979,1.9
6980,1.89
6981,1.9
6982,1.91
6983,1.91
6984,1.92
6985,1.94
6986,1.95
6987,1.92
6988,1.94
6989,1.93
6990,1.95
6991,1.92
6992,1.93
6993,1.92
6994,1.94
6995,1.95
6996,1.93
6997,1.93
6998,1.92
6999,1.87
7000,1.9
7001,1.87
7002,1.87
7003,1.89
7004,1.87
7005,1.87
7006,1.87
7007,1.87
7008,1.86
7009,1.86
7010,1.92
7011,1.92
7012,1.88
7013,1.92
7014,1.92
7015,1.89
7016,1.9
7017,1.9
7018,1.88
7019,1.87
7020,1.88
7021,1.88
7022,1.92
7023,1.86
7024,1.84
7025,1.83
7026,1.84
7027,1.85
7028,1.86
7029,1.91
7030,1.92
7031,1.94
7032,1.92
7033,1.92
7034,1.93
7035,1.91
7036,1.85
7037,1.84
7038,1.82
7039,1.82
7040,1.76
7041,1.76
7042,1.74
7043,1.72
7044,1.72
7045,1.73
7046,1.75
7047,1.77
7048,1.81
7049,1.85
7050,1.88
7051,1.91
7052,1.9
7053,1.91
7054,1.9
7055,1.91
7056,1.88
7057,1.83
7058,1.81
7059,1.8
7060,1.81
7061,1.82
7062,1.81
7063,1.79
7064,1.73
7065,1.69
7066,1.68
7067,1.69
7068,1.71
7069,1.72
7070,1.71
7071,1.7
7072,1.68
7073,1.67
7074,1.71
7075,1.77
7076,1.82
7077,1.77
7078,1.79
7079,1.74
7080,1.74
7081,1.75
7082,1.8
7083,1.82
7084,1.81
7085,1.82
7086,1.84
7087,1.83
7088,1.82
7089,1.81
7090,1.8
7091,1.79
7092,1.76
7093,1.74
7094,1.71
7095,1.72
7096,1.72
7097,1.67
7098,1.68
7099,1.7
7100,1.69
7101,1.71
7102,1.72
7103,1.74
7104,1.72
7105,1.7
7106,1.68
7107,1.71
7108,1.71
7109,1.68
7110,1.66
7111,1.67
7112,1.65
7113,1.64
7114,1.69
7115,1.68
7116,1.73
7117,1.75
7118,1.73
7119,1.7
7120,1.7
7121,1.69
7122,1.7
7123,1.69
7124,1.72
7125,1.73
7126,1.71
7127,1.7
7128,1.68
7129,1.66
7130,1.67
7131,1.64
7132,1.66
