,#DEPTH,DIP,AZIM,QUAL,DEVI,HAZI,AAZI,ADIP,DIPTYPE
0,1886.85,5.5,321.8,1.0,30.9,262.4,270.8,34.0,BED
1,1887.4,12.9,329.4,1.0,30.8,257.0,277.8,36.6,BED
2,1887.97,6.7,326.7,1.0,30.9,255.0,266.5,33.5,BED
3,1888.53,10.5,320.5,1.0,30.8,263.3,277.8,37.4,BED
4,1889.34,6.7,336.3,1.0,30.8,298.0,305.0,36.3,BED
5,1889.68,3.9,306.5,1.0,30.8,299.8,300.6,34.7,BED
6,1890.13,6.3,338.4,1.0,30.8,303.3,309.4,36.1,BED
7,1890.77,2.6,314.7,1.0,31.0,303.5,304.4,33.5,BED
8,1891.27,1.1,284.6,1.0,31.0,303.3,302.6,32.0,BED
9,1891.73,5.5,56.6,1.0,31.1,302.9,313.3,29.3,BED
10,1891.98,1.4,351.4,1.0,31.0,302.4,304.4,32.0,BED
11,1892.41,3.0,321.5,1.0,31.0,301.7,303.5,33.8,BED
12,1892.77,3.0,326.6,1.0,31.0,301.2,303.5,33.8,BED
13,1893.16,3.7,314.5,1.0,31.0,301.2,302.6,34.6,BED
14,1893.56,3.2,63.1,1.0,31.0,297.3,302.6,29.3,BED
15,1893.89,2.9,323.3,1.0,31.0,301.6,303.5,33.7,BED
16,1894.37,0.4,28.1,1.0,31.1,301.8,302.6,31.1,BED
17,1894.67,3.6,309.4,1.0,31.1,301.8,302.6,34.6,BED
18,1895.12,6.4,320.9,1.0,31.0,301.8,305.3,37.1,BED
19,1895.58,4.1,46.0,1.0,31.0,301.9,309.7,30.2,BED
20,1895.84,1.9,312.2,1.0,31.0,302.0,302.6,32.9,BED
21,1896.26,5.2,351.0,1.0,31.0,301.9,308.8,34.6,BED
22,1896.63,5.2,351.2,1.0,31.0,301.9,308.8,34.6,BED
23,1897.12,2.0,5.3,1.0,31.1,301.9,305.3,32.1,BED
24,1897.5,4.5,46.1,1.0,31.1,301.9,310.6,30.3,BED
25,1897.83,8.1,25.2,1.0,31.1,301.9,316.8,32.9,BED
26,1898.02,3.8,323.1,1.0,31.1,302.0,304.4,34.6,BED
27,1898.44,5.7,14.6,1.0,30.9,301.5,311.5,32.9,BED
28,1898.59,5.5,356.4,1.0,31.2,301.9,309.7,34.7,BED
29,1898.91,4.5,315.0,1.0,31.1,301.8,303.5,35.5,BED
30,1899.2,6.2,349.8,1.0,31.1,301.8,309.7,35.5,BED
31,1899.64,3.3,1.4,1.0,31.1,301.9,307.1,32.9,BED
32,1899.92,4.0,59.9,1.0,31.0,301.7,308.8,29.3,BED
33,1900.24,3.0,355.9,1.0,31.0,301.7,306.2,32.9,BED
34,1900.63,2.8,324.7,1.0,31.2,301.5,303.5,33.8,BED
35,1901.05,4.0,333.5,1.0,31.1,301.5,305.3,34.6,BED
36,1901.29,5.0,333.9,1.0,31.1,301.5,306.2,35.4,BED
37,1901.6,6.8,346.6,1.0,31.1,301.5,309.7,36.3,BED
38,1902.11,8.3,333.9,1.0,31.3,301.7,308.8,38.6,BED
39,1902.59,2.7,316.6,1.0,31.2,301.4,302.6,33.8,BED
40,1902.91,6.2,319.8,1.0,31.1,301.1,304.4,37.1,BED
41,1903.29,2.5,82.3,1.0,31.2,301.2,304.4,29.3,BED
42,1903.67,1.9,33.6,1.0,31.2,301.5,305.3,31.2,BED
43,1903.97,3.5,20.6,1.0,31.2,301.4,307.9,32.1,BED
44,1904.25,3.1,52.0,1.0,31.2,301.3,307.1,30.3,BED
45,1904.58,3.8,21.3,1.0,31.6,306.9,313.6,32.8,BED
46,1904.91,3.0,34.9,1.0,31.2,301.4,307.1,31.2,BED
47,1905.14,2.8,326.3,1.0,31.3,301.4,303.5,33.8,BED
48,1905.44,5.8,28.2,1.0,31.3,301.4,312.4,32.1,BED
49,1905.77,2.1,13.2,1.0,31.3,301.5,305.3,32.0,BED
50,1906.06,1.1,344.0,1.0,31.3,301.3,302.6,32.0,BED
51,1906.42,2.0,263.5,1.0,31.3,301.3,299.1,32.9,BED
52,1906.72,2.5,37.3,1.0,31.3,301.3,306.2,31.2,BED
53,1907.02,2.5,306.5,1.0,31.3,301.4,301.8,33.8,BED
54,1907.28,2.1,338.7,1.0,31.3,301.2,303.5,32.9,BED
55,1907.45,5.9,336.7,1.0,31.3,301.3,307.1,36.3,BED
56,1907.74,6.8,318.0,1.0,31.3,301.2,304.4,37.8,BED
57,1908.05,5.4,345.9,1.0,31.4,301.3,307.9,35.4,BED
58,1908.25,4.1,305.8,1.0,31.3,301.2,301.8,35.4,BED
59,1908.59,2.6,330.0,1.0,31.4,301.2,303.5,33.7,BED
60,1908.79,4.4,13.8,1.0,31.4,301.2,308.8,32.9,BED
61,1908.99,1.4,5.7,1.0,31.4,301.2,303.5,32.0,BED
62,1909.36,4.8,16.6,1.0,31.4,301.1,309.7,32.9,BED
63,1909.79,1.3,46.8,1.0,31.4,301.2,303.5,31.1,BED
64,1910.21,6.5,6.2,1.0,31.4,301.1,311.5,34.6,BED
65,1910.5,5.3,329.1,1.0,31.4,301.0,305.3,36.2,BED
66,1910.75,3.2,308.9,1.0,31.4,301.0,301.8,34.6,BED
67,1910.98,5.3,329.5,1.0,31.5,301.0,305.3,36.2,BED
68,1911.25,3.3,23.5,1.0,31.4,300.8,307.1,32.0,BED
69,1911.5,6.5,6.8,1.0,31.5,301.0,311.5,34.6,BED
70,1911.7,2.5,324.9,1.0,31.4,300.8,302.6,33.8,BED
71,1912.07,4.1,359.3,1.0,31.4,300.7,307.1,33.7,BED
72,1912.42,2.7,2.4,1.0,31.5,300.9,305.3,32.9,BED
73,1912.76,3.3,350.0,1.0,31.5,300.8,305.3,33.7,BED
74,1913.04,2.8,2.9,1.0,31.5,300.7,305.3,32.9,BED
75,1913.31,5.3,359.1,1.0,31.5,300.9,308.8,34.6,BED
76,1913.59,2.4,356.8,1.0,31.5,300.8,304.4,32.9,BED
77,1913.96,5.0,320.5,1.0,31.5,300.7,303.5,36.2,BED
78,1914.34,2.9,23.8,1.0,31.6,300.7,306.2,32.0,BED
79,1914.61,5.8,2.1,1.0,31.5,300.7,309.7,34.6,BED
80,1914.88,2.0,18.2,1.0,31.5,300.7,304.4,32.0,BED
81,1915.07,0.7,66.5,1.0,31.5,300.6,301.8,31.1,BED
82,1915.35,2.6,337.1,1.0,31.6,300.8,303.5,33.7,BED
83,1915.56,4.2,29.4,1.0,31.6,300.8,308.8,32.0,BED
84,1915.83,7.6,357.5,1.0,31.6,300.7,311.5,36.2,BED
85,1916.15,3.2,351.9,1.0,31.6,300.8,305.3,33.7,BED
86,1916.55,5.3,11.4,1.0,31.6,300.7,309.7,33.7,BED
87,1916.83,3.3,350.2,1.0,31.6,300.8,305.3,33.9,BED
88,1916.97,77.9,135.6,1.0,31.6,300.5,140.7,47.7,FRACTURE
89,1917.45,6.7,66.7,1.0,31.7,300.8,312.4,28.2,BED
90,1917.81,1.2,326.6,1.0,31.7,300.8,301.8,32.8,BED
91,1918.19,5.3,11.5,1.0,31.7,300.8,309.7,33.8,BED
92,1918.62,2.5,24.9,1.0,31.7,300.7,305.3,32.0,BED
93,1918.9,5.6,61.0,1.0,31.7,300.8,310.6,29.3,BED
94,1919.18,5.8,13.7,1.0,31.7,300.7,310.6,33.8,BED
95,1919.51,4.9,21.4,1.0,31.8,300.7,309.7,32.9,BED
96,1919.86,1.3,58.7,1.0,31.7,300.5,302.6,31.1,BED
97,1920.31,1.8,22.7,1.0,31.7,300.1,303.5,32.0,BED
98,1920.74,3.4,338.0,1.0,31.8,300.8,304.4,34.6,BED
99,1921.08,2.0,51.4,1.0,31.8,300.7,304.4,31.1,BED
100,1921.42,4.7,33.0,1.0,31.9,300.8,309.7,32.0,BED
101,1922.23,3.9,4.4,1.0,31.9,300.8,307.1,33.8,BED
102,1922.46,1.2,329.1,1.0,31.9,300.7,301.8,32.9,BED
103,1922.82,2.2,5.8,1.0,31.9,300.7,304.4,32.9,BED
104,1923.27,2.9,29.4,1.0,31.8,300.6,306.2,32.0,BED
105,1923.61,5.6,324.4,1.0,31.9,300.7,304.4,37.1,BED
106,1923.85,4.5,21.4,1.0,31.9,300.7,308.8,32.9,BED
107,1924.02,3.0,68.0,1.0,31.9,300.6,305.3,30.2,BED
108,1924.23,1.1,330.5,1.0,31.9,300.7,301.8,32.9,BED
109,1924.54,6.5,2.4,1.0,32.0,300.7,310.6,35.5,BED
110,1925.16,4.3,9.4,1.0,32.0,300.7,307.9,33.7,BED
111,1925.36,3.0,68.2,1.0,32.0,300.6,305.3,30.2,BED
112,1925.62,2.2,54.4,1.0,32.0,300.6,304.4,31.2,BED
113,1925.8,3.9,76.4,1.0,32.0,300.6,306.2,29.3,BED
114,1926.08,1.8,288.4,1.0,32.0,300.7,300.0,33.8,BED
115,1926.4,4.8,33.9,1.0,32.0,300.7,309.7,32.1,BED
116,1926.66,4.0,21.1,1.0,32.1,300.7,307.9,32.9,BED
117,1926.95,2.5,31.6,1.0,32.0,300.6,305.3,32.1,BED
118,1927.29,1.4,352.9,1.0,32.1,300.6,302.6,32.9,BED
119,1927.44,58.5,288.7,1.0,32.0,300.5,290.5,90.0,DRILL.IND.FRAC.
120,1927.56,1.6,31.1,1.0,32.0,300.5,303.5,32.1,BED
121,1927.99,10.0,49.1,1.0,32.1,300.5,319.4,30.2,BED
122,1928.4,4.4,44.9,1.0,32.1,299.7,307.9,31.2,BED
123,1929.13,5.8,300.9,1.0,32.1,298.7,299.1,37.9,BED
124,1929.73,0.9,358.3,1.0,32.3,297.7,299.1,32.8,BED
125,1929.98,4.0,18.4,1.0,32.1,298.1,305.3,33.0,BED
126,1930.55,11.5,332.0,1.0,32.2,297.3,307.1,42.1,BED
127,1930.71,7.2,11.7,1.0,32.1,295.6,307.9,34.5,BED
128,1930.97,86.6,268.6,1.0,32.2,294.1,85.6,64.5,FRACTURE
129,1931.04,10.4,330.4,1.0,32.2,291.9,301.8,40.8,BED
130,1931.33,5.6,356.8,1.0,32.2,279.5,289.4,33.8,BED
131,1931.59,9.1,328.7,1.0,32.2,276.9,288.5,38.5,BED
132,1931.93,3.7,3.3,1.0,32.3,290.9,297.3,33.6,BED
133,1932.26,4.3,49.9,1.0,32.2,300.1,307.9,31.0,BED
134,1932.68,4.9,352.7,1.0,32.2,300.3,307.1,35.4,BED
135,1932.9,2.0,17.8,1.0,32.3,300.8,304.4,32.8,BED
136,1933.09,2.6,19.2,1.0,32.2,300.5,305.3,32.8,BED
137,1933.52,1.1,48.4,1.0,32.3,300.6,302.6,31.9,BED
138,1933.77,3.5,330.0,1.0,32.3,300.5,303.5,35.4,BED
139,1933.99,3.7,337.1,1.0,32.3,300.6,304.4,35.4,BED
140,1934.12,58.4,287.0,1.0,32.3,300.6,289.0,90.0,DRILL.IND.FRAC.
141,1934.38,1.1,53.0,1.0,32.4,299.8,301.8,32.0,BED
142,1934.85,3.1,20.5,1.0,32.3,282.7,288.5,32.1,BED
143,1935.13,7.0,356.8,1.0,32.3,273.3,285.8,33.7,BED
144,1935.37,5.6,344.9,1.0,32.3,273.9,283.2,34.5,BED
145,1935.78,7.0,340.2,1.0,32.4,286.2,295.6,36.9,BED
146,1936.12,3.8,309.3,1.0,32.4,297.8,299.1,36.1,BED
147,1936.31,2.9,22.4,1.0,32.3,299.0,304.4,32.8,BED
148,1936.51,1.0,4.3,1.0,32.4,300.1,301.8,32.8,BED
149,1936.85,3.7,12.3,1.0,32.4,299.8,306.2,33.7,BED
150,1937.12,1.8,13.8,1.0,32.4,295.8,299.1,32.8,BED
151,1937.36,3.8,46.7,1.0,32.4,292.4,299.1,31.0,BED
152,1937.57,6.4,45.8,1.0,32.4,290.1,301.8,30.1,BED
153,1938.05,3.8,27.1,1.0,32.4,286.7,293.8,31.9,BED
154,1938.26,2.1,341.8,1.0,32.4,285.3,288.5,33.6,BED
155,1938.51,2.3,316.4,1.0,32.4,289.3,291.1,34.5,BED
156,1938.84,2.3,59.8,1.0,32.5,289.5,292.9,31.0,BED
157,1939.05,3.7,15.0,1.0,32.4,287.8,294.7,32.8,BED
158,1939.52,9.2,21.8,1.0,32.4,292.1,308.8,33.6,BED
159,1939.89,4.3,359.7,1.0,32.5,293.9,300.9,34.4,BED
160,1940.12,1.0,13.3,1.0,32.5,295.4,297.3,32.7,BED
161,1940.42,5.9,21.4,1.0,32.5,298.1,308.8,33.6,BED
162,1940.72,4.6,318.1,1.0,32.5,300.3,302.6,36.9,BED
163,1940.98,3.9,320.3,1.0,32.5,300.4,302.6,36.1,BED
164,1941.39,0.9,165.4,1.0,32.5,300.3,299.1,31.9,BED
165,1941.86,1.3,63.3,1.0,32.6,300.6,302.6,31.9,BED
166,1941.95,85.2,58.5,1.0,32.5,300.4,52.1,71.2,HEALEDFRACTURE
167,1942.24,53.4,27.7,1.0,32.5,300.5,6.7,61.2,HEALEDFRACTURE
168,1942.39,2.6,69.9,1.0,32.6,300.6,304.4,31.0,BED
169,1942.84,1.6,133.6,1.0,32.5,299.8,299.1,31.0,BED
170,1943.24,0.9,18.5,1.0,32.6,300.2,301.8,32.8,BED
171,1943.58,4.8,271.7,1.0,32.6,300.3,296.4,36.9,BED
172,1944.12,2.6,46.3,1.0,32.5,299.7,304.4,31.9,BED
173,1944.43,2.7,100.6,1.0,32.6,299.2,300.9,30.1,BED
174,1944.82,2.6,29.9,1.0,32.7,299.5,304.4,32.7,BED
175,1945.28,0.7,23.2,1.0,32.7,300.4,301.8,32.8,BED
176,1945.68,4.2,233.5,1.0,32.6,300.7,293.8,34.5,BED
177,1945.97,2.4,165.1,1.0,32.6,300.5,297.3,31.0,BED
178,1946.36,2.7,102.3,1.0,32.7,300.1,301.8,30.1,BED
179,1946.57,3.3,63.9,1.0,32.7,300.0,305.3,31.0,BED
180,1946.69,57.6,290.5,1.0,32.7,300.0,292.0,90.0,DRILL.IND.FRAC.
181,1946.92,0.4,228.0,1.0,32.6,299.9,299.1,32.8,BED
182,1947.25,2.3,187.1,1.0,32.7,299.6,295.6,31.9,BED
183,1947.58,4.5,127.4,1.0,32.7,299.5,298.2,28.2,BED
184,1947.82,1.7,131.8,1.0,32.7,299.0,298.2,31.0,BED
185,1948.12,6.1,59.4,1.0,32.7,299.2,309.7,30.1,BED
186,1948.47,4.6,67.9,1.0,32.8,299.8,307.1,30.1,BED
187,1948.75,5.1,76.7,1.0,32.7,299.9,307.1,29.2,BED
188,1948.98,2.8,104.0,1.0,32.8,300.2,301.8,30.1,BED
189,1949.28,86.0,57.6,1.0,32.7,300.1,51.7,72.1,HEALEDFRACTURE
190,1949.35,2.9,209.6,1.0,32.7,300.1,294.7,32.8,BED
191,1949.58,2.3,160.3,1.0,32.8,300.3,297.3,31.0,BED
192,1949.85,3.3,338.3,1.0,32.7,300.0,303.5,35.3,BED
193,1950.17,6.1,157.9,1.0,32.8,300.0,292.0,28.2,BED
194,1950.59,3.7,160.8,1.0,32.8,299.6,294.7,30.1,BED
195,1950.97,1.4,31.7,1.0,32.8,299.1,301.8,32.8,BED
196,1951.12,3.6,124.4,1.0,32.7,298.9,298.2,29.2,BED
197,1951.45,3.7,113.2,1.0,32.8,299.2,300.0,29.1,BED
198,1951.94,2.8,165.8,1.0,32.8,299.4,295.6,31.0,BED
199,1952.45,3.2,150.3,1.0,32.8,299.7,296.4,30.1,BED
200,1953.02,3.2,302.6,1.0,32.9,299.7,300.0,36.1,BED
201,1953.61,3.5,347.4,1.0,32.9,300.0,304.4,35.3,BED
202,1953.88,3.8,63.2,1.0,32.9,300.0,306.2,30.9,BED
203,1954.34,4.7,182.0,1.0,32.9,300.1,292.0,31.0,BED
204,1954.74,4.8,247.5,1.0,33.0,300.3,293.8,36.1,BED
205,1955.18,1.9,10.6,1.0,32.9,300.2,303.5,33.6,BED
206,1955.74,2.4,58.3,1.0,32.9,300.4,304.4,31.9,BED
207,1956.33,7.4,51.8,1.0,33.0,300.6,314.1,31.0,BED
208,1956.6,1.4,3.2,1.0,33.0,300.4,302.6,33.6,BED
209,1956.78,2.0,62.9,1.0,32.9,300.3,303.5,31.9,BED
210,1957.11,57.7,287.5,1.0,33.0,300.3,289.5,90.0,DRILL.IND.FRAC.
211,1957.22,90.0,238.2,0.5,33.0,300.4,54.3,75.3,HEALEDFRACTURE
212,1957.27,3.4,92.2,1.0,33.0,300.4,303.5,30.1,BED
213,1957.62,4.1,142.1,1.0,33.0,300.4,297.3,29.2,BED
214,1958.11,1.2,109.6,1.0,33.0,300.4,300.9,31.8,BED
215,1958.49,4.9,71.5,1.0,33.1,300.6,307.9,30.1,BED
216,1958.84,1.8,226.7,1.0,33.1,300.5,297.3,33.6,BED
217,1959.3,2.8,218.1,1.0,33.1,300.6,295.6,33.6,BED
218,1959.8,1.7,15.5,1.0,33.1,300.6,303.5,33.5,BED
219,1960.07,2.6,178.1,1.0,33.1,300.6,296.4,31.8,BED
220,1960.37,1.8,255.8,1.0,33.1,300.5,298.2,34.4,BED
221,1960.65,1.8,253.0,1.0,33.1,300.6,298.2,34.4,BED
222,1960.8,2.2,319.7,1.0,33.1,300.5,301.8,35.2,BED
223,1961.08,2.3,330.6,1.0,33.1,300.6,302.6,35.2,BED
224,1961.32,3.7,199.9,1.0,33.2,300.6,293.8,32.7,BED
225,1961.71,4.3,350.8,1.0,33.1,300.5,306.2,36.0,BED
226,1961.96,4.7,232.8,1.0,33.1,300.5,292.9,35.2,BED
227,1962.28,3.6,41.8,1.0,33.2,300.6,307.1,32.7,BED
228,1962.72,1.7,345.9,1.0,33.2,300.5,302.6,34.4,BED
229,1962.98,0.8,231.9,1.0,33.2,300.5,299.1,33.5,BED
230,1963.2,4.3,234.6,1.0,33.3,300.6,293.8,35.2,BED
231,1963.53,3.1,42.5,1.0,33.2,300.5,306.2,32.7,BED
232,1963.96,8.3,41.6,1.0,33.3,300.6,315.9,32.6,BED
233,1964.21,0.9,170.9,1.0,33.2,300.4,299.1,32.7,BED
234,1964.69,2.0,1.0,1.0,33.3,300.5,303.5,34.3,BED
235,1965.01,2.9,11.3,1.0,33.2,300.3,305.3,34.3,BED
236,1965.24,3.2,45.5,1.0,33.3,300.4,306.2,32.6,BED
237,1965.65,1.8,186.3,1.0,33.4,300.4,297.3,32.6,BED
238,1965.89,4.4,53.2,1.0,33.3,300.3,307.9,31.8,BED
239,1966.05,1.2,263.2,1.0,33.4,300.4,299.1,34.4,BED
240,1966.29,3.1,61.5,1.0,33.3,300.2,305.3,31.8,BED
241,1966.6,0.9,19.2,1.0,33.3,300.1,301.8,33.5,BED
242,1966.99,2.0,153.5,1.0,33.4,300.3,298.2,31.8,BED
243,1967.27,8.2,75.4,1.0,33.4,300.1,312.4,28.1,BED
244,1967.49,3.4,120.3,1.0,33.4,300.0,300.0,30.0,BED
245,1967.7,3.4,45.5,1.0,33.4,300.2,306.2,32.7,BED
246,1968.16,0.8,132.5,1.0,33.4,300.3,300.0,32.7,BED
247,1968.49,57.7,283.9,1.0,33.4,300.4,286.5,90.0,DRILL.IND.FRAC.
248,1968.75,1.1,78.3,1.0,33.5,300.4,301.8,32.7,BED
249,1968.98,2.4,254.1,1.0,33.5,300.4,297.3,35.2,BED
250,1969.36,2.3,159.5,1.0,33.5,300.1,297.3,31.8,BED
251,1969.68,3.8,7.8,1.0,33.6,300.1,306.2,35.2,BED
252,1970.03,1.8,299.7,1.0,33.5,300.0,300.0,35.2,BED
253,1970.47,3.3,298.1,1.0,33.5,300.2,300.0,36.8,BED
254,1970.85,2.2,229.4,1.0,33.6,300.2,296.4,34.3,BED
255,1971.27,2.7,122.8,1.0,33.6,300.2,300.0,30.9,BED
256,1971.64,7.2,144.0,1.0,33.6,300.1,293.8,27.2,BED
257,1971.99,3.6,120.9,1.0,33.6,300.1,300.0,30.0,BED
258,1972.6,2.3,253.0,1.0,33.6,300.2,297.3,35.2,BED
259,1973.03,1.8,228.5,1.0,33.7,300.4,297.3,34.3,BED
260,1973.36,1.0,352.3,1.0,33.7,300.4,301.8,34.3,BED
261,1973.7,2.7,36.9,1.0,33.7,300.4,305.3,33.5,BED
262,1973.92,1.3,239.4,1.0,33.7,300.3,298.2,34.4,BED
263,1974.26,3.7,191.4,1.0,33.7,300.3,293.8,32.7,BED
264,1974.36,57.9,280.3,1.0,33.7,300.3,283.5,90.0,DRILL.IND.FRAC.
265,1974.78,2.2,202.1,1.0,33.7,300.3,296.4,33.5,BED
266,1975.06,3.3,37.1,1.0,33.7,300.3,306.2,33.5,BED
267,1975.39,3.2,348.0,1.0,33.7,300.3,304.4,36.0,BED
268,1975.68,1.3,45.2,1.0,33.8,300.4,302.6,33.5,BED
269,1975.9,2.9,341.8,1.0,33.7,300.3,303.5,35.9,BED
270,1976.24,5.8,185.9,1.0,33.8,300.3,290.3,31.8,BED
271,1976.69,1.0,355.3,1.0,33.8,300.3,301.8,34.4,BED
272,1977.02,2.5,178.2,1.0,33.9,300.3,296.4,32.6,BED
273,1977.31,1.6,162.5,1.0,33.8,300.2,298.2,32.6,BED
274,1977.86,3.0,287.1,1.0,33.9,300.2,299.1,36.8,BED
275,1978.11,4.0,0.9,1.0,33.9,300.2,306.2,36.0,BED
276,1978.57,1.7,194.8,1.0,33.9,300.3,297.3,33.5,BED
277,1978.85,4.1,133.9,1.0,33.9,300.2,298.2,29.9,BED
278,1979.33,3.4,145.2,1.0,33.9,300.2,297.3,30.9,BED
279,1979.85,1.9,74.3,1.0,33.9,300.1,302.6,32.6,BED
280,1980.22,1.2,183.5,1.0,34.0,300.2,298.2,33.5,BED
281,1980.72,1.8,158.3,1.0,34.0,300.3,298.2,32.6,BED
282,1980.95,2.7,153.2,1.0,34.0,300.2,297.3,31.7,BED
283,1981.2,2.7,92.1,1.0,34.1,300.2,302.6,31.7,BED
284,1981.45,2.3,121.1,1.0,34.0,300.1,300.0,31.7,BED
285,1981.88,4.9,73.9,1.0,34.0,300.1,307.1,30.8,BED
286,1982.32,3.4,164.3,1.0,34.0,300.0,295.6,31.7,BED
287,1982.74,2.6,286.1,1.0,34.2,300.2,299.1,36.7,BED
288,1983.17,2.4,109.8,1.0,34.0,300.1,300.9,31.7,BED
289,1983.66,1.6,53.7,1.0,34.0,300.0,302.6,33.4,BED
290,1983.96,3.1,226.4,1.0,34.1,299.9,294.7,35.1,BED
291,1984.32,3.5,2.4,1.0,34.2,300.1,305.3,35.9,BED
292,1984.83,0.9,296.7,1.0,34.2,300.1,300.0,35.1,BED
293,1985.16,2.7,47.0,0.5,34.1,300.0,304.6,33.4,BED
294,1985.81,6.3,3.8,0.5,34.2,300.1,309.4,37.4,BED
295,1986.26,4.3,308.6,0.5,34.2,300.0,301.0,38.5,BED
296,1986.97,1.4,309.5,0.5,34.2,300.0,300.4,35.7,BED
297,1987.44,3.0,99.6,0.5,34.4,300.2,302.2,31.5,BED
298,1987.92,3.0,146.7,0.5,34.3,300.0,297.4,31.6,BED
299,1988.6,1.2,193.8,0.5,34.3,300.1,298.0,34.0,BED
300,1989.1,4.1,64.8,0.5,34.4,300.0,306.4,32.2,BED
301,1989.96,4.6,342.8,0.5,34.4,300.1,305.2,37.9,BED
302,1990.72,3.4,19.7,0.5,34.4,300.0,305.8,35.1,BED
303,1991.19,2.8,347.8,0.5,34.4,299.9,303.4,36.3,BED
304,1991.93,2.3,357.4,0.5,34.4,300.0,303.4,35.7,BED
305,1992.56,3.7,321.8,0.5,34.5,300.0,302.2,37.9,BED
306,1993.26,5.4,14.4,0.5,34.4,299.9,308.8,36.2,BED
307,1993.65,6.4,18.3,0.5,34.5,299.9,310.6,36.3,BED
308,1994.15,7.5,352.2,0.5,34.5,300.1,309.4,39.5,BED
309,1994.69,5.6,340.2,0.5,34.5,300.0,305.8,38.9,BED
310,1995.15,4.4,1.0,0.5,34.5,300.0,306.4,36.8,BED
311,1995.63,8.4,11.7,0.5,34.5,299.9,313.0,37.9,BED
312,1996.14,3.0,313.6,0.5,34.5,299.8,301.0,37.3,BED
313,1997.11,3.9,15.5,0.5,34.5,299.9,306.4,35.7,BED
314,1997.87,3.1,22.1,0.5,34.6,299.9,305.2,35.1,BED
315,1998.13,56.0,320.7,0.5,35.0,305.1,318.0,90.0,DRILL.IND.FRAC.
316,1998.46,2.0,34.7,0.5,34.6,299.9,303.4,34.5,BED
317,1998.91,2.5,339.7,1.0,34.6,299.9,302.6,36.6,BED
318,1999.26,3.2,69.0,0.5,34.7,299.9,304.6,32.7,BED
319,1999.71,3.0,304.3,1.0,34.7,299.8,300.2,37.6,BED
320,2000.13,5.9,347.9,0.5,34.8,300.0,307.0,38.9,BED
321,2000.89,1.3,172.0,0.5,34.7,299.9,298.0,33.9,BED
322,2001.92,2.6,119.4,0.5,34.7,299.8,299.8,32.1,BED
323,2002.5,7.5,355.5,0.5,34.8,299.6,309.4,39.4,BED
324,2003.29,3.6,27.5,0.5,34.8,299.6,305.8,35.0,BED
325,2004.12,4.7,50.6,0.5,34.8,299.6,307.6,33.3,BED
326,2004.83,5.5,18.3,0.5,34.8,299.7,308.8,36.3,BED
327,2005.24,3.7,312.5,0.5,34.8,299.7,301.0,38.5,BED
328,2005.98,4.7,8.5,0.5,34.9,299.7,307.0,36.8,BED
329,2006.72,6.6,307.8,0.5,34.9,299.6,301.0,41.4,BED
330,2007.51,3.0,294.7,0.5,35.0,299.6,299.2,37.9,BED
331,2008.02,82.4,110.1,0.5,34.9,299.5,107.0,48.0,HEALEDFRACTURE
332,2008.24,3.1,282.4,0.5,34.9,299.5,298.0,37.9,BED
333,2008.86,4.1,302.9,0.5,34.9,299.4,299.8,39.0,BED
334,2008.96,83.3,112.6,0.5,34.9,299.4,110.4,48.6,HEALEDFRACTURE
335,2009.1,79.6,116.2,0.5,35.0,299.4,115.0,44.7,HEALEDFRACTURE
336,2009.13,85.1,116.8,1.0,35.0,299.4,116.0,50.1,HEALEDFRACTURE
337,2009.7,3.7,315.6,0.5,34.9,299.3,301.0,38.5,BED
338,2010.0,85.2,114.7,0.5,35.0,299.3,113.4,50.3,HEALEDFRACTURE
339,2010.06,82.9,115.1,0.5,35.0,299.3,113.7,48.0,HEALEDFRACTURE
340,2010.21,82.6,117.0,0.5,35.0,299.4,116.2,47.6,FRACTURE
341,2010.39,83.0,119.2,0.5,35.0,299.4,119.1,48.0,HEALEDFRACTURE
342,2010.49,78.7,118.7,0.5,34.8,299.1,118.6,43.9,HEALEDFRACTURE
343,2010.85,5.0,325.4,0.5,35.1,299.4,302.8,39.6,BED
344,2011.49,8.7,326.8,0.5,35.1,299.3,305.2,43.0,BED
345,2011.66,83.9,114.2,1.0,35.1,299.4,112.5,49.0,HEALEDFRACTURE
346,2011.67,79.0,114.6,1.0,35.0,299.2,112.8,44.2,HEALEDFRACTURE
347,2011.86,56.5,326.2,0.5,35.4,304.8,322.5,90.0,DRILL.IND.FRAC.
348,2012.13,82.2,114.8,0.5,35.0,299.3,113.2,47.3,FRACTURE
349,2012.27,87.3,111.7,0.5,35.0,299.3,109.8,52.6,HEALEDFRACTURE
350,2012.3,84.2,114.8,0.5,35.0,299.3,113.4,49.2,HEALEDFRACTURE
351,2012.3,83.7,118.0,0.5,35.0,299.3,117.6,48.7,HEALEDFRACTURE
352,2012.36,81.4,119.2,0.5,35.0,299.2,119.2,46.4,HEALEDFRACTURE
353,2012.69,5.8,279.4,0.5,35.1,299.2,296.2,40.6,BED
354,2012.86,84.3,116.6,1.0,35.1,299.3,115.8,49.3,HEALEDFRACTURE
355,2013.04,82.9,115.9,1.0,35.1,299.2,114.8,48.0,HEALEDFRACTURE
356,2013.39,3.4,240.3,0.5,35.1,299.3,294.4,37.0,BED
357,2013.39,84.9,113.4,0.5,35.1,299.3,111.7,50.0,HEALEDFRACTURE
358,2013.42,83.9,115.7,0.5,35.1,299.3,114.5,48.9,HEALEDFRACTURE
359,2013.61,78.7,113.1,1.0,35.1,299.2,110.5,43.9,HEALEDFRACTURE
360,2013.7,82.2,111.9,1.0,35.1,299.2,109.4,47.5,HEALEDFRACTURE
361,2014.12,81.8,116.0,1.0,35.1,299.3,114.8,46.7,HEALEDFRACTURE
362,2014.21,80.4,116.3,0.5,35.1,299.2,115.1,45.4,HEALEDFRACTURE
363,2014.26,82.3,124.6,1.0,35.1,299.2,126.5,47.4,FRACTURE
364,2014.26,81.4,113.4,0.5,35.1,299.2,111.2,46.6,HEALEDFRACTURE
365,2014.31,82.0,116.3,0.5,35.1,299.3,115.2,47.0,HEALEDFRACTURE
366,2014.73,7.3,255.1,0.5,35.1,299.2,291.4,40.6,BED
367,2014.75,82.1,129.0,0.5,35.1,299.2,132.4,47.7,FRACTURE
368,2014.99,79.5,111.9,0.5,35.1,299.3,109.0,44.7,HEALEDFRACTURE
369,2015.47,79.5,125.6,0.5,35.1,299.2,128.2,44.7,FRACTURE
370,2015.5,2.9,17.7,0.5,35.1,299.2,304.0,35.8,BED
371,2015.76,83.0,121.8,1.0,35.2,299.3,122.6,47.8,HEALEDFRACTURE
372,2015.81,84.9,116.0,1.0,35.2,299.3,115.1,49.8,HEALEDFRACTURE
373,2016.33,7.3,298.9,0.5,35.2,299.3,299.2,42.5,BED
374,2016.76,85.4,113.8,0.5,35.1,299.1,112.3,50.5,HEALEDFRACTURE
375,2016.83,81.6,116.3,0.5,35.2,299.2,115.2,46.4,HEALEDFRACTURE
376,2016.85,88.0,118.1,0.5,35.2,299.2,117.9,52.9,HEALEDFRACTURE
377,2017.33,4.4,298.9,0.5,35.2,299.2,299.2,39.6,BED
378,2017.45,81.1,113.8,0.5,35.2,299.2,111.7,46.1,HEALEDFRACTURE
379,2017.49,80.9,117.0,0.5,35.2,299.2,116.1,45.7,HEALEDFRACTURE
380,2017.55,84.9,121.5,0.5,35.3,299.3,122.2,49.7,HEALEDFRACTURE
381,2017.6,89.1,120.9,0.5,35.3,299.3,121.3,53.8,HEALEDFRACTURE
382,2017.67,79.3,116.3,0.5,35.2,299.1,115.2,44.1,HEALEDFRACTURE
383,2018.25,7.3,311.7,0.5,35.3,299.3,301.6,42.5,BED
384,2018.66,85.1,115.9,1.0,35.2,299.1,115.0,50.0,HEALEDFRACTURE
385,2018.71,81.8,115.4,0.5,35.2,299.1,114.1,46.7,HEALEDFRACTURE
386,2018.77,84.0,114.9,0.5,35.4,299.4,113.4,48.8,HEALEDFRACTURE
387,2018.88,74.8,115.5,0.5,35.2,299.1,113.6,39.6,HEALEDFRACTURE
388,2018.96,83.8,112.4,0.5,35.2,299.0,110.3,48.9,HEALEDFRACTURE
389,2018.98,81.3,113.9,0.5,35.2,299.0,112.0,46.4,FRACTURE
390,2019.0,8.2,329.6,0.5,35.2,299.0,305.2,42.4,BED
391,2019.09,84.3,119.6,0.5,35.3,299.2,119.7,48.9,HEALEDFRACTURE
392,2019.58,85.2,120.1,0.5,35.3,299.2,120.4,49.9,FRACTURE
393,2019.87,8.3,285.0,0.5,35.3,299.1,296.2,43.4,BED
394,2019.93,79.8,121.2,0.5,35.3,299.1,122.0,44.5,HEALEDFRACTURE
395,2020.21,78.0,113.7,0.5,35.3,299.1,111.3,42.9,HEALEDFRACTURE
396,2020.29,78.1,119.4,1.0,35.3,299.1,119.6,42.7,HEALEDFRACTURE
397,2020.35,76.4,113.0,0.5,35.3,299.2,110.0,41.4,HEALEDFRACTURE
398,2020.38,76.0,115.9,0.5,35.3,299.2,114.3,40.8,HEALEDFRACTURE
399,2020.39,86.2,119.2,0.5,35.3,299.2,119.2,50.9,HEALEDFRACTURE
400,2020.56,79.9,120.3,0.5,35.2,299.0,120.8,44.7,HEALEDFRACTURE
401,2020.72,87.5,114.8,0.5,35.4,299.3,113.6,52.3,HEALEDFRACTURE
402,2020.77,89.0,112.2,0.5,35.4,299.3,110.5,53.9,HEALEDFRACTURE
403,2020.77,86.9,116.5,0.5,35.4,299.3,115.7,51.6,HEALEDFRACTURE
404,2021.06,82.1,107.6,0.5,35.4,299.2,103.5,47.6,HEALEDFRACTURE
405,2021.08,10.4,319.1,0.5,35.3,299.0,304.0,45.1,BED
406,2021.1,57.7,333.2,0.5,35.7,304.6,328.5,90.0,DRILL.IND.FRAC.
407,2021.14,87.7,292.4,0.5,35.3,299.0,111.2,57.3,HEALEDFRACTURE
408,2021.27,81.1,114.6,0.5,35.4,299.2,112.8,45.9,HEALEDFRACTURE
409,2021.29,77.9,110.0,0.5,35.4,299.2,106.0,43.1,HEALEDFRACTURE
410,2021.34,79.5,110.1,0.5,35.3,299.1,106.5,44.7,HEALEDFRACTURE
411,2021.39,84.5,112.1,0.5,35.3,299.1,109.9,49.5,HEALEDFRACTURE
412,2021.41,78.7,114.2,0.5,35.3,299.1,112.0,43.5,HEALEDFRACTURE
413,2021.47,84.1,108.5,0.5,35.4,299.1,105.2,49.5,HEALEDFRACTURE
414,2021.91,6.1,354.5,0.5,35.3,299.0,307.0,39.0,BED
415,2022.94,7.4,302.7,0.5,35.5,299.1,299.8,42.9,BED
416,2023.21,56.9,322.5,0.5,35.4,299.1,318.5,90.0,DRILL.IND.FRAC.
417,2024.0,5.8,319.5,0.5,35.5,299.1,302.2,41.0,BED
418,2024.81,13.6,309.2,0.5,35.5,299.0,302.2,49.0,BED
419,2024.92,79.2,123.1,0.5,35.5,298.9,124.8,43.9,HEALEDFRACTURE
420,2025.04,89.2,292.4,0.5,35.5,299.1,111.0,55.6,HEALEDFRACTURE
421,2025.35,84.8,105.1,0.5,35.5,299.0,100.9,50.5,HEALEDFRACTURE
422,2025.6,10.1,319.7,0.5,35.6,299.0,304.0,45.1,BED
423,2026.58,5.7,330.1,0.5,35.5,298.8,303.4,40.5,BED
424,2026.71,79.5,113.0,0.5,35.6,299.0,110.5,44.1,HEALEDFRACTURE
425,2026.9,81.1,110.5,0.5,35.7,299.0,107.3,45.9,HEALEDFRACTURE
426,2027.27,89.9,287.6,0.5,35.6,298.8,105.1,55.3,HEALEDFRACTURE
427,2027.39,9.0,339.6,0.5,35.7,298.9,307.6,42.9,BED
428,2027.74,55.0,310.7,1.0,35.6,298.8,308.5,90.0,DRILL.IND.FRAC.
429,2027.95,89.7,295.7,0.5,35.7,298.9,115.0,54.7,HEALEDFRACTURE
430,2028.19,9.6,312.9,0.5,35.7,298.9,302.2,45.1,BED
431,2028.72,14.3,324.2,0.5,35.8,299.0,307.0,49.1,BED
432,2028.91,82.4,116.0,0.5,35.7,298.8,115.0,46.7,FRACTURE
433,2029.0,76.5,114.6,0.5,35.6,298.7,112.6,40.9,HEALEDFRACTURE
434,2029.05,76.9,112.0,0.5,35.6,298.7,108.9,41.6,HEALEDFRACTURE
435,2029.13,82.8,107.3,0.5,35.7,298.8,103.3,48.0,HEALEDFRACTURE
436,2029.49,89.9,307.2,0.5,35.7,298.7,129.1,54.9,FRACTURE
437,2029.64,86.8,113.4,1.0,35.8,298.9,111.8,51.2,HEALEDFRACTURE
438,2029.88,87.7,112.5,0.5,35.8,298.9,110.8,52.2,FRACTURE
439,2030.13,82.8,114.7,0.5,35.8,298.9,113.2,47.1,FRACTURE
440,2030.9,79.9,105.0,0.5,35.8,298.8,99.6,45.4,HEALEDFRACTURE
441,2031.21,85.9,109.3,0.5,35.8,298.8,106.6,50.7,FRACTURE
442,2031.44,84.7,109.7,0.5,35.8,298.8,106.9,49.4,HEALEDFRACTURE
443,2031.57,84.6,112.4,0.5,35.7,298.7,110.3,49.2,HEALEDFRACTURE
444,2031.72,86.6,126.6,0.5,35.8,298.8,128.8,51.2,HEALEDFRACTURE
445,2031.84,14.4,358.6,0.5,35.8,298.7,316.6,44.5,BED
446,2032.01,89.6,321.8,1.0,35.8,298.8,146.3,57.8,FRACTURE
447,2032.45,7.8,89.7,0.5,35.7,298.7,306.4,29.2,BED
448,2033.45,79.3,80.7,0.5,35.9,298.8,69.2,52.9,FRACTURE
449,2033.92,52.3,134.8,0.5,35.9,298.8,158.8,19.8,FRACTURE
450,2034.79,70.5,86.2,0.5,35.9,298.8,70.2,42.6,FRACTURE
451,2035.71,17.6,305.2,0.5,35.8,298.4,301.0,53.3,BED
452,2036.11,17.4,358.0,0.5,35.9,298.3,319.0,46.8,BED
453,2036.19,73.4,125.5,0.5,35.9,298.5,129.5,37.9,FRACTURE
454,2039.06,17.8,329.3,0.5,35.8,298.5,310.0,51.8,BED
455,2039.46,31.7,202.6,0.5,36.0,298.6,249.7,43.9,FRACTURE
456,2040.51,78.9,294.1,0.5,36.0,297.8,113.8,65.1,FRACTURE
457,2041.14,77.5,138.1,0.5,36.0,297.4,146.8,44.6,FRACTURE
458,2042.59,4.8,318.1,0.5,36.1,298.5,301.0,40.7,BED
459,2043.91,43.5,26.9,0.5,36.1,298.4,355.7,54.9,FRACTURE
460,2044.39,82.6,90.8,0.5,36.0,298.6,82.5,51.7,FRACTURE
461,2045.36,8.3,221.3,0.5,36.1,298.4,285.4,38.7,BED
462,2045.68,87.5,311.1,0.5,36.1,298.5,133.5,57.3,FRACTURE
463,2046.16,89.3,105.0,0.5,36.3,298.6,101.8,54.2,FRACTURE
464,2046.36,77.6,118.2,0.5,36.3,298.6,118.1,41.4,HEALEDFRACTURE
465,2046.37,6.7,295.2,0.5,36.3,298.6,298.0,43.0,BED
466,2046.63,85.4,313.1,1.0,36.2,298.5,135.5,59.7,HEALEDFRACTURE
467,2046.85,82.4,128.5,0.5,36.1,298.5,132.1,47.0,HEALEDFRACTURE
468,2046.86,7.1,312.6,0.5,36.1,298.5,301.0,43.0,BED
469,2047.02,87.3,308.4,1.0,36.1,298.4,130.3,57.2,HEALEDFRACTURE
470,2047.24,85.3,119.2,0.5,36.2,298.1,119.5,49.1,HEALEDFRACTURE
471,2047.32,83.8,164.5,0.5,36.2,298.1,173.9,60.6,FRACTURE
472,2047.62,3.9,321.9,0.5,36.2,298.6,301.0,39.8,BED
473,2047.64,85.8,118.1,0.5,36.2,298.6,118.0,49.6,FRACTURE
474,2047.99,83.8,122.9,1.0,36.2,298.5,124.4,47.7,HEALEDFRACTURE
475,2048.39,2.2,338.3,0.5,36.2,298.7,301.0,37.9,BED
476,2049.1,4.3,329.6,0.5,36.2,298.8,302.2,39.9,BED
477,2049.83,4.3,308.7,0.5,36.2,298.6,299.8,40.4,BED
478,2050.53,4.4,276.4,0.5,36.2,298.8,296.2,40.3,BED
479,2051.26,5.1,315.4,0.5,36.2,298.8,301.0,41.1,BED
480,2051.65,88.8,261.1,0.5,36.2,298.6,75.6,63.2,HEALEDFRACTURE
481,2052.14,6.6,322.3,0.5,36.1,297.5,301.6,42.2,BED
482,2052.95,84.8,132.6,1.0,36.1,298.1,137.0,50.0,HEALEDFRACTURE
483,2053.37,8.5,337.5,0.5,36.1,298.6,306.4,43.0,BED
484,2053.59,80.1,106.4,0.5,36.2,298.6,101.5,45.0,HEALEDFRACTURE
485,2055.6,4.7,313.7,0.5,36.2,298.5,300.4,40.8,BED
486,2056.05,7.2,359.6,0.5,36.3,298.4,308.2,40.2,BED
487,2057.54,12.9,263.1,0.5,36.3,298.5,288.4,47.3,BED
488,2058.31,9.6,17.4,0.5,36.3,298.6,313.6,39.1,BED
489,2059.0,89.3,311.4,0.5,36.3,298.8,134.2,55.3,FRACTURE
490,2059.9,79.8,151.2,0.5,36.3,298.6,161.9,50.7,FRACTURE
491,2060.37,9.0,311.8,0.5,36.3,298.7,301.6,45.2,BED
492,2061.11,3.9,316.2,0.5,36.4,298.5,300.4,40.1,BED
493,2061.67,7.3,36.7,0.5,36.3,298.8,311.2,35.9,BED
494,2062.37,9.6,355.1,0.5,36.3,298.8,310.6,42.3,BED
495,2063.76,10.0,0.5,0.5,36.2,298.5,311.8,41.7,BED
496,2066.13,6.2,53.5,0.5,36.3,298.7,308.8,34.1,BED
497,2067.0,13.5,337.3,0.5,36.3,298.6,310.0,47.4,BED
498,2067.63,10.7,94.4,0.5,36.3,298.5,308.2,26.8,BED
499,2068.92,11.0,145.1,0.5,36.3,298.6,287.8,26.8,BED
500,2069.36,88.5,137.0,0.5,36.3,298.6,141.4,54.3,HEALEDFRACTURE
501,2069.56,84.0,175.4,0.5,36.3,298.5,184.2,66.0,HEALEDFRACTURE
502,2070.69,81.3,157.0,0.5,36.3,298.5,167.6,54.5,HEALEDFRACTURE
503,2071.91,10.2,300.6,0.5,36.3,298.7,299.2,46.4,BED
504,2072.9,9.9,323.7,0.5,36.2,298.7,304.6,45.4,BED
505,2074.38,83.0,309.7,0.5,36.2,298.7,131.2,61.4,HEALEDFRACTURE
506,2075.58,10.0,326.2,0.5,36.2,298.7,305.2,45.2,BED
507,2076.52,7.3,338.8,0.5,36.1,298.8,305.8,42.0,BED
508,2077.02,4.8,356.8,0.5,36.2,298.8,305.2,38.9,BED
509,2077.61,5.7,5.2,0.5,36.2,298.7,307.0,38.8,BED
510,2078.27,8.4,10.5,0.5,36.3,298.7,311.2,39.6,BED
511,2078.78,12.5,344.6,0.5,36.2,298.6,311.2,45.7,BED
512,2080.53,6.4,1.9,0.5,36.2,298.6,307.6,39.4,BED
513,2081.89,3.5,127.0,0.5,36.5,298.9,298.0,33.1,BED
514,2088.68,11.0,304.8,1.0,36.2,298.6,300.2,47.1,BED
515,2089.46,5.0,355.5,0.5,36.1,298.6,305.2,39.0,BED
516,2090.24,10.9,70.7,0.5,36.1,298.5,314.8,29.8,BED
517,2090.74,5.6,348.3,0.5,36.2,298.5,305.2,40.0,BED
518,2091.04,54.7,30.9,0.5,36.1,298.5,7.5,60.9,HEALEDFRACTURE
519,2092.16,6.1,6.2,0.5,36.2,298.6,307.6,38.9,BED
520,2092.72,10.3,13.9,0.5,36.1,297.2,313.0,39.6,BED
521,2093.38,2.8,284.3,0.5,36.1,298.5,297.4,38.9,BED
522,2094.17,3.0,333.5,0.5,36.1,298.3,301.0,38.6,BED
523,2094.69,5.2,317.5,0.5,36.1,298.4,301.0,41.0,BED
524,2095.28,7.1,322.6,0.5,36.1,298.5,302.8,42.7,BED
525,2096.06,4.4,338.2,0.5,36.1,298.4,302.8,39.5,BED
526,2096.38,6.6,331.9,0.5,36.2,298.6,304.0,41.8,BED
527,2097.38,7.7,299.5,0.5,36.1,298.4,298.6,43.9,BED
528,2097.8,2.7,310.9,1.0,36.1,298.4,299.3,38.7,BED
529,2098.3,5.0,313.7,0.5,36.1,298.4,300.4,40.9,BED
530,2098.71,6.6,317.3,0.5,36.1,298.4,301.6,42.4,BED
531,2099.57,4.6,315.3,0.5,36.0,298.3,300.4,40.4,BED
532,2100.17,6.2,14.9,0.5,36.1,298.4,308.2,37.9,BED
533,2100.8,7.4,332.9,0.5,36.0,298.3,304.6,42.3,BED
534,2102.13,7.5,343.0,0.5,36.1,298.5,306.4,41.7,BED
535,2102.38,15.9,327.0,0.5,36.0,298.5,308.2,50.5,BED
536,2102.89,8.8,314.9,0.5,36.3,298.7,302.2,44.8,BED
537,2104.88,19.0,306.7,0.5,35.9,298.2,301.6,54.8,BED
538,2105.39,14.8,323.3,0.5,36.0,298.3,306.4,49.7,BED
539,2106.4,10.0,316.4,1.0,36.0,298.3,302.6,45.6,BED
540,2106.91,9.7,306.9,0.5,36.1,298.4,300.4,45.7,BED
541,2107.7,7.7,324.1,0.5,35.6,298.5,303.4,42.6,BED
542,2109.18,17.6,233.3,0.5,36.0,298.2,275.8,45.9,BED
543,2110.03,4.0,324.9,0.5,36.0,298.2,301.0,39.6,BED
544,2110.85,5.0,345.0,0.5,36.1,298.3,304.0,39.6,BED
545,2111.98,6.8,292.6,0.5,36.1,298.4,297.4,42.9,BED
546,2112.42,6.9,348.5,0.5,36.0,298.3,306.4,40.7,BED
547,2112.51,57.2,326.2,0.5,36.1,298.3,321.5,90.0,DRILL.IND.FRAC.
548,2113.29,8.0,334.8,0.5,35.9,298.1,305.2,42.6,BED
549,2113.96,11.9,329.6,1.0,36.1,298.3,306.8,46.6,BED
550,2114.43,7.4,325.0,1.0,36.0,298.3,303.2,42.8,BED
551,2114.81,8.9,353.7,0.5,36.1,298.4,309.4,41.7,BED
552,2115.34,8.8,328.5,0.5,36.0,298.2,304.6,43.7,BED
553,2116.02,7.6,295.6,0.5,35.6,297.8,297.4,43.3,BED
554,2116.68,9.5,315.2,0.5,36.0,298.3,302.2,45.1,BED
555,2117.11,9.6,322.4,0.5,36.0,298.5,304.0,44.9,BED
556,2117.56,7.8,324.5,0.5,36.0,298.4,303.4,43.2,BED
557,2117.97,4.6,318.6,1.0,36.0,298.3,300.8,40.3,BED
558,2118.44,5.8,315.7,0.5,36.0,298.4,301.0,41.6,BED
559,2119.02,7.8,342.6,0.5,36.0,298.3,306.4,41.9,BED
560,2119.62,3.1,308.7,0.5,36.0,298.3,299.2,39.1,BED
561,2120.47,5.5,325.5,0.5,36.0,298.3,302.2,41.0,BED
562,2121.27,8.4,316.8,0.5,36.1,298.4,302.2,44.1,BED
563,2122.07,8.5,285.5,0.5,35.9,298.3,295.6,44.2,BED
564,2122.64,8.4,319.8,0.5,36.0,298.4,302.8,44.0,BED
565,2123.13,7.2,295.6,0.5,36.1,298.5,298.0,43.3,BED
566,2123.6,10.0,307.0,0.5,35.9,298.3,300.4,45.8,BED
567,2124.25,6.9,357.8,0.5,35.9,298.3,307.6,39.8,BED
568,2125.11,6.0,281.0,0.5,35.9,298.2,295.6,41.6,BED
569,2125.8,3.3,247.6,0.5,36.0,298.5,294.4,38.2,BED
570,2126.75,6.1,326.9,0.5,36.0,298.4,302.8,41.4,BED
571,2127.21,4.9,319.4,0.5,36.0,298.3,301.0,40.6,BED
572,2127.35,80.6,110.4,0.5,35.8,298.2,107.3,45.2,HEALEDFRACTURE
573,2127.4,80.5,121.0,0.5,35.8,298.2,122.2,44.7,HEALEDFRACTURE
574,2127.48,85.8,104.0,1.0,35.9,298.3,99.9,51.3,HEALEDFRACTURE
575,2127.51,82.6,108.6,0.5,35.9,298.3,105.2,47.3,HEALEDFRACTURE
576,2127.8,7.2,325.9,0.5,36.0,298.5,303.4,42.5,BED
577,2128.42,10.0,59.0,0.5,35.9,298.4,314.8,31.9,BED
578,2129.16,2.4,42.8,0.5,35.9,298.3,302.2,35.4,BED
579,2129.63,9.6,296.9,0.5,36.0,298.3,298.0,45.6,BED
580,2130.47,7.6,30.1,0.5,35.9,298.4,311.2,36.4,BED
581,2131.07,6.4,11.3,0.5,36.0,298.3,308.2,38.3,BED
582,2132.06,7.7,27.6,0.5,35.9,298.2,311.2,36.7,BED
583,2132.45,6.3,73.1,0.5,36.1,298.5,307.0,32.0,BED
584,2134.89,8.6,342.5,0.5,35.9,298.1,307.0,42.4,BED
585,2135.4,86.1,122.0,0.5,36.0,298.2,123.1,50.2,HEALEDFRACTURE
586,2136.14,5.8,325.3,0.5,35.9,298.1,302.2,41.2,BED
587,2137.27,12.0,355.8,0.5,35.9,298.2,313.0,43.4,BED
588,2137.82,8.1,321.3,0.5,35.9,298.2,302.8,43.5,BED
589,2138.1,88.7,286.6,0.5,35.9,298.2,104.2,56.3,FRACTURE
590,2138.46,86.3,129.4,0.5,35.9,298.1,132.7,51.3,FRACTURE
591,2138.78,88.2,303.0,0.5,36.0,298.2,123.9,56.0,HEALEDFRACTURE
592,2138.9,5.5,352.3,0.5,35.9,298.2,305.2,39.4,BED
593,2139.3,75.1,120.3,0.5,35.8,298.0,121.6,39.3,HEALEDFRACTURE
594,2139.63,4.0,1.3,0.5,35.9,298.2,304.0,37.9,BED
595,2139.78,88.5,296.7,1.0,35.9,298.3,116.3,55.5,FRACTURE
596,2139.89,89.2,110.2,0.5,35.9,298.3,108.2,53.7,FRACTURE
597,2140.34,1.9,141.7,0.5,35.8,298.1,296.8,34.1,BED
598,2140.57,86.9,129.6,0.5,36.1,298.4,132.7,51.6,FRACTURE
599,2140.67,88.4,114.7,0.5,35.9,298.2,113.8,52.6,FRACTURE
600,2140.94,87.4,127.5,0.5,36.0,298.3,130.0,52.0,FRACTURE
601,2141.18,9.1,5.1,0.5,35.9,298.2,311.2,40.3,BED
602,2141.42,88.6,113.3,1.0,36.1,298.3,112.0,52.7,HEALEDFRACTURE
603,2143.43,43.3,327.1,1.0,36.1,298.3,318.2,76.5,HEALEDFRACTURE
604,2144.31,12.5,329.8,0.5,36.0,298.1,307.0,47.0,BED
605,2145.01,7.9,261.9,1.0,36.0,297.9,291.1,42.6,BED
606,2145.15,66.5,33.4,1.0,36.1,298.3,17.8,68.3,HEALEDFRACTURE
607,2145.62,7.8,354.6,0.5,36.1,298.3,308.2,40.9,BED
608,2146.13,13.9,336.9,0.5,36.3,298.4,310.0,47.8,BED
609,2146.4,10.0,333.4,1.0,36.2,298.3,306.5,44.7,BED
610,2146.89,8.0,350.0,0.5,36.0,298.0,307.6,41.4,BED
611,2147.48,11.3,359.4,0.5,36.2,298.3,313.0,42.6,BED
612,2148.01,11.9,295.8,1.0,36.2,298.3,297.6,48.1,BED
613,2148.16,11.6,315.0,0.5,36.2,298.3,302.8,47.4,BED
614,2148.33,4.4,239.6,1.0,36.1,297.9,291.9,38.5,BED
615,2148.69,11.2,82.0,0.5,36.4,298.7,313.0,28.1,BED
616,2149.21,19.2,323.4,0.5,36.1,298.3,308.2,54.1,BED
617,2149.52,14.1,327.6,1.0,36.0,298.1,307.3,48.7,BED
618,2149.7,5.8,321.9,1.0,36.1,298.1,301.6,41.4,BED
619,2149.91,6.4,334.9,0.5,36.1,298.2,304.0,41.4,BED
620,2151.22,5.8,299.6,1.0,36.1,298.2,298.4,41.9,BED
621,2151.49,7.2,320.5,0.5,36.1,298.1,302.2,42.9,BED
622,2151.87,6.6,70.8,1.0,36.0,298.1,307.3,31.9,BED
623,2152.12,72.1,169.6,1.0,36.0,298.1,186.2,53.3,FRACTURE
624,2152.2,77.8,155.8,1.0,36.1,298.3,168.1,51.1,FRACTURE
625,2152.36,80.6,136.2,1.0,36.1,298.2,143.0,46.7,FRACTURE
626,2153.02,5.2,314.7,0.5,36.1,298.2,300.4,41.1,BED
627,2154.21,10.0,81.1,0.5,36.0,298.1,310.6,28.6,BED
628,2154.8,8.4,350.5,0.5,36.0,298.2,308.2,41.6,BED
629,2155.4,5.4,323.9,0.5,36.1,297.4,301.0,41.0,BED
630,2155.8,2.3,299.9,1.0,36.1,298.3,298.4,38.4,BED
631,2155.81,87.8,119.8,1.0,36.1,298.3,120.2,51.8,HEALEDFRACTURE
632,2155.86,83.5,114.5,0.5,36.0,298.1,113.2,47.5,FRACTURE
633,2156.01,3.4,223.1,1.0,36.0,298.2,292.7,37.0,BED
634,2156.37,89.2,102.1,1.0,36.1,298.2,98.4,54.8,HEALEDFRACTURE
635,2156.39,3.9,295.9,0.5,36.1,298.2,298.0,39.9,BED
636,2156.55,83.0,293.3,1.0,36.1,298.2,112.6,61.1,HEALEDFRACTURE
637,2156.86,10.9,318.3,0.5,36.1,298.3,303.4,46.4,BED
638,2157.06,4.7,305.4,1.0,36.1,298.3,299.2,40.8,BED
639,2157.58,5.3,10.4,0.5,36.0,298.2,306.4,37.9,BED
640,2158.22,5.9,333.6,0.5,36.0,298.2,303.4,41.0,BED
641,2158.74,6.3,32.3,1.0,36.0,298.2,308.9,36.0,BED
642,2159.64,3.0,140.1,1.0,36.0,298.0,296.0,33.2,BED
643,2160.09,11.6,344.9,0.5,36.0,297.9,310.0,44.6,BED
644,2160.68,6.8,304.2,1.0,36.1,298.2,299.2,42.8,BED
645,2161.56,8.6,5.8,1.0,36.1,298.2,310.5,40.0,BED
646,2162.0,8.9,2.5,1.0,36.1,298.2,310.5,40.7,BED
647,2163.95,8.9,358.3,0.5,36.3,298.4,310.0,41.3,BED
648,2164.47,3.5,334.8,0.5,36.1,298.3,301.6,39.0,BED
649,2164.76,4.9,30.9,1.0,36.0,298.1,306.5,36.0,BED
650,2165.31,5.2,49.8,1.0,35.9,297.9,306.5,34.2,BED
651,2165.51,5.8,333.0,0.5,36.2,298.4,303.4,41.1,BED
652,2165.94,3.8,174.0,1.0,36.2,298.3,292.7,34.1,BED
653,2166.2,7.6,304.0,0.5,36.0,298.1,299.2,43.5,BED
654,2166.44,7.8,27.8,1.0,36.1,298.2,311.3,36.9,BED
655,2166.85,9.6,312.8,0.5,36.1,298.2,301.6,45.5,BED
656,2166.98,85.8,101.2,0.5,36.1,298.2,96.4,51.7,FRACTURE
657,2167.13,5.3,322.9,1.0,36.1,298.2,301.6,41.0,BED
658,2167.5,5.2,337.9,0.5,36.0,298.2,303.4,40.2,BED
659,2167.99,2.8,354.5,0.5,36.2,298.4,302.2,37.9,BED
660,2168.51,3.9,174.3,1.0,36.1,298.5,292.7,34.1,BED
661,2168.77,7.2,354.7,0.5,36.1,298.3,307.6,40.5,BED
662,2169.05,4.4,37.6,1.0,36.0,298.2,305.7,35.5,BED
663,2169.47,82.5,260.1,1.0,36.1,298.3,77.3,69.3,HEALEDFRACTURE
664,2169.87,11.0,23.5,1.0,36.1,298.4,316.2,38.4,BED
665,2170.31,5.8,84.6,0.5,36.0,298.4,304.6,31.3,BED
666,2170.59,10.5,24.1,1.0,36.1,298.2,315.4,38.1,BED
667,2170.92,10.5,45.1,0.5,36.2,298.7,316.6,34.5,BED
668,2171.27,3.8,322.1,1.0,36.2,298.4,300.8,39.7,BED
669,2171.73,17.5,342.4,0.5,36.1,298.4,314.2,50.0,BED
670,2172.38,13.8,31.4,1.0,36.3,298.6,321.5,37.8,BED
671,2174.91,8.2,187.7,1.0,36.1,298.4,284.6,34.0,BED_LOW_CONF
672,2175.59,74.4,274.7,1.0,36.1,298.3,94.5,72.3,HEALEDFRACTURE
673,2175.74,11.0,155.8,1.0,36.0,298.2,283.8,27.9,BED
674,2176.01,12.0,218.3,1.0,36.1,298.5,279.8,39.8,BED
675,2176.36,7.1,287.5,0.5,35.9,298.1,296.2,43.0,BED
676,2177.4,7.2,308.8,0.5,36.3,298.5,300.4,43.4,BED
677,2177.57,6.4,298.4,1.0,36.1,298.4,298.4,42.6,BED
678,2177.86,8.7,15.5,1.0,36.3,298.6,312.2,39.1,BED
679,2178.16,4.9,26.6,1.0,36.1,298.3,306.5,36.6,BED
680,2178.47,9.6,344.1,0.5,35.8,298.1,308.2,43.0,BED
681,2178.76,6.1,302.2,1.0,36.2,298.6,299.2,42.4,BED
682,2179.2,3.7,352.2,0.5,36.2,298.6,303.4,38.6,BED
683,2179.38,1.9,43.4,1.0,36.1,298.4,301.6,35.6,BED
684,2179.63,13.1,162.4,1.0,36.1,298.5,278.9,28.0,BED
685,2179.81,9.6,134.7,1.0,36.2,298.5,292.7,27.1,BED
686,2180.01,6.3,347.1,0.5,36.2,298.6,305.8,40.6,BED
687,2180.58,8.5,41.2,1.0,36.1,298.4,313.0,35.1,BED
688,2180.8,5.3,351.5,0.5,36.2,298.6,305.2,39.6,BED
689,2181.26,7.4,355.7,1.0,36.1,298.5,308.1,40.6,BED
690,2181.5,4.6,331.0,0.5,36.1,298.4,302.2,40.0,BED
691,2181.88,5.9,265.3,1.0,36.1,298.4,293.5,41.2,BED
692,2182.31,11.6,285.7,0.5,36.1,298.5,295.0,47.5,BED
693,2182.89,4.8,222.8,0.5,36.1,298.4,290.8,37.6,BED
694,2183.41,7.6,139.8,1.0,36.1,298.4,292.7,29.1,BED
695,2183.82,6.3,110.9,1.0,36.1,298.4,300.0,29.9,BED
696,2184.32,2.8,153.7,0.5,36.2,298.5,295.6,33.9,BED
697,2184.83,4.4,344.1,0.5,36.1,298.4,303.4,39.3,BED
698,2185.26,5.2,30.8,1.0,36.1,298.4,307.3,36.2,BED
699,2185.6,4.7,304.7,0.5,36.1,298.4,299.2,40.7,BED
700,2185.97,3.8,242.9,1.0,36.2,298.5,293.5,38.4,BED
701,2186.4,6.4,269.2,0.5,36.1,298.5,293.8,41.8,BED
702,2187.0,7.3,208.3,1.0,36.1,298.4,286.2,36.8,BED
703,2187.36,0.6,334.9,1.0,36.2,298.6,299.2,36.7,BED
704,2187.79,14.7,316.7,0.5,35.8,297.8,304.0,49.9,BED
705,2188.12,9.8,309.6,0.5,36.1,298.3,301.0,45.8,BED
706,2188.66,2.1,312.6,1.0,36.1,298.4,299.2,38.1,BED
707,2188.95,6.2,288.5,0.5,36.2,298.4,296.8,42.3,BED
708,2189.68,13.0,315.5,0.5,36.2,298.3,303.4,48.7,BED
709,2190.09,4.4,235.5,1.0,36.0,298.2,291.9,38.2,BED_LOW_CONF
710,2190.88,5.2,298.3,1.0,36.2,298.4,298.4,41.4,BED_LOW_CONF
711,2191.29,3.8,256.2,1.0,36.2,298.4,294.3,39.0,BED_LOW_CONF
712,2191.73,3.3,280.0,0.5,36.3,298.4,296.8,39.4,BED
713,2193.48,10.0,357.2,0.5,36.3,298.4,311.2,42.2,BED_LOW_CONF
714,2194.04,7.5,0.1,0.5,36.3,298.6,308.8,40.3,BED_LOW_CONF
715,2194.65,10.5,339.5,0.5,36.2,298.4,308.2,44.6,BED
716,2196.06,10.9,327.8,0.5,36.2,298.4,305.8,46.0,BED_LOW_CONF
717,2197.31,2.9,4.8,0.5,36.3,298.4,302.8,37.6,BED
718,2198.34,8.0,59.1,0.5,36.2,298.3,311.2,32.7,BED
719,2198.77,2.9,137.4,1.0,36.3,298.5,296.8,33.5,BED
720,2199.21,6.3,355.2,0.5,36.1,298.2,306.4,39.8,BED
721,2200.41,1.9,68.2,0.5,36.2,298.4,301.0,35.0,BED
722,2201.17,3.8,347.7,0.5,36.1,298.2,302.8,38.6,BED
723,2202.24,5.2,281.0,0.5,36.3,298.5,296.2,41.2,BED
724,2203.6,10.1,74.3,0.5,36.1,298.6,313.0,29.6,BED
725,2204.75,2.9,323.5,0.5,36.2,298.5,300.4,38.9,BED
726,2205.19,3.6,21.6,0.5,36.3,298.6,304.6,36.9,BED
727,2206.11,3.0,286.3,0.5,36.1,298.4,297.4,39.1,BED
728,2208.48,11.5,1.5,0.5,36.1,298.3,313.6,42.4,BED
729,2208.92,4.5,318.9,0.5,36.2,298.6,301.0,40.5,BED
730,2209.66,5.4,311.8,0.5,36.2,298.5,300.4,41.5,BED
731,2210.34,5.6,3.3,0.5,36.1,298.3,306.4,38.7,BED_LOW_CONF
732,2211.93,8.5,262.7,0.5,36.1,298.6,291.4,43.3,BED
733,2212.7,2.4,282.1,0.5,36.1,298.5,297.4,38.3,BED
734,2213.25,3.9,249.9,0.5,36.1,298.5,293.8,38.8,BED
735,2214.44,5.3,326.5,0.5,36.1,298.4,302.2,40.8,BED
736,2214.89,6.6,302.8,1.0,36.1,298.5,299.2,42.7,BED
737,2217.16,86.9,119.5,0.5,36.1,298.6,119.8,50.8,FRACTURE
738,2217.56,6.5,341.0,0.5,36.1,298.5,305.2,41.1,BED
739,2218.78,4.3,33.7,0.5,36.0,298.4,305.8,35.8,BED
740,2219.0,87.0,212.5,1.0,36.0,298.4,213.5,90.0,BREAKOUT
741,2219.47,4.0,340.4,0.5,36.1,298.5,302.8,39.2,BED
742,2219.69,54.4,310.2,1.0,36.2,298.6,308.0,90.0,DRILL.IND.FRAC.
743,2219.88,5.3,85.1,1.0,36.1,298.5,304.1,31.8,BED
744,2220.11,81.0,154.7,1.0,36.0,298.6,165.0,53.4,FRACTURE
745,2220.4,6.3,324.7,1.0,36.1,298.7,302.8,41.8,BED
746,2221.24,3.3,321.0,0.5,36.5,305.0,306.4,39.6,BED
747,2221.88,4.2,179.9,1.0,36.1,298.4,291.9,34.3,BED_LOW_CONF
748,2222.22,5.5,343.6,0.5,36.5,304.1,309.4,40.9,BED
749,2222.77,8.4,292.6,0.5,36.2,298.6,297.4,44.6,BED
750,2222.97,87.0,212.5,1.0,36.1,298.5,33.5,90.0,BREAKOUT
751,2223.41,7.9,1.9,0.5,36.0,298.4,309.4,40.1,BED
752,2223.98,6.1,346.1,0.5,36.0,298.2,305.2,40.3,BED
753,2224.46,84.7,131.4,0.5,36.0,298.4,135.4,49.8,FRACTURE
754,2224.8,9.9,70.9,1.0,36.0,298.3,313.0,30.1,BED
755,2225.04,54.7,310.2,1.0,35.9,298.3,308.0,90.0,DRILL.IND.FRAC.
756,2225.19,5.6,94.3,0.5,36.0,298.4,302.8,30.9,BED
757,2225.58,78.1,121.0,0.5,35.9,298.4,122.2,42.2,FRACTURE
758,2225.79,83.9,114.5,0.5,36.0,298.4,113.2,48.0,FRACTURE
759,2225.94,84.5,125.1,1.0,36.2,298.6,127.2,48.6,FRACTURE
760,2226.34,1.0,86.7,1.0,36.0,298.3,299.2,35.2,BED
761,2226.72,5.8,70.3,0.5,36.0,298.4,306.4,32.4,BED
762,2227.03,7.3,161.1,1.0,36.0,298.4,288.7,31.0,BED
763,2227.45,1.9,356.6,0.5,35.9,298.2,301.0,36.9,BED
764,2227.55,54.5,307.2,1.0,35.9,298.2,305.5,90.0,DRILL.IND.FRAC.
765,2228.43,86.0,127.6,1.0,36.0,298.5,130.3,50.5,FRACTURE
766,2228.6,3.1,356.5,0.5,36.0,298.5,302.8,37.7,BED_LOW_CONF
767,2228.75,74.7,114.2,1.0,35.9,298.4,111.9,38.9,FRACTURE
768,2229.18,78.8,138.1,1.0,36.0,298.4,145.9,45.5,FRACTURE
769,2229.39,4.2,327.4,1.0,36.0,298.4,301.6,39.7,BED_LOW_CONF
770,2229.5,89.7,104.6,1.0,36.1,298.6,101.4,54.8,FRACTURE
771,2229.74,8.5,84.0,1.0,35.9,298.3,308.1,29.2,BED
772,2229.86,84.5,128.8,1.0,35.9,298.3,132.1,49.4,FRACTURE
773,2229.96,8.1,173.0,1.0,36.2,298.7,286.2,32.1,BED
774,2230.37,4.1,259.9,0.5,36.0,298.4,294.4,39.3,BED
775,2230.63,4.1,191.0,1.0,36.2,298.7,291.9,35.1,BED
776,2230.89,2.7,316.8,0.5,36.0,298.4,299.8,38.6,BED
777,2231.25,84.5,92.2,0.5,36.1,298.5,84.9,52.9,FRACTURE
778,2231.41,80.8,105.8,1.0,36.1,298.5,100.9,45.9,FRACTURE
779,2231.61,86.5,121.0,1.0,36.1,298.6,121.7,50.5,FRACTURE
780,2231.92,3.7,346.1,0.5,35.9,298.4,302.8,38.5,BED
781,2232.37,87.4,137.4,1.0,36.1,298.5,142.1,53.6,FRACTURE
782,2232.38,5.7,36.5,1.0,36.0,298.4,308.1,35.6,BED
783,2232.65,87.2,128.0,0.5,36.0,298.5,130.6,51.8,FRACTURE
784,2233.11,7.9,259.5,1.0,36.0,298.4,291.1,42.4,BED_LOW_CONF
785,2233.27,89.2,119.1,0.5,36.2,298.6,119.2,53.0,FRACTURE
786,2233.67,85.8,119.9,0.5,36.0,298.3,120.4,49.9,FRACTURE
787,2234.07,83.6,132.6,0.5,36.0,298.4,137.2,49.0,FRACTURE
788,2234.23,8.1,314.2,1.0,36.0,298.5,301.6,43.9,BED_LOW_CONF
789,2234.65,7.3,344.0,0.5,36.0,298.5,306.4,41.4,BED
790,2234.99,4.6,12.3,1.0,36.0,298.4,305.7,37.5,BED
791,2235.39,7.1,322.7,0.5,36.1,298.5,302.8,42.6,BED
792,2236.01,2.9,93.1,1.0,36.1,298.5,300.8,33.5,BED
793,2236.54,4.1,341.3,0.5,35.9,298.3,302.8,39.0,BED
794,2236.98,4.4,83.0,1.0,36.1,298.5,303.2,32.6,BED
795,2237.4,3.2,334.1,0.5,36.1,298.6,301.6,38.8,BED
796,2238.23,2.7,110.4,1.0,36.0,298.5,299.2,33.3,BED
797,2238.71,7.9,321.5,0.5,35.9,298.3,302.8,43.3,BED
798,2239.26,5.6,311.5,0.5,36.1,298.5,300.4,41.6,BED
799,2239.47,84.5,215.7,1.0,35.8,298.1,37.5,90.0,BREAKOUT
800,2240.47,5.8,315.5,0.5,36.0,298.4,301.0,41.6,BED
801,2241.05,4.3,224.2,0.5,35.8,298.3,291.4,37.2,BED
802,2241.47,6.1,131.1,1.0,36.1,298.6,296.0,30.2,BED
803,2241.83,81.4,84.2,1.0,35.9,298.4,74.4,53.1,FRACTURE
804,2243.09,8.6,333.8,0.5,36.3,303.8,310.0,43.9,BED
805,2244.16,1.8,306.8,0.5,36.3,303.8,304.0,38.1,BED_LOW_CONF
806,2245.09,2.0,328.9,0.5,36.3,303.8,305.2,38.2,BED_LOW_CONF
807,2246.41,6.9,341.3,0.5,36.3,303.8,310.0,41.9,BED_LOW_CONF
808,2247.65,81.1,226.2,0.5,36.3,303.9,229.0,90.0,BREAKOUT
809,2247.93,1.6,326.4,0.5,36.2,303.6,304.6,37.7,BED_LOW_CONF
810,2249.54,4.8,324.0,0.5,36.2,303.9,306.4,40.8,BED_LOW_CONF
811,2251.83,1.9,347.4,1.0,36.2,303.7,305.8,37.6,BED
812,2252.78,3.4,318.7,1.0,36.2,303.8,305.2,39.5,BED_LOW_CONF
813,2253.35,2.4,345.3,1.0,36.2,303.8,306.4,38.0,BED
814,2254.16,3.7,350.8,1.0,36.1,303.8,308.2,38.7,BED_LOW_CONF
815,2256.14,79.7,228.3,1.0,36.0,303.9,51.5,90.0,BREAKOUT
816,2256.19,5.9,342.3,1.0,36.0,303.8,309.4,40.8,BED_LOW_CONF
817,2257.24,5.5,350.4,1.0,36.0,303.8,310.0,40.0,BED
818,2257.81,8.0,349.5,1.0,36.1,303.8,312.4,42.0,BED
819,2258.63,3.3,359.7,0.5,36.1,303.7,308.2,38.1,BED_LOW_CONF
820,2259.88,4.7,346.4,0.5,36.1,303.9,308.8,39.7,BED
821,2261.65,4.0,347.7,0.5,36.1,303.8,308.2,39.0,BED
