PSEUDO_DEPTH,TEMP       ,CALI       ,GR         ,ILD        ,NPHI       ,RHOB       ,DT         ,TVD        ,TVDSS      ,VCL        ,PHIE       ,PHIT       ,SW         ,EF,PERFOS     ,RES_ID,WELL_ID,X,Y,HACKANAME
2074.53,87.19,10.31,55.08,3.3128,0.1678,2.3124,108.95,1588.62,1566.62,0.483,0.0591,0.2066,0.5863,5,0,3005,210075859,15,20,B03
2074.68,87.2,10.25,52.89,3.6592,0.1739,2.2895,110.91,1588.77,1566.77,0.4424,0.0871,0.2222,0.5225,5,0,3005,210075859,15,20,B03
2074.83,87.2,10.2,52.54,4.122,0.1618,2.2686,114.92,1588.92,1566.92,0.4359,0.073,0.2061,0.5004,5,0,3005,210075859,15,20,B03
2074.98,87.21,10.18,54.36,4.7189,0.1448,2.2533,119.66,1589.06,1567.06,0.4696,0.0335,0.1768,0.4566,5,0,3005,210075859,15,20,B03
2075.9,87.24,9.76,48.13,13.0483,0.1085,2.0885,126.26,1589.94,1567.94,0.3543,0.0331,0.1412,0.2211,1,1,3005,210075859,15,20,B03
2076.05,87.24,9.79,43.96,18.5263,0.0984,2.057,119.55,1590.09,1568.09,0.277,0.0547,0.1393,0.1924,1,1,3005,210075859,15,20,B03
2076.2,87.25,9.8,39.76,21.1927,0.0905,2.0347,111.93,1590.23,1568.23,0.1993,0.0787,0.1395,0.2108,1,1,3005,210075859,15,20,B03
2076.36,87.25,9.8,36.68,21.9393,0.0858,2.0371,110.46,1590.38,1568.38,0.1422,0.0971,0.1405,0.2376,1,1,3005,210075859,15,20,B03
2076.51,87.26,9.81,34.37,21.5784,0.092,2.0728,107.6,1590.52,1568.52,0.0995,0.126,0.1564,0.243,1,1,3005,210075859,15,20,B03
2076.66,87.26,9.83,32.18,19.9057,0.1128,2.1265,106.91,1590.67,1568.67,0.0589,0.1781,0.1961,0.2199,1,1,3005,210075859,15,20,B03
2076.81,87.27,9.85,31.9,17.5322,0.13,2.1149,112.32,1590.82,1568.82,0.0538,0.2084,0.2248,0.208,1,1,3005,210075859,15,20,B03
2076.97,87.27,9.89,35.1,15.1647,0.1454,2.0414,120.62,1590.96,1568.96,0.113,0.2071,0.2415,0.2037,1,1,3005,210075859,15,20,B03
2077.12,87.28,9.98,38.92,13.9679,0.1586,1.9815,122.57,1591.11,1569.11,0.1837,0.197,0.2531,0.1964,1,1,3005,210075859,15,20,B03
2077.27,87.29,10.14,42.44,13.8888,0.1702,2.0018,119.1,1591.26,1569.26,0.249,0.1872,0.2632,0.1817,1,1,3005,210075859,15,20,B03
2077.42,87.29,10.25,43.33,14.1147,0.1602,2.0243,109.76,1591.4,1569.4,0.2653,0.1628,0.2437,0.1876,1,1,3005,210075859,15,20,B03
2077.58,87.3,10.24,43.69,14.5063,0.1351,2.0761,103.91,1591.55,1569.55,0.272,0.1169,0.1999,0.208,1,1,3005,210075859,15,20,B03
2077.73,87.3,10.01,44.05,14.9425,0.1053,2.0645,112.68,1591.7,1569.7,0.2786,0.0643,0.1494,0.2297,1,1,3005,210075859,15,20,B03
2077.88,87.31,9.83,42.66,15.5907,0.0832,2.0328,128.18,1591.84,1569.84,0.253,0.0402,0.1175,0.2532,1,1,3005,210075859,15,20,B03
2078.03,87.31,9.8,40.55,17.8638,0.0792,2.0401,143.06,1591.99,1569.99,0.2138,0.0526,0.1179,0.2513,1,1,3005,210075859,15,20,B03
2078.19,87.32,9.82,38.36,24.6788,0.0855,2.0807,146.08,1592.13,1570.13,0.1732,0.0832,0.1361,0.2016,1,1,3005,210075859,15,20,B03
2078.34,87.32,9.85,36.25,38.5699,0.107,2.0432,139.78,1592.28,1570.28,0.1342,0.14,0.181,0.1338,1,1,3005,210075859,15,20,B03
2078.49,87.33,9.87,34.22,55.7991,0.1233,1.9339,132.33,1592.43,1570.43,0.0967,0.1872,0.2167,0.0999,1,1,3005,210075859,15,20,B03
2078.64,87.33,9.86,32.21,71.4007,0.1396,1.9398,130.6,1592.57,1570.57,0.0595,0.2328,0.251,0.0832,1,1,3005,210075859,15,20,B03
2078.79,87.34,9.89,30.4,73.9971,0.1482,1.9814,117,1592.72,1570.72,0.026,0.2623,0.2703,0.0822,1,1,3005,210075859,15,20,B03
2079.86,87.37,9.88,32.59,16.5403,0.1043,2.1521,120.63,1593.74,1571.74,0.0665,0.1588,0.1791,0.2645,1,1,3005,210075859,15,20,B03
2080.01,87.38,9.8,40.21,9.4166,0.111,2.1706,121.14,1593.89,1571.89,0.2077,0.1016,0.165,0.3634,2,0,3005,210075859,15,20,B03
2080.17,87.39,9.82,48.22,5.6563,0.1357,2.1503,114.77,1594.04,1572.04,0.356,0.0716,0.1803,0.4437,1,0,3005,210075859,15,20,B03
2080.32,87.39,10,54.59,4.1554,0.1692,2.1137,116.52,1594.18,1572.18,0.4739,0.069,0.2137,0.4709,5,0,3005,210075859,15,20,B03
2080.47,87.4,10.3,58.33,3.2071,0.1993,2.1518,118.33,1594.33,1572.33,0.5431,0.0817,0.2475,0.5138,5,0,3005,210075859,15,20,B03
2080.62,87.4,10.52,61.6,2.3724,0.208,2.256,115.77,1594.48,1572.48,0.4292,0.1304,0.2614,0.6248,5,0,3005,210075859,15,20,B03
2080.78,87.41,10.54,64.75,1.8996,0.2056,2.3174,110.44,1594.62,1572.62,0.4948,0.0858,0.2369,0.8381,5,0,3005,210075859,15,20,B03
2090.53,87.74,10.06,55.18,1.4933,0.1943,2.2779,110.18,1603.99,1581.99,0.2953,0.1543,0.2444,0.8519,2,0,3005,210075859,15,20,B03
2090.68,87.75,9.9,49.87,1.6349,0.1914,2.2583,111.08,1604.13,1582.13,0.1848,0.1912,0.2476,0.7296,2,0,3005,210075859,15,20,B03
2090.83,87.75,9.97,46.12,1.7703,0.2117,2.2574,114.98,1604.28,1582.28,0.1067,0.2193,0.2518,0.6471,2,0,3005,210075859,15,20,B03
2090.99,87.76,10.05,47.63,1.9016,0.2253,2.2796,114.14,1604.43,1582.43,0.138,0.206,0.2482,0.647,2,0,3005,210075859,15,20,B03
2091.14,87.76,9.96,49.75,1.9874,0.2223,2.286,112.52,1604.57,1582.57,0.1822,0.1902,0.2458,0.658,2,0,3005,210075859,15,20,B03
2091.29,87.77,9.87,52.07,1.932,0.2187,2.2991,113.01,1604.72,1582.72,0.2307,0.1705,0.2409,0.7077,2,0,3005,210075859,15,20,B03
2091.44,87.78,9.95,54.31,1.7835,0.221,2.3226,116.44,1604.87,1582.87,0.2774,0.1491,0.2337,0.7957,3,0,3005,210075859,15,20,B03
2091.6,87.78,10.08,56.29,1.6338,0.2263,2.3378,119.1,1605.01,1583.01,0.3186,0.1346,0.2319,0.8754,3,0,3005,210075859,15,20,B03
2091.75,87.79,10.26,58.19,1.5516,0.2315,2.343,118.05,1605.16,1583.16,0.3581,0.1247,0.234,0.9215,3,0,3005,210075859,15,20,B03
2091.9,87.79,10.29,60.08,1.5106,0.2425,2.3278,117.84,1605.31,1583.31,0.3975,0.1236,0.245,0.9105,3,0,3005,210075859,15,20,B03
2092.05,87.8,10.26,60.87,1.5073,0.2445,2.3111,115.17,1605.45,1583.45,0.4139,0.1237,0.2501,0.8982,5,0,3005,210075859,15,20,B03
2092.21,87.8,10.23,60.16,1.5257,0.2259,2.3007,114.75,1605.6,1583.6,0.3992,0.1263,0.2481,0.8908,2,0,3005,210075859,15,20,B03
2092.36,87.81,10.2,58.33,1.5614,0.2074,2.293,115,1605.74,1583.74,0.3611,0.1343,0.2445,0.8702,2,0,3005,210075859,15,20,B03
2092.51,87.81,10.09,56.29,1.6067,0.1955,2.2804,116.39,1605.89,1583.89,0.3184,0.1472,0.2444,0.8287,2,0,3005,210075859,15,20,B03
2092.66,87.82,9.96,54.35,1.6212,0.1885,2.2644,116.56,1606.04,1584.04,0.2781,0.1624,0.2473,0.7883,2,0,3005,210075859,15,20,B03
2092.82,87.82,9.83,52.57,1.6261,0.1862,2.241,118.07,1606.18,1584.18,0.2411,0.1701,0.2437,0.7784,2,0,3005,210075859,15,20,B03
2092.97,87.83,9.83,50.93,1.618,0.1907,2.2438,118.96,1606.33,1584.33,0.2069,0.191,0.2541,0.7241,2,0,3005,210075859,15,20,B03
2093.12,87.83,10.02,49.32,1.5991,0.2092,2.2643,116.22,1606.48,1584.48,0.1734,0.1977,0.2507,0.7219,2,0,3005,210075859,15,20,B03
2093.27,87.84,10.27,48.35,1.5523,0.2219,2.3167,116.58,1606.62,1584.62,0.1531,0.1876,0.2343,0.7793,3,0,3005,210075859,15,20,B03
2093.43,87.84,10.39,52.3,1.4836,0.222,2.3472,115.18,1606.77,1584.77,0.2355,0.1542,0.2261,0.8945,3,0,3005,210075859,15,20,B03
2095.1,87.9,10.04,55.19,1.3917,0.2174,2.328,112.33,1608.38,1586.38,0.2957,0.1414,0.2317,0.9507,3,0,3005,210075859,15,20,B03
2095.25,87.91,9.97,53.17,1.4082,0.2098,2.3275,111.77,1608.53,1586.53,0.2535,0.1508,0.2282,0.9264,3,0,3005,210075859,15,20,B03
2095.41,87.91,9.92,51.11,1.4107,0.2034,2.3282,111.82,1608.67,1586.67,0.2106,0.1603,0.2246,0.9074,3,0,3005,210075859,15,20,B03
2095.56,87.92,9.96,51.02,1.4015,0.2004,2.319,112.55,1608.82,1586.82,0.2088,0.1635,0.2272,0.8968,3,0,3005,210075859,15,20,B03
2095.71,87.92,10.04,51.96,1.3458,0.203,2.3208,112.44,1608.96,1586.96,0.2283,0.1584,0.2281,0.9304,3,0,3005,210075859,15,20,B03
2095.86,87.93,10.18,53.04,1.2869,0.2132,2.3325,112.75,1609.11,1587.11,0.2509,0.1509,0.2275,0.9784,3,0,3005,210075859,15,20,B03
2100.44,88.09,10.27,58.12,1.1154,0.2188,2.2609,110.73,1613.5,1591.5,0.3566,0.1538,0.2627,0.9772,2,0,3005,210075859,15,20,B03
2108.67,88.37,10.02,60.39,1.1448,0.2414,2.2612,118.08,1621.41,1599.41,0.404,0.1474,0.2707,0.9612,5,0,3005,210075859,15,20,B03
2108.82,88.38,9.97,59.41,1.2075,0.2199,2.2334,117.99,1621.55,1599.55,0.3835,0.1584,0.2755,0.8928,2,0,3005,210075859,15,20,B03
2109.12,88.39,9.8,56.78,1.5402,0.1793,2.1821,118.61,1621.85,1599.85,0.3288,0.1211,0.2214,0.9687,2,0,3005,210075859,15,20,B03
2109.27,88.39,9.73,53.52,1.7042,0.1692,2.1754,119.3,1621.99,1599.99,0.2609,0.1371,0.2167,0.8828,2,0,3005,210075859,15,20,B03
2109.43,88.4,9.72,49.92,1.8534,0.1657,2.1735,118.41,1622.14,1600.14,0.1859,0.1658,0.2226,0.7662,2,0,3005,210075859,15,20,B03
2109.58,88.4,9.79,46.53,1.9668,0.1812,2.1636,116.68,1622.29,1600.29,0.1152,0.2237,0.2589,0.5954,1,0,3005,210075859,15,20,B03
2109.73,88.41,9.88,46.3,2.0637,0.1905,2.1929,116.42,1622.43,1600.43,0.1103,0.237,0.2707,0.5515,2,0,3005,210075859,15,20,B03
2109.88,88.41,9.89,47.27,2.1692,0.1755,2.2287,116.47,1622.58,1600.58,0.1306,0.2117,0.2516,0.5885,2,0,3005,210075859,15,20,B03
2110.04,88.42,9.87,48.31,2.3079,0.1623,2.2248,116.47,1622.72,1600.72,0.1523,0.1821,0.2285,0.6408,2,0,3005,210075859,15,20,B03
2110.19,88.42,9.83,48.01,2.3318,0.1554,2.1818,119.16,1622.87,1600.87,0.1461,0.1733,0.2179,0.6685,2,0,3005,210075859,15,20,B03
2110.34,88.43,9.8,46.42,2.2385,0.1605,2.1537,121.47,1623.02,1601.02,0.1129,0.1949,0.2293,0.6319,1,0,3005,210075859,15,20,B03
2110.49,88.43,9.8,44.62,2.0819,0.1767,2.1579,119.56,1623.16,1601.16,0.0755,0.2353,0.2583,0.564,1,0,3005,210075859,15,20,B03
2110.65,88.44,9.81,44.15,2.0306,0.1943,2.1993,119.29,1623.31,1601.31,0.0656,0.2476,0.2676,0.5471,2,0,3005,210075859,15,20,B03
2110.8,88.44,9.8,47.3,2.0256,0.209,2.2404,117.66,1623.46,1601.46,0.1312,0.2182,0.2582,0.5938,2,0,3005,210075859,15,20,B03
2110.95,88.45,9.79,51.13,1.9833,0.2137,2.251,114.72,1623.6,1601.6,0.211,0.1938,0.2582,0.6333,2,0,3005,210075859,15,20,B03
2111.1,88.46,9.83,54.94,1.9057,0.2114,2.2552,116.79,1623.75,1601.75,0.2904,0.1699,0.2586,0.6813,2,0,3005,210075859,15,20,B03
2111.26,88.46,9.88,55.28,1.8205,0.2032,2.2513,119.74,1623.9,1601.9,0.2975,0.1672,0.258,0.7058,2,0,3005,210075859,15,20,B03
2111.41,88.47,9.93,54.92,1.7348,0.1976,2.2553,121.09,1624.04,1602.04,0.2901,0.1658,0.2544,0.7355,2,0,3005,210075859,15,20,B03
2111.56,88.47,9.95,54.57,1.6617,0.2036,2.2661,120.82,1624.19,1602.19,0.2827,0.1654,0.2517,0.7607,2,0,3005,210075859,15,20,B03
2111.71,88.48,10.01,55.64,1.6714,0.2223,2.2686,119.52,1624.33,1602.33,0.3049,0.1641,0.2572,0.7501,2,0,3005,210075859,15,20,B03
2111.87,88.48,10.1,57.54,1.792,0.2321,2.2872,117.58,1624.48,1602.48,0.3445,0.1482,0.2533,0.7511,2,0,3005,210075859,15,20,B03
2112.02,88.49,10.12,59.54,1.9429,0.2335,2.3059,117.33,1624.63,1602.63,0.3863,0.129,0.2469,0.7525,2,0,3005,210075859,15,20,B03
2112.17,88.49,10.06,60.34,2.0566,0.2318,2.311,117.5,1624.77,1602.77,0.403,0.1216,0.2446,0.7372,5,0,3005,210075859,15,20,B03
2112.32,88.5,9.97,59.38,2.3154,0.2283,2.3109,117.32,1624.92,1602.92,0.3829,0.1259,0.2427,0.6785,2,0,3005,210075859,15,20,B03
2112.48,88.5,9.91,58.11,2.4986,0.2192,2.2989,117.78,1625.07,1603.07,0.3564,0.1353,0.2441,0.6331,2,0,3005,210075859,15,20,B03
2112.63,88.51,9.85,56.59,2.6615,0.2054,2.2676,117.81,1625.21,1603.21,0.3248,0.1527,0.2518,0.5789,2,0,3005,210075859,15,20,B03
2112.78,88.51,9.83,53.75,2.8368,0.1922,2.2294,118.19,1625.36,1603.36,0.2657,0.1802,0.2613,0.5203,2,0,3005,210075859,15,20,B03
2112.93,88.52,9.88,50.66,3.0526,0.1899,2.1981,117.22,1625.51,1603.51,0.2012,0.2097,0.2711,0.4652,2,0,3005,210075859,15,20,B03
2113.08,88.52,9.96,47.57,3.3144,0.1802,2.191,115.67,1625.65,1603.65,0.1368,0.2263,0.268,0.4371,2,0,3005,210075859,15,20,B03
2113.24,88.53,9.96,47.55,3.4773,0.1683,2.1802,114.3,1625.8,1603.8,0.1364,0.2099,0.2515,0.4552,2,0,3005,210075859,15,20,B03
2113.39,88.53,9.87,48.6,3.517,0.1644,2.1785,113.12,1625.95,1603.95,0.1583,0.1946,0.2429,0.4737,2,0,3005,210075859,15,20,B03
2113.54,88.54,9.86,49.8,3.384,0.1678,2.1863,113.72,1626.09,1604.09,0.1834,0.1882,0.2442,0.4868,2,0,3005,210075859,15,20,B03
2113.69,88.54,9.96,52.15,3.0882,0.1794,2.1996,112.94,1626.24,1604.24,0.2323,0.1832,0.2541,0.5024,2,0,3005,210075859,15,20,B03
2113.85,88.55,10.11,55.4,2.7764,0.1948,2.2241,114.39,1626.38,1604.38,0.3001,0.1741,0.2657,0.5249,2,0,3005,210075859,15,20,B03
2114,88.56,10.25,58.72,2.5008,0.2115,2.2503,115.43,1626.53,1604.53,0.3692,0.1499,0.2626,0.5851,2,0,3005,210075859,15,20,B03
2114.15,88.56,10.4,61.47,2.2493,0.2224,2.2703,115.4,1626.68,1604.68,0.4264,0.1294,0.2596,0.6514,5,0,3005,210075859,15,20,B03
2114.3,88.57,10.52,63.32,1.9887,0.2241,2.2951,116.54,1626.82,1604.82,0.4649,0.1091,0.251,0.7502,5,0,3005,210075859,15,20,B03
2114.46,88.57,10.55,64.99,1.7138,0.2265,2.2993,116.42,1626.97,1604.97,0.4999,0.0988,0.2514,0.8484,5,0,3005,210075859,15,20,B03
2114.61,88.58,10.57,66.07,1.503,0.2301,2.3159,115.69,1627.12,1605.12,0.5224,0.0869,0.2464,0.9705,5,0,3005,210075859,15,20,B03
2117.5,88.68,10.1,60.44,1.5282,0.2143,2.2865,119.13,1629.9,1607.9,0.4049,0.1272,0.2508,0.8784,5,0,3005,210075859,15,20,B03
2117.66,88.68,9.94,56.19,1.662,0.1937,2.2599,117.97,1630.04,1608.04,0.3164,0.1556,0.2522,0.7768,2,0,3005,210075859,15,20,B03
2117.81,88.69,9.82,51.52,1.7762,0.1727,2.2359,118.64,1630.19,1608.19,0.2192,0.1621,0.229,0.7789,2,0,3005,210075859,15,20,B03
2117.96,88.69,9.82,47.39,1.812,0.1739,2.231,119.86,1630.34,1608.34,0.1332,0.2099,0.2505,0.6519,2,0,3005,210075859,15,20,B03
2118.11,88.7,10,50.72,1.8043,0.2001,2.27,119.55,1630.48,1608.48,0.2024,0.1843,0.246,0.7012,2,0,3005,210075859,15,20,B03
2118.27,88.7,10.24,55.64,1.7771,0.2279,2.3078,121.46,1630.63,1608.63,0.305,0.1494,0.2425,0.7749,2,0,3005,210075859,15,20,B03
2118.42,88.71,10.26,60.56,1.7069,0.2436,2.3105,121.76,1630.78,1608.78,0.4075,0.1266,0.2509,0.8153,5,0,3005,210075859,15,20,B03
2118.57,88.71,10.28,64.76,1.5408,0.2377,2.2892,126.37,1630.92,1608.92,0.495,0.1081,0.2591,0.8839,5,0,3005,210075859,15,20,B03
2121.92,88.83,10.34,46.18,1.7496,0.199,2.3579,108.69,1634.14,1612.14,0.108,0.1763,0.2093,0.7925,3,0,3005,210075859,15,20,B03
2122.08,88.83,10.39,48.91,1.6411,0.2573,2.2799,100.69,1634.29,1612.29,0.1648,0.2191,0.2694,0.6489,2,0,3005,210075859,15,20,B03
2122.23,88.84,10.4,53.96,1.5026,0.2781,2.2393,95.85,1634.44,1612.44,0.27,0.2094,0.2918,0.669,2,0,3005,210075859,15,20,B03
2122.38,88.85,10.41,59.25,1.3203,0.278,2.2339,90.41,1634.58,1612.58,0.3802,0.1751,0.2912,0.783,2,0,3005,210075859,15,20,B03
2122.53,88.85,10.44,62.39,1.1672,0.2681,2.2486,90.15,1634.73,1612.73,0.4456,0.1483,0.2842,0.9175,5,0,3005,210075859,15,20,B03
2127.41,89.02,9.75,52.17,1.388,0.1749,2.2355,113.58,1639.42,1617.42,0.2327,0.1518,0.2228,0.9391,2,0,3005,210075859,15,20,B03
2127.56,89.02,9.7,52.92,1.4511,0.1754,2.2349,116.11,1639.56,1617.56,0.2483,0.1477,0.2235,0.9245,2,0,3005,210075859,15,20,B03
2127.72,89.03,9.66,55.91,1.5235,0.1826,2.2482,118.75,1639.71,1617.71,0.3107,0.1342,0.229,0.9189,2,0,3005,210075859,15,20,B03
2127.87,89.03,9.62,59.19,1.597,0.1963,2.276,120.08,1639.86,1617.86,0.379,0.1326,0.2483,0.8475,2,0,3005,210075859,15,20,B03
2128.02,89.04,9.58,60.61,1.6575,0.1995,2.2899,117.1,1640,1618,0.4085,0.1196,0.2443,0.8597,5,0,3005,210075859,15,20,B03
2128.17,89.05,9.55,59.43,1.6453,0.1906,2.2816,114.99,1640.15,1618.15,0.3839,0.118,0.2352,0.8921,2,0,3005,210075859,15,20,B03
2128.32,89.05,9.55,57.79,1.5911,0.1829,2.2683,115.73,1640.29,1618.29,0.3498,0.1195,0.2263,0.9355,2,0,3005,210075859,15,20,B03
2128.48,89.06,9.56,56.58,1.5359,0.1864,2.2538,114.21,1640.44,1618.44,0.3246,0.1343,0.2334,0.9027,2,0,3005,210075859,15,20,B03
2128.63,89.06,9.6,57.46,1.5063,0.2051,2.2752,114.71,1640.59,1618.59,0.3429,0.146,0.2507,0.8474,2,0,3005,210075859,15,20,B03
2128.78,89.07,9.73,58.74,1.4868,0.2197,2.3018,116.03,1640.73,1618.73,0.3696,0.1322,0.245,0.8976,2,0,3005,210075859,15,20,B03
2128.93,89.07,9.83,60.02,1.4666,0.2227,2.2966,115.38,1640.88,1618.88,0.3963,0.128,0.2489,0.9049,2,0,3005,210075859,15,20,B03
2129.09,89.08,9.84,60.49,1.4364,0.2289,2.2845,116.77,1641.03,1619.03,0.406,0.1323,0.2562,0.8902,5,0,3005,210075859,15,20,B03
2129.24,89.08,9.86,60.69,1.4142,0.2408,2.2787,116.95,1641.17,1619.17,0.4102,0.137,0.2622,0.8758,5,0,3005,210075859,15,20,B03
2129.39,89.09,9.98,60.88,1.4758,0.2498,2.2765,117.2,1641.32,1619.32,0.4141,0.1391,0.2655,0.84,5,0,3005,210075859,15,20,B03
2129.54,89.09,10.19,59.67,1.6072,0.2524,2.2645,117.81,1641.47,1619.47,0.3889,0.1514,0.2701,0.7642,2,0,3005,210075859,15,20,B03
2129.7,89.1,10.32,57.3,1.7808,0.238,2.2344,117.22,1641.61,1619.61,0.3396,0.1734,0.277,0.6727,2,0,3005,210075859,15,20,B03
2129.85,89.1,10.31,54.76,1.9752,0.2134,2.2016,117.11,1641.76,1619.76,0.2866,0.1942,0.2816,0.6,2,0,3005,210075859,15,20,B03
2130,89.11,10.24,51.66,2.1856,0.1952,2.1846,115.73,1641.91,1619.91,0.222,0.2125,0.2802,0.5479,2,0,3005,210075859,15,20,B03
2130.15,89.11,10.09,47.33,2.468,0.1857,2.1857,115.72,1642.05,1620.05,0.1319,0.2322,0.2725,0.502,2,0,3005,210075859,15,20,B03
2130.31,89.12,9.85,42.78,3.0146,0.1841,2.1949,119.18,1642.2,1620.2,0.0372,0.2527,0.264,0.4437,2,0,3005,210075859,15,20,B03
2130.76,89.13,9.62,44.92,6.3727,0.2224,2.2895,121.2,1642.64,1620.64,0.0817,0.2286,0.2535,0.317,2,0,3005,210075859,15,20,B03
2130.92,89.14,9.58,48.75,6.406,0.2102,2.2805,118.02,1642.78,1620.78,0.1615,0.1965,0.2458,0.3289,2,0,3005,210075859,15,20,B03
2131.07,89.15,9.52,49.31,5.9657,0.2011,2.2657,112.4,1642.93,1620.93,0.1731,0.1919,0.2447,0.345,2,0,3005,210075859,15,20,B03
2131.22,89.15,9.48,48.24,5.4003,0.1951,2.2412,108.25,1643.08,1621.08,0.1508,0.2061,0.2521,0.354,2,0,3005,210075859,15,20,B03
2131.37,89.16,9.45,46.97,5.2165,0.1837,2.1866,107.07,1643.22,1621.22,0.1244,0.2318,0.2697,0.3351,2,0,3005,210075859,15,20,B03
2131.53,89.16,9.43,45.11,5.1845,0.172,2.1563,103.21,1643.37,1621.37,0.0855,0.2506,0.2767,0.3244,1,0,3005,210075859,15,20,B03
2131.68,89.17,9.44,42.5,5.2053,0.1644,2.149,106.02,1643.52,1621.52,0.0313,0.2653,0.2748,0.3211,1,0,3005,210075859,15,20,B03
2132.13,89.18,9.64,42.76,4.7692,0.1683,2.1125,118.53,1643.96,1621.96,0.0367,0.2605,0.2717,0.3403,1,0,3005,210075859,15,20,B03
2132.29,89.19,9.66,48.42,4.4648,0.1709,2.1204,118.25,1644.1,1622.1,0.1545,0.2117,0.2588,0.3847,1,0,3005,210075859,15,20,B03
2132.44,89.19,9.71,54.55,4.1665,0.1735,2.1437,119.51,1644.25,1622.25,0.2824,0.1585,0.2446,0.4379,1,0,3005,210075859,15,20,B03
2132.59,89.2,9.79,60.15,3.8683,0.1882,2.1794,123.84,1644.39,1622.39,0.399,0.1304,0.2522,0.449,2,0,3005,210075859,15,20,B03
2132.74,89.2,9.89,62.13,3.5842,0.2136,2.2211,108.5,1644.54,1622.54,0.4401,0.1432,0.2775,0.4319,5,0,3005,210075859,15,20,B03
2132.9,89.21,9.9,63.04,3.3635,0.2359,2.2835,89.42,1644.69,1622.69,0.4592,0.1173,0.2574,0.4873,5,0,3005,210075859,15,20,B03
2133.05,89.21,9.87,63.81,3.0975,0.2426,2.3158,71,1644.83,1622.83,0.4753,0.1091,0.2541,0.5255,5,0,3005,210075859,15,20,B03
2133.2,89.22,9.86,63.99,2.7775,0.2395,2.3189,84.6,1644.98,1622.98,0.4789,0.1043,0.2504,0.5813,5,0,3005,210075859,15,20,B03
2133.35,89.22,9.9,63.29,2.4941,0.2331,2.3065,98.78,1645.13,1623.13,0.4644,0.1062,0.2479,0.6386,5,0,3005,210075859,15,20,B03
2133.51,89.23,9.97,61.93,2.2696,0.2349,2.3087,112.78,1645.27,1623.27,0.436,0.1147,0.2477,0.683,5,0,3005,210075859,15,20,B03
2133.66,89.24,9.98,60.43,2.0771,0.2383,2.3151,118.16,1645.42,1623.42,0.4049,0.1245,0.2481,0.7187,5,0,3005,210075859,15,20,B03
2133.81,89.24,9.98,59.7,1.9231,0.242,2.3187,119.51,1645.57,1623.57,0.3895,0.1305,0.2494,0.748,3,0,3005,210075859,15,20,B03
2133.96,89.25,9.98,60.19,1.7621,0.2494,2.3205,119.81,1645.71,1623.71,0.3998,0.1314,0.2534,0.7832,3,0,3005,210075859,15,20,B03
2134.12,89.25,9.96,61.5,1.5957,0.2566,2.3258,116.01,1645.86,1623.86,0.4271,0.1259,0.2562,0.8404,5,0,3005,210075859,15,20,B03
2134.27,89.26,9.94,62.98,1.4398,0.2576,2.3258,113.62,1646.01,1624.01,0.458,0.116,0.2558,0.9225,5,0,3005,210075859,15,20,B03
2135.03,89.28,10.43,64.65,1.2123,0.2764,2.2979,115.13,1646.74,1624.74,0.4927,0.1225,0.2728,0.9783,5,0,3005,210075859,15,20,B03
2135.18,89.29,10.46,66.17,1.2985,0.2687,2.2902,115.42,1646.88,1624.88,0.5243,0.1104,0.2704,0.9632,5,0,3005,210075859,15,20,B03
2135.34,89.29,10.29,68.34,1.3918,0.2583,2.2725,114.73,1647.03,1625.03,0.5696,0.1005,0.2744,0.9192,5,0,3005,210075859,15,20,B03
2135.49,89.3,10.01,70.58,1.4699,0.2483,2.2413,116.79,1647.18,1625.18,0.6162,0.0995,0.2875,0.8467,5,0,3005,210075859,15,20,B03
2135.64,89.3,9.83,70.74,1.6103,0.2459,2.2195,119.72,1647.32,1625.32,0.6196,0.1077,0.2968,0.7594,5,0,3005,210075859,15,20,B03
2135.79,89.31,9.93,68.25,1.7616,0.2473,2.2199,120.01,1647.47,1625.47,0.5676,0.1212,0.2944,0.704,5,0,3005,210075859,15,20,B03
2135.94,89.31,9.84,63.62,1.9089,0.2419,2.2475,120.31,1647.62,1625.62,0.4713,0.1329,0.2768,0.6893,5,0,3005,210075859,15,20,B03
2136.1,89.32,9.77,58.54,2.0103,0.2322,2.267,123.22,1647.76,1625.76,0.3654,0.1505,0.262,0.6752,2,0,3005,210075859,15,20,B03
2136.25,89.32,9.92,55.15,1.9987,0.2207,2.2678,124.19,1647.91,1625.91,0.2947,0.1662,0.2561,0.6685,2,0,3005,210075859,15,20,B03
2136.4,89.33,10.16,59.71,1.8318,0.2241,2.299,122.19,1648.06,1626.06,0.3898,0.1284,0.2474,0.7808,2,0,3005,210075859,15,20,B03
2136.55,89.34,10.29,65.52,1.5934,0.2417,2.3069,120.36,1648.2,1626.2,0.5107,0.097,0.2528,0.8931,5,0,3005,210075859,15,20,B03
2136.71,89.34,10.36,69.15,1.3677,0.2622,2.3022,120.89,1648.35,1626.35,0.5866,0.0852,0.2642,0.9832,5,0,3005,210075859,15,20,B03
2139.91,89.45,10.34,64.11,1.3459,0.2505,2.2701,122.64,1651.42,1629.42,0.4815,0.124,0.2709,0.9104,5,0,3005,210075859,15,20,B03
2140.06,89.46,10.17,60.18,1.4329,0.2445,2.253,124.94,1651.57,1629.57,0.3996,0.1518,0.2738,0.8138,2,0,3005,210075859,15,20,B03
2140.21,89.46,9.88,58.34,1.5219,0.2299,2.2411,124.06,1651.72,1629.72,0.3612,0.163,0.2733,0.7642,2,0,3005,210075859,15,20,B03
2140.36,89.47,9.78,59.25,1.6233,0.2225,2.2427,121.86,1651.86,1629.86,0.3801,0.1549,0.2709,0.7512,2,0,3005,210075859,15,20,B03
2140.52,89.47,9.83,61.07,1.7291,0.2324,2.2669,123.12,1652.01,1630.01,0.4181,0.1368,0.2644,0.76,5,0,3005,210075859,15,20,B03
2140.67,89.48,9.91,62.58,1.7992,0.2414,2.2915,120.29,1652.16,1630.16,0.4497,0.1199,0.2572,0.7778,5,0,3005,210075859,15,20,B03
2140.82,89.48,10.02,63.81,1.8215,0.2409,2.304,117.86,1652.3,1630.3,0.4752,0.1074,0.2524,0.797,5,0,3005,210075859,15,20,B03
2140.97,89.49,10.13,64.69,1.8004,0.2517,2.2917,116.18,1652.45,1630.45,0.4935,0.111,0.2616,0.776,5,0,3005,210075859,15,20,B03
2141.13,89.49,10.23,63.95,1.78,0.2541,2.2753,116.42,1652.6,1630.6,0.4782,0.1223,0.2682,0.7546,5,0,3005,210075859,15,20,B03
2141.28,89.5,10.28,63,1.8029,0.2478,2.278,116.74,1652.74,1630.74,0.4584,0.1249,0.2648,0.7524,5,0,3005,210075859,15,20,B03
2141.43,89.5,10.21,61.13,1.8447,0.2303,2.2709,120.16,1652.89,1630.89,0.4195,0.1339,0.2619,0.7362,5,0,3005,210075859,15,20,B03
2141.58,89.51,9.96,58.55,1.8631,0.215,2.2687,121.42,1653.04,1631.04,0.3655,0.145,0.2566,0.7276,2,0,3005,210075859,15,20,B03
2141.74,89.51,9.72,56.21,1.8374,0.1978,2.2725,125.26,1653.18,1631.18,0.3169,0.1512,0.2479,0.7423,2,0,3005,210075859,15,20,B03
2141.89,89.52,9.66,54.56,1.788,0.1791,2.2694,125.44,1653.33,1631.33,0.2824,0.1466,0.2328,0.7953,2,0,3005,210075859,15,20,B03
2142.04,89.53,9.68,53.31,1.7313,0.1751,2.249,124.49,1653.47,1631.47,0.2565,0.1495,0.2278,0.8165,2,0,3005,210075859,15,20,B03
2142.19,89.53,9.73,53.05,1.6711,0.1808,2.2449,122.3,1653.62,1631.62,0.251,0.1594,0.236,0.7961,2,0,3005,210075859,15,20,B03
2142.35,89.54,9.79,54.04,1.5935,0.1893,2.2499,121.08,1653.77,1631.77,0.2716,0.1705,0.2533,0.7639,2,0,3005,210075859,15,20,B03
2142.5,89.54,9.83,55.25,1.4886,0.2021,2.2725,117.54,1653.91,1631.91,0.2969,0.1587,0.2493,0.8276,2,0,3005,210075859,15,20,B03
2142.65,89.55,9.83,56.44,1.3747,0.2185,2.2908,113.59,1654.06,1632.06,0.3216,0.1498,0.248,0.8926,2,0,3005,210075859,15,20,B03
2142.8,89.55,9.84,56.37,1.3016,0.2306,2.3038,111.41,1654.21,1632.21,0.3202,0.1486,0.2464,0.9295,2,0,3005,210075859,15,20,B03
2142.96,89.56,9.9,55.12,1.2692,0.2411,2.3098,110.7,1654.35,1632.35,0.2942,0.1566,0.2464,0.9224,2,0,3005,210075859,15,20,B03
2143.11,89.56,10.03,53.58,1.2871,0.249,2.3071,112.28,1654.5,1632.5,0.2621,0.1733,0.2533,0.8595,2,0,3005,210075859,15,20,B03
2143.26,89.57,10.13,52.05,1.3237,0.2523,2.2868,113.04,1654.65,1632.65,0.2302,0.191,0.2612,0.7934,2,0,3005,210075859,15,20,B03
2143.41,89.57,10.11,53.02,1.3611,0.257,2.271,113.76,1654.79,1632.79,0.2503,0.1922,0.2685,0.7679,2,0,3005,210075859,15,20,B03
2143.56,89.58,9.96,55.08,1.3868,0.254,2.2637,119.15,1654.94,1632.94,0.2933,0.179,0.2685,0.7856,2,0,3005,210075859,15,20,B03
2143.72,89.58,9.86,57.49,1.3745,0.2344,2.2633,128.66,1655.09,1633.09,0.3435,0.1601,0.2649,0.8353,2,0,3005,210075859,15,20,B03
2143.87,89.59,9.94,59.85,1.3306,0.2094,2.2674,137.75,1655.23,1633.23,0.3927,0.1376,0.2574,0.9195,2,0,3005,210075859,15,20,B03
2149.66,89.79,10.14,72.88,1.8563,0.2199,2.2933,103.98,1660.8,1638.8,0.6642,0.0538,0.2565,0.7746,5,0,3005,210075859,15,20,B03
2149.81,89.79,10.05,69.61,1.9438,0.2246,2.2616,93.64,1660.94,1638.94,0.596,0.0882,0.2701,0.7197,5,0,3005,210075859,15,20,B03
2149.97,89.8,9.98,66.34,1.9889,0.2125,2.2494,96.87,1661.09,1639.09,0.5278,0.0978,0.2588,0.7339,5,0,3005,210075859,15,20,B03
2150.12,89.8,10.01,63.06,2.0383,0.1947,2.2359,103.84,1661.24,1639.24,0.4596,0.1,0.2402,0.7703,5,0,3005,210075859,15,20,B03
2150.27,89.81,10.05,59.79,2.1581,0.1818,2.2266,110.81,1661.38,1639.38,0.3914,0.1099,0.2294,0.7607,2,0,3005,210075859,15,20,B03
2150.42,89.82,10.09,56.79,2.415,0.1879,2.244,117.64,1661.53,1639.53,0.3289,0.156,0.2564,0.6023,2,0,3005,210075859,15,20,B03
2150.58,89.82,10.04,56.29,2.7469,0.2068,2.2919,124.13,1661.68,1639.68,0.3186,0.1446,0.2418,0.5889,2,0,3005,210075859,15,20,B03
2150.73,89.83,9.81,56.3,2.9789,0.2115,2.3378,127.24,1661.82,1639.82,0.3187,0.1295,0.2267,0.5988,3,0,3005,210075859,15,20,B03
2150.88,89.83,9.58,56.3,2.9999,0.1959,2.3444,127.3,1661.97,1639.97,0.3187,0.1197,0.2169,0.6252,3,0,3005,210075859,15,20,B03
2151.03,89.84,9.43,52.21,2.9089,0.1648,2.3294,128.33,1662.12,1640.12,0.2336,0.1385,0.2098,0.6411,3,0,3005,210075859,15,20,B03
2151.18,89.84,9.47,46.39,2.826,0.1357,2.292,123.53,1662.26,1640.26,0.1123,0.1619,0.1962,0.6532,3,0,3005,210075859,15,20,B03
2151.64,89.86,10.07,45.57,3.1504,0.138,2.2559,110.99,1662.7,1640.7,0.0952,0.1758,0.2049,0.5808,2,0,3005,210075859,15,20,B03
2151.79,89.86,10.03,52.11,3.2294,0.1608,2.2428,106.4,1662.85,1640.85,0.2315,0.1547,0.2254,0.5542,2,0,3005,210075859,15,20,B03
2151.95,89.87,9.91,57.22,3.1882,0.1804,2.232,95.77,1663,1641,0.3379,0.14,0.2431,0.5324,2,0,3005,210075859,15,20,B03
2152.1,89.87,9.86,57.74,2.9555,0.1879,2.2314,101.59,1663.14,1641.14,0.3487,0.1466,0.253,0.5383,2,0,3005,210075859,15,20,B03
2152.25,89.88,9.87,56.97,2.6892,0.1828,2.2295,109.32,1663.29,1641.29,0.3326,0.1422,0.2437,0.5952,2,0,3005,210075859,15,20,B03
2152.4,89.88,9.87,56.08,2.4315,0.1759,2.2333,112.18,1663.44,1641.44,0.3142,0.1364,0.2323,0.6669,2,0,3005,210075859,15,20,B03
2152.56,89.89,9.97,57.48,2.22,0.1799,2.2411,117.22,1663.58,1641.58,0.3434,0.1278,0.2326,0.7181,2,0,3005,210075859,15,20,B03
2152.71,89.89,10.02,59.85,2.0803,0.1911,2.2323,121.08,1663.73,1641.73,0.3926,0.1227,0.2425,0.7319,2,0,3005,210075859,15,20,B03
2152.86,89.9,9.91,62.34,1.9533,0.2028,2.2227,122.43,1663.87,1641.87,0.4446,0.1172,0.2529,0.7453,5,0,3005,210075859,15,20,B03
2153.01,89.9,9.94,63.5,1.8263,0.2153,2.2361,131.13,1664.02,1642.02,0.4688,0.1314,0.2744,0.7166,5,0,3005,210075859,15,20,B03
2153.17,89.91,10.06,63.42,1.7013,0.2259,2.2353,135.9,1664.17,1642.17,0.4671,0.1356,0.2781,0.7402,5,0,3005,210075859,15,20,B03
2153.32,89.92,10.21,62.93,1.5891,0.2297,2.2233,129.62,1664.31,1642.31,0.4569,0.145,0.2845,0.7499,5,0,3005,210075859,15,20,B03
2153.47,89.92,10.29,63.46,1.501,0.2374,2.2276,130.69,1664.46,1642.46,0.468,0.1425,0.2853,0.7816,5,0,3005,210075859,15,20,B03
2153.62,89.93,10.3,66.12,1.4637,0.2448,2.228,132.72,1664.61,1642.61,0.5233,0.1296,0.2893,0.8069,5,0,3005,210075859,15,20,B03
2153.78,89.93,10.27,69.88,1.4467,0.2519,2.2236,124.84,1664.75,1642.75,0.6017,0.1125,0.2961,0.8209,5,0,3005,210075859,15,20,B03
2153.93,89.94,10.22,73.5,1.4411,0.2587,2.2148,117.38,1664.9,1642.9,0.6771,0.0984,0.305,0.8154,5,0,3005,210075859,15,20,B03
2154.08,89.94,10.23,74.96,1.4375,0.2579,2.2063,110.32,1665.05,1643.05,0.7074,0.0839,0.2997,0.8385,5,0,3005,210075859,15,20,B03
2154.23,89.95,10.24,74.7,1.4339,0.2456,2.2108,105.7,1665.19,1643.19,0.7022,0.0685,0.2828,0.8924,5,0,3005,210075859,15,20,B03
2154.39,89.95,10.25,74.17,1.4312,0.2399,2.2152,99.24,1665.34,1643.34,0.6911,0.065,0.2759,0.9161,5,0,3005,210075859,15,20,B03
2154.54,89.96,10.25,73.38,1.4289,0.2353,2.2266,108.33,1665.49,1643.49,0.6746,0.0649,0.2708,0.9349,5,0,3005,210075859,15,20,B03
2154.69,89.96,10.25,72.25,1.4161,0.2345,2.2371,117.33,1665.63,1643.63,0.651,0.0726,0.2712,0.9397,5,0,3005,210075859,15,20,B03
2154.84,89.97,10.25,71.02,1.395,0.2402,2.2523,121.65,1665.78,1643.78,0.6254,0.0901,0.2809,0.9092,5,0,3005,210075859,15,20,B03
2154.99,89.97,10.25,70.5,1.3727,0.2379,2.2622,121.34,1665.93,1643.93,0.6147,0.0879,0.2754,0.9399,5,0,3005,210075859,15,20,B03
2155.15,89.98,10.26,71.53,1.3491,0.2406,2.2614,120.97,1666.07,1644.07,0.636,0.0833,0.2773,0.9517,5,0,3005,210075859,15,20,B03
2155.3,89.98,10.24,73.52,1.3209,0.2495,2.2569,120.65,1666.22,1644.22,0.6776,0.0764,0.2832,0.9549,5,0,3005,210075859,15,20,B03
2155.45,89.99,10.16,75.3,1.2919,0.2492,2.258,120.84,1666.36,1644.36,0.7146,0.0658,0.2839,0.9746,5,0,3005,210075859,15,20,B03
2156.52,90.03,10.26,65.23,1.3911,0.2487,2.2875,120.81,1667.39,1645.39,0.5047,0.1094,0.2634,0.9345,5,0,3005,210075859,15,20,B03
2156.67,90.03,10.27,65.91,1.4444,0.2538,2.2669,121.03,1667.54,1645.54,0.5189,0.1157,0.274,0.8712,5,0,3005,210075859,15,20,B03
2156.82,90.04,10.3,67.72,1.4898,0.2531,2.2631,119.95,1667.68,1645.68,0.5567,0.1067,0.2766,0.8572,5,0,3005,210075859,15,20,B03
2156.98,90.04,10.31,69.48,1.5662,0.247,2.2622,113.94,1667.83,1645.83,0.5933,0.0954,0.2765,0.836,5,0,3005,210075859,15,20,B03
2157.13,90.05,10.3,69.73,1.7526,0.242,2.2511,107.7,1667.98,1645.98,0.5985,0.0973,0.28,0.7539,5,0,3005,210075859,15,20,B03
2157.28,90.05,10.15,68.1,2.0067,0.2313,2.2404,104.63,1668.12,1646.12,0.5647,0.108,0.2803,0.6718,5,0,3005,210075859,15,20,B03
2157.43,90.06,9.78,66.12,2.2596,0.2244,2.2489,104.76,1668.27,1646.27,0.5233,0.113,0.2726,0.6267,5,0,3005,210075859,15,20,B03
2157.59,90.06,9.48,63.61,2.4538,0.2125,2.2694,109.63,1668.42,1646.42,0.471,0.1144,0.2581,0.6188,5,0,3005,210075859,15,20,B03
2157.74,90.07,9.4,58.89,2.6071,0.1803,2.283,114.46,1668.56,1646.56,0.3727,0.1246,0.2383,0.6316,2,0,3005,210075859,15,20,B03
2157.89,90.07,9.51,53.73,2.7062,0.145,2.283,117.12,1668.71,1646.71,0.3524,0.076,0.1835,0.8082,3,0,3005,210075859,15,20,B03
2158.04,90.08,9.71,48.44,2.818,0.1188,2.2795,113.14,1668.86,1646.86,0.2579,0.0759,0.1546,0.9254,3,0,3005,210075859,15,20,B03
2158.2,90.08,9.84,49.46,2.9757,0.1154,2.2787,108.61,1669,1647,0.2761,0.0649,0.1492,0.9227,3,0,3005,210075859,15,20,B03
2158.35,90.09,9.9,51.8,3.1328,0.135,2.2786,105.52,1669.15,1647.15,0.3179,0.0777,0.1747,0.7569,3,0,3005,210075859,15,20,B03
2158.5,90.09,9.8,50.91,3.2351,0.1573,2.2835,93.78,1669.29,1647.29,0.302,0.1185,0.2107,0.6089,3,0,3005,210075859,15,20,B03
2158.65,90.1,9.67,47.58,3.2838,0.1786,2.2782,94.19,1669.44,1647.44,0.2425,0.1614,0.2354,0.5248,2,0,3005,210075859,15,20,B03
2158.8,90.11,9.55,44.26,3.3333,0.1912,2.2632,102.91,1669.59,1647.59,0.1832,0.1879,0.2438,0.4885,2,0,3005,210075859,15,20,B03
2158.96,90.11,9.5,41.88,3.5074,0.1794,2.2622,112.03,1669.73,1647.73,0.1407,0.1958,0.2387,0.4761,2,0,3005,210075859,15,20,B03
2159.11,90.12,9.49,39.74,4.1253,0.1567,2.2709,117.27,1669.88,1647.88,0.1025,0.1944,0.2257,0.4537,2,0,2900,210075859,15,20,B03
2159.26,90.12,9.44,37.48,5.2057,0.1336,2.2665,123.78,1670.03,1648.03,0.0622,0.198,0.2169,0.4103,3,0,2900,210075859,15,20,B03
2159.41,90.13,9.39,35.11,7.2073,0.1301,2.2516,115.67,1670.17,1648.17,0.0199,0.2137,0.2198,0.3377,2,0,2900,210075859,15,20,B03
2160.63,90.17,9.54,36.38,11.9813,0.0956,2.1295,116.62,1671.35,1649.35,0.0424,0.1518,0.1647,0.3444,1,0,2900,210075859,15,20,B03
2160.79,90.17,9.55,39.2,9.9684,0.1031,2.1371,123.06,1671.49,1649.49,0.0929,0.1398,0.1682,0.3683,1,0,2900,210075859,15,20,B03
2160.94,90.18,9.45,42.01,8.4854,0.1231,2.1482,119.51,1671.64,1649.64,0.1431,0.1492,0.1928,0.3508,1,0,2900,210075859,15,20,B03
2161.09,90.18,9.36,42.39,7.5988,0.1424,2.1621,118.4,1671.79,1649.79,0.1499,0.1774,0.2232,0.3254,1,0,2900,210075859,15,20,B03
2161.24,90.19,9.33,41.18,6.9684,0.1525,2.1798,117.08,1671.93,1649.93,0.1283,0.202,0.2412,0.3172,2,0,2900,210075859,15,20,B03
2161.4,90.19,9.3,39.63,6.5096,0.147,2.2094,115.54,1672.08,1650.08,0.1006,0.2032,0.2339,0.3392,2,0,2900,210075859,15,20,B03
2161.55,90.2,9.29,38.4,6.1736,0.1375,2.244,118.17,1672.22,1650.22,0.0786,0.2038,0.2278,0.3574,2,0,2900,210075859,15,20,B03
2161.7,90.21,9.29,37.63,6.0478,0.13,2.2786,115.72,1672.37,1650.37,0.0648,0.154,0.1738,0.4746,3,0,2900,210075859,15,20,B03
2161.85,90.21,9.31,37.08,6.0936,0.122,2.3004,110.18,1672.52,1650.52,0.0549,0.1484,0.1651,0.4963,3,0,2900,210075859,15,20,B03
2162.01,90.22,9.34,36.91,6.1593,0.1164,2.3094,107.6,1672.66,1650.66,0.052,0.1431,0.159,0.5123,3,0,2900,210075859,15,20,B03
2162.16,90.22,9.4,37.78,6.1468,0.1177,2.3056,101.64,1672.81,1650.81,0.0674,0.1743,0.1949,0.4187,3,0,2900,210075859,15,20,B03
2162.31,90.23,9.46,39.55,5.9408,0.1257,2.2948,94.95,1672.96,1650.96,0.0991,0.1732,0.2034,0.4114,3,0,2900,210075859,15,20,B03
2162.46,90.23,9.56,41.48,5.5994,0.1322,2.2872,91.15,1673.1,1651.1,0.1336,0.1694,0.2102,0.4144,3,0,2900,210075859,15,20,B03
2162.61,90.24,9.69,43.35,5.123,0.1372,2.293,96,1673.25,1651.25,0.1671,0.1599,0.2109,0.438,3,0,2900,210075859,15,20,B03
2162.77,90.24,9.83,45.13,4.7292,0.1433,2.2966,96.06,1673.4,1651.4,0.1988,0.1523,0.213,0.4581,3,0,2900,210075859,15,20,B03
2162.92,90.25,9.96,46.89,4.3664,0.1497,2.3029,101.53,1673.54,1651.54,0.2301,0.1437,0.214,0.4824,3,0,2900,210075859,15,20,B03
2163.07,90.25,10.06,48.3,4.0124,0.1528,2.3121,103.95,1673.69,1651.69,0.2554,0.1343,0.2122,0.5166,3,0,2900,210075859,15,20,B03
2163.22,90.26,10,48.3,3.7031,0.1543,2.3343,103.37,1673.84,1651.84,0.2554,0.1261,0.2041,0.568,3,0,2900,210075859,15,20,B03
2163.38,90.26,9.88,47.68,3.4583,0.1528,2.361,103.18,1673.98,1651.98,0.2443,0.1183,0.1928,0.6298,3,0,2900,210075859,15,20,B03
2163.53,90.27,9.87,46.96,3.2718,0.1481,2.3599,96.12,1674.13,1652.13,0.2314,0.1205,0.1911,0.657,3,0,2900,210075859,15,20,B03
2163.68,90.27,9.96,45.94,3.1945,0.1423,2.3492,92.84,1674.28,1652.28,0.2133,0.1273,0.1924,0.6573,3,0,2900,210075859,15,20,B03
2163.83,90.28,10.04,44.6,3.1998,0.1402,2.3473,94.54,1674.42,1652.42,0.1894,0.134,0.1918,0.6515,3,0,2900,210075859,15,20,B03
2163.99,90.28,10.07,43.21,3.2273,0.1426,2.3586,95.25,1674.57,1652.57,0.1644,0.1377,0.1879,0.6542,3,0,2900,210075859,15,20,B03
2164.14,90.29,10.12,42.05,3.2567,0.1425,2.3658,97.19,1674.72,1652.72,0.1437,0.1407,0.1845,0.6555,3,0,2900,210075859,15,20,B03
2164.29,90.3,10.15,41.67,3.2861,0.1392,2.3745,99.79,1674.86,1652.86,0.1369,0.1379,0.1797,0.6684,3,0,2900,210075859,15,20,B03
2164.44,90.3,10.07,41.48,3.3155,0.138,2.386,98.83,1675.01,1653.01,0.1336,0.1341,0.1748,0.6837,3,0,2900,210075859,15,20,B03
2164.6,90.31,9.91,41.31,3.362,0.1415,2.3819,100.15,1675.15,1653.15,0.1305,0.1379,0.1777,0.665,3,0,2900,210075859,15,20,B03
2164.75,90.31,9.75,41.59,3.4927,0.1443,2.3506,93.21,1675.3,1653.3,0.1356,0.1494,0.1908,0.6042,3,0,2900,210075859,15,20,B03
2164.9,90.32,9.61,42.08,3.6246,0.1476,2.2908,86.97,1675.45,1653.45,0.1443,0.1716,0.2156,0.5212,3,0,2900,210075859,15,20,B03
2165.05,90.32,9.54,42.61,3.7834,0.1531,2.2232,81.54,1675.59,1653.59,0.1537,0.1795,0.2265,0.4846,2,0,2900,210075859,15,20,B03
2165.21,90.33,9.56,43.14,3.9857,0.1578,2.1754,79.84,1675.74,1653.74,0.1632,0.1849,0.2347,0.4543,2,0,2900,210075859,15,20,B03
2165.36,90.33,9.6,43.67,4.2237,0.16,2.1481,82.71,1675.89,1653.89,0.1727,0.1846,0.2373,0.4354,1,0,2900,210075859,15,20,B03
2165.51,90.34,9.63,44.2,4.4673,0.1584,2.1615,91.48,1676.03,1654.03,0.1821,0.1802,0.2358,0.425,1,0,2900,210075859,15,20,B03
2165.66,90.34,9.55,44.6,4.711,0.154,2.2029,100.25,1676.18,1654.18,0.1892,0.1705,0.2282,0.4265,2,0,2900,210075859,15,20,B03
2165.82,90.35,9.48,44.68,4.9768,0.1486,2.2129,109.02,1676.33,1654.33,0.1908,0.162,0.2202,0.4279,2,0,2900,210075859,15,20,B03
2165.97,90.35,9.44,44.55,5.3625,0.1422,2.168,117.74,1676.47,1654.47,0.1884,0.1535,0.2109,0.4267,2,0,2900,210075859,15,20,B03
2166.12,90.36,9.41,44.32,5.8187,0.1397,2.0853,123.31,1676.62,1654.62,0.1842,0.1526,0.2089,0.4092,1,0,2900,210075859,15,20,B03
2166.27,90.36,9.4,43.57,6.3673,0.1409,2.0037,116.17,1676.77,1654.77,0.1709,0.162,0.2142,0.3771,1,0,2900,210075859,15,20,B03
2166.42,90.37,9.39,42.13,6.956,0.1374,1.9555,109.2,1676.91,1654.91,0.1451,0.169,0.2133,0.3588,1,0,2900,210075859,15,20,B03
2166.58,90.37,9.38,40.56,7.7178,0.1271,1.9388,110.74,1677.06,1655.06,0.1171,0.1659,0.2016,0.357,1,0,2900,210075859,15,20,B03
2166.73,90.38,9.38,39.09,8.7143,0.1205,1.9504,122.69,1677.21,1655.21,0.091,0.1681,0.1959,0.3431,1,0,2900,210075859,15,20,B03
2166.88,90.38,9.38,37.92,9.4185,0.1197,1.9765,134.6,1677.35,1655.35,0.0701,0.1769,0.1983,0.3251,1,0,2900,210075859,15,20,B03
2167.03,90.39,9.38,36.87,9.8036,0.1189,1.9939,144.4,1677.5,1655.5,0.0512,0.1844,0.2,0.316,1,0,2900,210075859,15,20,B03
2167.19,90.4,9.37,35.86,10.0463,0.1168,2.0089,145.43,1677.65,1655.65,0.0333,0.189,0.1991,0.3137,1,0,2900,210075859,15,20,B03
2167.34,90.4,9.37,35.09,10.245,0.1134,2.0184,145.96,1677.79,1655.79,0.0195,0.1896,0.1955,0.3164,1,0,2900,210075859,15,20,B03
2168.1,90.43,9.37,34.69,10.7126,0.1091,2.0318,138.18,1678.52,1656.52,0.0124,0.1859,0.1897,0.3189,1,0,2900,210075859,15,20,B03
2168.25,90.43,9.39,35.22,10.7223,0.1098,2.0384,139.72,1678.67,1656.67,0.0218,0.1829,0.1896,0.3186,1,0,2900,210075859,15,20,B03
2168.41,90.44,9.4,35.62,10.7147,0.112,2.0278,141.24,1678.82,1656.82,0.029,0.1835,0.1924,0.3139,1,0,2900,210075859,15,20,B03
2168.56,90.44,9.43,35.99,10.6531,0.1146,1.9996,141.38,1678.96,1656.96,0.0355,0.1851,0.1959,0.3089,1,0,2900,210075859,15,20,B03
2168.71,90.45,9.46,36.34,10.4926,0.1149,1.989,142.25,1679.11,1657.11,0.0419,0.1826,0.1953,0.3121,1,0,2900,210075859,15,20,B03
2168.86,90.45,9.5,36.7,10.2343,0.1126,1.9988,143.42,1679.26,1657.26,0.0482,0.1757,0.1904,0.3242,1,0,2900,210075859,15,20,B03
2169.02,90.46,9.54,37.06,9.838,0.1115,2.0209,145,1679.4,1657.4,0.0546,0.1704,0.1871,0.3368,1,0,2900,210075859,15,20,B03
2169.17,90.46,9.66,37.41,9.2274,0.1148,2.0509,146.65,1679.55,1657.55,0.0609,0.1722,0.1908,0.3419,1,0,2900,210075859,15,20,B03
2169.32,90.47,9.92,38.1,8.2198,0.1182,2.087,146.26,1679.7,1657.7,0.0732,0.1709,0.1933,0.3596,1,0,2900,210075859,15,20,B03
2169.47,90.47,10.29,39.44,6.8006,0.1216,2.111,144.26,1679.84,1657.84,0.0971,0.1632,0.1929,0.4015,1,0,2900,210075859,15,20,B03
2169.63,90.48,10.44,41.14,5.4884,0.1242,2.1431,140.16,1679.99,1657.99,0.1275,0.1509,0.1898,0.4645,1,0,2900,210075859,15,20,B03
2169.78,90.48,10.5,42.9,4.5182,0.1276,2.1882,139.32,1680.14,1658.14,0.1589,0.1391,0.1876,0.5326,2,0,2900,210075859,15,20,B03
2169.93,90.49,10.53,44.65,3.778,0.1372,2.255,139.11,1680.28,1658.28,0.1902,0.1382,0.1963,0.5729,2,0,2900,210075859,15,20,B03
2170.08,90.5,10.56,46.41,3.0883,0.1567,2.3321,137.13,1680.43,1658.43,0.2216,0.1376,0.2052,0.6274,3,0,2900,210075859,15,20,B03
2170.23,90.5,10.56,48.17,2.5091,0.1812,2.3509,128.7,1680.58,1658.58,0.2529,0.1308,0.208,0.7169,3,0,2900,210075859,15,20,B03
2170.39,90.51,10.55,49.57,2.107,0.1993,2.33,120.26,1680.72,1658.72,0.2781,0.1385,0.2234,0.7486,3,0,2900,210075859,15,20,B03
2170.54,90.51,10.55,50.33,1.8777,0.202,2.3109,111.43,1680.87,1658.87,0.2917,0.1436,0.2327,0.7741,3,0,2900,210075859,15,20,B03
2170.69,90.52,10.55,50.88,1.7085,0.193,2.3344,103.68,1681.01,1659.01,0.3015,0.1286,0.2206,0.8831,3,0,2900,210075859,15,20,B03
2171.3,90.54,10.16,49.3,1.8754,0.1743,2.353,95,1681.6,1659.6,0.2732,0.1223,0.2057,0.887,3,0,2900,210075859,15,20,B03
2171.45,90.54,10.01,48.72,2.0197,0.1866,2.3163,97.58,1681.75,1659.75,0.2628,0.1441,0.2243,0.7572,3,0,2900,210075859,15,20,B03
2171.61,90.55,9.9,48.63,2.2204,0.1814,2.2967,98.95,1681.89,1659.89,0.2612,0.1504,0.2301,0.692,3,0,2900,210075859,15,20,B03
2171.76,90.55,9.75,48.63,2.5176,0.1722,2.2873,102.69,1682.04,1660.04,0.2613,0.1507,0.2304,0.639,3,0,2900,210075859,15,20,B03
2171.91,90.56,9.67,48.6,2.8445,0.1738,2.2809,106.25,1682.19,1660.19,0.2608,0.1538,0.2334,0.5831,2,0,2900,210075859,15,20,B03
2172.06,90.56,9.63,47.05,3.3049,0.1773,2.2705,105.07,1682.33,1660.33,0.2331,0.1666,0.2378,0.5141,2,0,2900,210075859,15,20,B03
2172.22,90.57,9.6,45.2,3.8605,0.1767,2.2367,104.27,1682.48,1660.48,0.2001,0.189,0.25,0.4378,2,0,2900,210075859,15,20,B03
2172.37,90.57,9.55,43.37,4.453,0.1698,2.1904,104.88,1682.63,1660.63,0.1674,0.2143,0.2654,0.3743,2,0,2900,210075859,15,20,B03
2172.52,90.58,9.48,41.88,5.0499,0.1654,2.1399,105.55,1682.77,1660.77,0.1407,0.2124,0.2553,0.36,1,0,2900,210075859,15,20,B03
2172.67,90.59,9.44,40.56,5.6404,0.1619,2.0997,104.78,1682.92,1660.92,0.1172,0.218,0.2537,0.3387,1,0,2900,210075859,15,20,B03
2172.83,90.59,9.42,39.28,6.1689,0.1564,2.0992,105.59,1683.07,1661.07,0.0943,0.2203,0.2491,0.3269,1,0,2900,210075859,15,20,B03
2172.98,90.6,9.42,38.16,6.5076,0.1524,2.116,108.83,1683.21,1661.21,0.0742,0.2234,0.246,0.3204,1,0,2900,210075859,15,20,B03
2173.13,90.6,9.44,37.21,6.6112,0.1525,2.1272,115.19,1683.36,1661.36,0.0573,0.2323,0.2497,0.312,1,0,2900,210075859,15,20,B03
2173.28,90.61,9.45,36.32,6.4457,0.1509,2.1316,116.49,1683.5,1661.5,0.0414,0.2359,0.2485,0.3167,1,0,2900,210075859,15,20,B03
2173.44,90.61,9.47,35.76,6.0625,0.1505,2.1274,117.47,1683.65,1661.65,0.0313,0.2385,0.2481,0.3267,1,0,2900,210075859,15,20,B03
2173.59,90.62,9.49,35.99,5.5878,0.1502,2.1129,114.95,1683.8,1661.8,0.0355,0.2335,0.2444,0.3464,1,0,2900,210075859,15,20,B03
2173.74,90.62,9.51,36.36,5.107,0.1538,2.0962,114.18,1683.94,1661.94,0.0422,0.2349,0.2478,0.3586,1,0,2900,210075859,15,20,B03
2173.89,90.63,9.57,37.03,4.6631,0.1601,2.1021,114.23,1684.09,1662.09,0.0541,0.2383,0.2548,0.367,1,0,2900,210075859,15,20,B03
2174.04,90.63,9.61,38.76,4.2858,0.1634,2.1176,115.52,1684.24,1662.24,0.0849,0.2286,0.2545,0.3886,1,0,2900,210075859,15,20,B03
2174.2,90.64,9.63,40.78,4.0008,0.1651,2.1414,118.22,1684.38,1662.38,0.1211,0.2156,0.2525,0.4124,1,0,2900,210075859,15,20,B03
2174.35,90.64,9.63,42.36,3.7687,0.1646,2.2028,121.78,1684.53,1662.53,0.1493,0.2003,0.2458,0.4436,2,0,2900,210075859,15,20,B03
2174.5,90.65,9.64,42.38,3.5997,0.1567,2.256,118.79,1684.68,1662.68,0.1496,0.1876,0.2333,0.4815,2,0,2900,210075859,15,20,B03
2174.65,90.65,9.65,41.41,3.5152,0.1497,2.3032,115.33,1684.82,1662.82,0.1323,0.1709,0.2113,0.5381,3,0,2900,210075859,15,20,B03
2174.81,90.66,9.66,40.37,3.5146,0.1426,2.3338,110.39,1684.97,1662.97,0.1138,0.1613,0.196,0.5771,3,0,2900,210075859,15,20,B03
2174.96,90.66,9.68,39.64,3.5891,0.14,2.3482,103.94,1685.12,1663.12,0.1007,0.1584,0.1891,0.5881,3,0,2900,210075859,15,20,B03
2175.11,90.67,9.8,39.22,3.7611,0.1403,2.3529,102.96,1685.26,1663.26,0.0932,0.1588,0.1872,0.5766,3,0,2900,210075859,15,20,B03
2175.26,90.67,9.85,38.83,4.1203,0.1367,2.3591,102.88,1685.41,1663.41,0.0863,0.1568,0.1832,0.5589,3,0,2900,210075859,15,20,B03
2175.42,90.68,9.79,38.05,4.6851,0.1264,2.3801,101.07,1685.56,1663.56,0.0723,0.1485,0.1706,0.5568,3,0,2900,210075859,15,20,B03
2175.57,90.69,9.62,36.67,5.0262,0.1166,2.3835,94.4,1685.7,1663.7,0.0476,0.15,0.1645,0.5497,3,0,2900,210075859,15,20,B03
2175.72,90.69,9.51,35.19,5.4271,0.1245,2.3096,87.01,1685.85,1663.85,0.0212,0.1887,0.1952,0.4389,3,0,2900,210075859,15,20,B03
2176.18,90.71,9.45,34.61,6.0217,0.1477,2.1363,68.82,1686.29,1664.29,0.0109,0.2425,0.2459,0.3289,1,0,2900,210075859,15,20,B03
2176.33,90.71,9.45,35.03,6.1129,0.1493,2.1334,82.36,1686.43,1664.43,0.0184,0.2422,0.2478,0.3244,1,0,2900,210075859,15,20,B03
2176.48,90.72,9.46,35.53,6.2227,0.1502,2.142,95.9,1686.58,1664.58,0.0273,0.24,0.2483,0.3215,1,0,2900,210075859,15,20,B03
2176.64,90.72,9.47,36.09,6.3885,0.1504,2.1541,109.26,1686.73,1664.73,0.0373,0.2363,0.2477,0.3188,1,0,2900,210075859,15,20,B03
2176.79,90.73,9.48,36.51,6.6423,0.147,2.1593,114.25,1686.87,1664.87,0.0449,0.2282,0.2419,0.3204,1,0,2900,210075859,15,20,B03
2176.94,90.73,9.49,36.31,7.0566,0.1465,2.1432,114.19,1687.02,1665.02,0.0413,0.2302,0.2428,0.3091,1,0,2900,210075859,15,20,B03
2177.09,90.74,9.47,35.64,7.593,0.153,2.1199,111.21,1687.17,1665.17,0.0293,0.2474,0.2564,0.2812,1,0,2900,210075859,15,20,B03
2177.25,90.74,9.45,34.91,7.9282,0.157,2.1101,113.07,1687.31,1665.31,0.0162,0.2604,0.2653,0.2653,1,0,2900,210075859,15,20,B03
2177.4,90.75,9.47,34.92,7.898,0.1608,2.1104,111.11,1687.46,1665.46,0.0164,0.266,0.271,0.2602,1,0,2900,210075859,15,20,B03
2177.55,90.75,9.51,35.55,7.4731,0.1577,2.1144,111.07,1687.61,1665.61,0.0276,0.2556,0.264,0.2752,1,0,2900,210075859,15,20,B03
2177.7,90.76,9.57,36.29,6.712,0.1541,2.1351,107.93,1687.75,1665.75,0.0409,0.2419,0.2544,0.3026,1,0,2900,210075859,15,20,B03
2177.85,90.76,9.62,36.97,5.8806,0.1537,2.1793,109.56,1687.9,1665.9,0.053,0.243,0.2592,0.3191,2,0,2900,210075859,15,20,B03
2178.01,90.77,9.63,37.56,5.2495,0.1535,2.2171,116.17,1688.05,1666.05,0.0636,0.2249,0.2443,0.3608,2,0,2900,210075859,15,20,B03
2178.16,90.77,9.63,38.12,4.9186,0.1554,2.2454,122.63,1688.19,1666.19,0.0737,0.2117,0.2341,0.3914,2,0,2900,210075859,15,20,B03
2178.31,90.78,9.63,38.73,4.6728,0.1597,2.2641,123.12,1688.34,1666.34,0.0844,0.2029,0.2287,0.4138,2,0,2900,210075859,15,20,B03
2178.46,90.79,9.61,39.43,4.3779,0.1644,2.2657,117.65,1688.49,1666.49,0.097,0.2007,0.2303,0.4278,2,0,2900,210075859,15,20,B03
2178.62,90.79,9.59,40.17,4.1627,0.164,2.2383,109.64,1688.63,1666.63,0.1102,0.208,0.2416,0.4205,2,0,2900,210075859,15,20,B03
2178.77,90.8,9.6,40.83,3.9674,0.1612,2.1901,104.82,1688.78,1666.78,0.1219,0.2081,0.2453,0.427,2,0,2900,210075859,15,20,B03
2178.92,90.8,9.63,40.51,3.7954,0.159,2.1604,105.28,1688.92,1666.92,0.1163,0.2066,0.2421,0.4426,1,0,2900,210075859,15,20,B03
2179.07,90.81,9.66,39.81,3.7123,0.1555,2.1506,109.16,1689.07,1667.07,0.1037,0.2047,0.2364,0.4569,1,0,2900,210075859,15,20,B03
2179.23,90.81,9.66,39.07,3.704,0.1541,2.1544,112.15,1689.22,1667.22,0.0906,0.2093,0.2369,0.4535,1,0,2900,210075859,15,20,B03
2179.38,90.82,9.66,38.23,3.8419,0.1548,2.1761,115.08,1689.36,1667.36,0.0755,0.217,0.24,0.4356,2,0,2900,210075859,15,20,B03
2179.53,90.82,9.65,37.32,4.1687,0.1517,2.2077,115.66,1689.51,1667.51,0.0592,0.2295,0.2476,0.4012,2,0,2900,210075859,15,20,B03
2179.68,90.83,9.64,36.4,4.71,0.1417,2.2527,121.08,1689.66,1667.66,0.0428,0.212,0.225,0.4121,2,0,2900,210075859,15,20,B03
2179.84,90.83,9.62,35.78,5.4298,0.1315,2.2814,118.2,1689.8,1667.8,0.0318,0.1996,0.2093,0.4102,3,0,2900,210075859,15,20,B03
2179.99,90.84,9.58,35.53,6.6382,0.1217,2.2858,116.88,1689.95,1667.95,0.0272,0.1949,0.2032,0.3803,3,0,2900,210075859,15,20,B03
2180.14,90.84,9.55,35.34,8.8338,0.1108,2.2323,112,1690.1,1668.1,0.024,0.1816,0.1889,0.3527,2,0,2900,210075859,15,20,B03
2180.29,90.85,9.55,35.2,11.7872,0.1071,2.1511,100.55,1690.24,1668.24,0.0215,0.1796,0.1861,0.3083,1,0,2900,210075859,15,20,B03
2180.45,90.85,9.62,35.18,14.8572,0.1098,2.0674,97.83,1690.39,1668.39,0.0211,0.1871,0.1936,0.2629,1,0,2900,210075859,15,20,B03
2180.6,90.86,9.7,35.19,18.0604,0.1162,2.0266,91.28,1690.54,1668.54,0.0212,0.2001,0.2066,0.2227,1,0,2900,210075859,15,20,B03
2180.75,90.86,9.73,35.15,21.6829,0.1262,2.0175,90.2,1690.68,1668.68,0.0206,0.2189,0.2251,0.186,1,0,2900,210075859,15,20,B03
2182.58,90.93,10.59,36.35,21.9433,0.2083,1.9589,144.99,1692.44,1670.44,0.042,0.354,0.3668,0.113,1,1,2900,210075859,15,20,B03
2182.73,90.93,10.36,37.67,21.6295,0.2114,1.9663,143.1,1692.59,1670.59,0.0655,0.3459,0.3659,0.1129,1,1,2900,210075859,15,20,B03
2182.88,90.94,10.26,37.48,19.169,0.1974,1.9671,142.21,1692.73,1670.73,0.0622,0.3177,0.3366,0.1309,1,1,2900,210075859,15,20,B03
2183.04,90.94,10.26,36.79,16.3838,0.1817,1.9637,146.74,1692.88,1670.88,0.0499,0.2955,0.3107,0.1548,1,1,2900,210075859,15,20,B03
2183.19,90.95,10.27,36.18,14.3643,0.1763,1.9632,150.43,1693.03,1671.03,0.0389,0.2896,0.3015,0.1715,1,1,2900,210075859,15,20,B03
2183.34,90.95,10.21,35.92,14.5254,0.1828,1.977,149.42,1693.17,1671.17,0.0342,0.3024,0.3128,0.1645,1,1,2900,210075859,15,20,B03
2183.49,90.96,10.08,35.89,15.4538,0.1893,1.9926,147.29,1693.32,1671.32,0.0337,0.3153,0.3256,0.1531,1,1,2900,210075859,15,20,B03
2183.65,90.96,9.86,35.91,16.1591,0.1872,2.0071,146.45,1693.46,1671.46,0.034,0.3121,0.3225,0.151,1,1,2900,210075859,15,20,B03
2183.8,90.97,9.71,36,17.0722,0.1665,2.037,146.92,1693.61,1671.61,0.0358,0.2767,0.2876,0.1642,1,1,2900,210075859,15,20,B03
2183.95,90.98,9.62,36.18,18.3351,0.1348,2.0321,147.12,1693.76,1671.76,0.0389,0.2236,0.2355,0.1922,1,1,2900,210075859,15,20,B03
2184.1,90.98,9.56,36.37,20.0957,0.1127,1.9993,145.01,1693.9,1671.9,0.0423,0.186,0.1989,0.2151,1,0,2900,210075859,15,20,B03
2184.26,90.99,9.56,36.12,22.7049,0.104,1.9542,137.26,1694.05,1672.05,0.0378,0.1743,0.1859,0.2155,1,0,2900,210075859,15,20,B03
2184.41,90.99,9.57,35.29,24.7711,0.1063,1.9056,129.5,1694.2,1672.2,0.023,0.1856,0.1927,0.2016,1,0,2900,210075859,15,20,B03
2185.02,91.01,9.7,34.71,14.7595,0.1259,1.9826,138.07,1694.78,1672.78,0.0126,0.2179,0.2218,0.2309,1,0,2900,210075859,15,20,B03
2185.17,91.02,9.74,35.19,12.0901,0.1287,2.0112,137.38,1694.93,1672.93,0.0212,0.2165,0.223,0.2539,1,0,2900,210075859,15,20,B03
2185.32,91.02,9.73,35.49,11.3245,0.1295,2.0844,138.56,1695.08,1673.08,0.0267,0.2144,0.2226,0.263,1,0,2900,210075859,15,20,B03
2185.47,91.03,9.65,35.7,11.4297,0.1299,2.1027,139.42,1695.22,1673.22,0.0304,0.2137,0.223,0.2611,1,0,2900,210075859,15,20,B03
2185.63,91.03,9.57,35.81,12.6666,0.1285,2.0828,136.71,1695.37,1673.37,0.0324,0.2118,0.2217,0.2487,1,0,2900,210075859,15,20,B03
2185.78,91.04,9.53,35.44,14.7345,0.121,2.0456,131.62,1695.51,1673.51,0.0257,0.2042,0.2121,0.2406,1,0,2900,210075859,15,20,B03
2185.93,91.04,9.52,34.74,17.4149,0.1098,2.0002,122.12,1695.66,1673.66,0.0132,0.1924,0.1964,0.2393,1,0,2900,210075859,15,20,B03
2187.15,91.09,9.8,35.6,5.8007,0.2111,2.0152,147.67,1696.83,1674.83,0.0286,0.3362,0.3449,0.2391,1,0,2900,210075859,15,20,B03
2187.3,91.09,9.73,39.26,4.3104,0.2235,2.0648,149.06,1696.98,1674.98,0.0939,0.3031,0.3318,0.2951,1,0,2900,210075859,15,20,B03
2187.46,91.1,9.74,43.66,3.3017,0.2169,2.1091,150.17,1697.12,1675.12,0.1724,0.2628,0.3154,0.3692,1,0,2900,210075859,15,20,B03
2187.61,91.1,9.77,48.02,2.707,0.2015,2.1303,148.57,1697.27,1675.27,0.2503,0.2091,0.2855,0.4763,1,0,2900,210075859,15,20,B03
2187.76,91.11,9.79,49.83,2.3446,0.1935,2.1695,145.4,1697.42,1675.42,0.2827,0.1775,0.2637,0.5774,2,0,2900,210075859,15,20,B03
2187.91,91.11,9.8,50.82,2.1493,0.1951,2.2222,141.15,1697.56,1675.56,0.3003,0.1755,0.2672,0.6058,2,0,2900,210075859,15,20,B03
2188.07,91.12,9.81,51.75,2.0304,0.1955,2.2396,137.23,1697.71,1675.71,0.317,0.164,0.2607,0.6522,2,0,2900,210075859,15,20,B03
2188.22,91.12,9.81,52.46,2.0234,0.1909,2.2256,132.17,1697.86,1675.86,0.3297,0.1485,0.2491,0.6953,2,0,2900,210075859,15,20,B03
2188.37,91.13,9.82,53.05,2.1142,0.1905,2.2157,118.64,1698,1676,0.3401,0.1451,0.2488,0.6807,2,0,2900,210075859,15,20,B03
2188.52,91.13,9.8,53.61,2.3035,0.194,2.2168,116.62,1698.15,1676.15,0.3501,0.1486,0.2554,0.6272,2,0,2900,210075859,15,20,B03
2188.68,91.14,9.74,53.24,2.4999,0.1903,2.2031,117.67,1698.3,1676.3,0.3436,0.1479,0.2527,0.5996,2,0,2900,210075859,15,20,B03
2188.83,91.14,9.72,51.76,2.6544,0.1786,2.1792,115.87,1698.44,1676.44,0.3171,0.1427,0.2395,0.6059,2,0,2900,210075859,15,20,B03
2188.98,91.15,9.73,50.04,2.7796,0.1727,2.1619,116.72,1698.59,1676.59,0.2864,0.1466,0.2339,0.5956,1,0,2900,210075859,15,20,B03
2189.13,91.15,9.78,48.61,2.9512,0.174,2.1471,115.59,1698.74,1676.74,0.261,0.1609,0.2406,0.5496,1,0,2900,210075859,15,20,B03
2189.28,91.16,9.83,48.55,3.2503,0.1783,2.155,113.52,1698.88,1676.88,0.2597,0.1719,0.2512,0.493,1,0,2900,210075859,15,20,B03
2189.44,91.17,9.84,49,3.5825,0.1795,2.1995,115.48,1699.03,1677.03,0.2679,0.1719,0.2537,0.46,2,0,2900,210075859,15,20,B03
2189.59,91.17,9.85,49.53,3.747,0.1735,2.2425,120.33,1699.17,1677.17,0.2773,0.1646,0.2492,0.4566,2,0,2900,210075859,15,20,B03
2189.74,91.18,9.86,50.33,3.7752,0.1642,2.2763,118.89,1699.32,1677.32,0.2916,0.1432,0.2322,0.4913,2,0,2900,210075859,15,20,B03
2189.89,91.18,9.9,51.33,3.7776,0.1534,2.2975,118.5,1699.47,1677.47,0.3094,0.1123,0.2068,0.5545,3,0,2900,210075859,15,20,B03
2190.05,91.19,9.94,52.38,3.8144,0.1471,2.3239,115.45,1699.61,1677.61,0.3281,0.0948,0.1949,0.5826,3,0,2900,210075859,15,20,B03
2190.2,91.19,9.97,52.82,3.9407,0.1475,2.3611,103.68,1699.76,1677.76,0.3362,0.0897,0.1923,0.5741,3,0,2900,210075859,15,20,B03
2190.35,91.2,9.97,52.34,4.1129,0.1516,2.3968,102.28,1699.91,1677.91,0.3276,0.0803,0.1802,0.5893,3,0,2900,210075859,15,20,B03
2190.5,91.2,9.96,51.37,4.3521,0.1546,2.407,101.24,1700.05,1678.05,0.3102,0.0825,0.1772,0.5757,3,0,2900,210075859,15,20,B03
2190.66,91.21,9.93,50.17,4.605,0.1553,2.3964,97.03,1700.2,1678.2,0.2887,0.0929,0.181,0.545,3,0,2900,210075859,15,20,B03
2190.81,91.21,9.88,48.41,4.8529,0.1553,2.3587,94.42,1700.35,1678.35,0.2574,0.1162,0.1947,0.4925,3,0,2900,210075859,15,20,B03
2190.96,91.22,9.85,46.08,5.1013,0.1531,2.3219,92.66,1700.49,1678.49,0.2158,0.1413,0.2072,0.4481,3,0,2900,210075859,15,20,B03
2191.11,91.22,9.82,43.65,5.4816,0.1509,2.2924,91.47,1700.64,1678.64,0.1724,0.1641,0.2167,0.4075,3,0,2900,210075859,15,20,B03
2191.27,91.23,9.79,41.3,5.9063,0.1466,2.2912,92.13,1700.78,1678.78,0.1304,0.1744,0.2142,0.392,3,0,2900,210075859,15,20,B03
2191.42,91.23,9.76,39.17,6.4785,0.1401,2.2816,91.97,1700.93,1678.93,0.0924,0.1861,0.2143,0.3695,3,0,2900,210075859,15,20,B03
2191.57,91.24,9.73,37.09,7.0799,0.1351,2.2659,91.43,1701.08,1679.08,0.0552,0.2005,0.2173,0.345,3,0,2900,210075859,15,20,B03
2191.72,91.24,9.71,35.07,7.6728,0.1293,2.2791,89.34,1701.22,1679.22,0.0191,0.2028,0.2086,0.3425,3,0,2900,210075859,15,20,B03
2193.25,91.3,9.77,34.99,11.0914,0.0954,2.5633,75.77,1702.69,1680.69,0.0176,0.0954,0.1008,0.5854,4,0,2900,210075859,15,20,B03
2193.4,91.3,9.84,35.34,11.7178,0.0938,2.5552,74.09,1702.83,1680.83,0.0239,0.0933,0.1005,0.5684,4,0,2900,210075859,15,20,B03
2193.55,91.31,9.87,35.12,12.4404,0.0898,2.5642,74.07,1702.98,1680.98,0.02,0.0898,0.0959,0.5779,4,0,2900,210075859,15,20,B03
2193.7,91.31,9.9,34.78,13.4814,0.0783,2.5815,74.53,1703.13,1681.13,0.014,0.0787,0.083,0.6413,4,0,2900,210075859,15,20,B03
2197.06,91.43,10.88,34.86,5.2997,0.0688,2.4967,93.71,1706.35,1684.35,0.0461,0.0869,0.1009,0.8778,4,0,2900,210075859,15,20,B03
2197.36,91.44,10.54,38.96,3.54,0.1223,2.5582,78.51,1706.64,1684.64,0.1123,0.0835,0.1178,0.9887,4,0,2900,210075859,15,20,B03
2197.51,91.44,10.48,41.1,3.1226,0.1546,2.5252,69.27,1706.79,1684.79,0.1467,0.1047,0.1494,0.8442,4,0,2900,210075859,15,20,B03
2197.67,91.45,10.41,42.98,2.8531,0.1691,2.4746,64.08,1706.93,1684.93,0.1771,0.1142,0.1683,0.7987,3,0,2900,210075859,15,20,B03
2197.82,91.45,10.26,44.6,2.7835,0.1673,2.4191,67.79,1707.08,1685.08,0.2032,0.1135,0.1755,0.7869,3,0,2900,210075859,15,20,B03
2197.97,91.46,10.17,46.09,2.8041,0.1555,2.4201,75.52,1707.22,1685.22,0.2273,0.1018,0.1712,0.8165,3,0,2900,210075859,15,20,B03
2198.12,91.47,10.19,47.19,2.7912,0.1436,2.4574,75.34,1707.37,1685.37,0.245,0.0783,0.1531,0.9345,3,0,2900,210075859,15,20,B03
